t,cu
2021-12-31T22:45-07:00,16.52892561983471
2021-12-31T23:00-07:00,13.91304347826087
2021-12-31T23:15-07:00,16.763848396501462
2021-12-31T23:30-07:00,13.157894736842104
2021-12-31T23:45-07:00,15.988372093023251
2022-01-01T00:00-07:00,11.856474258970364
2022-01-01T00:15-07:00,21.633888048411492
2022-01-01T00:30-07:00,10.128388017118398
2022-01-01T00:45-07:00,9.63302752293578
2022-01-01T01:00-07:00,16.916167664670656
2022-01-01T01:15-07:00,18.71428571428571
2022-01-01T01:30-07:00,11.188811188811185
2022-01-01T01:45-07:00,12.285714285714281
2022-01-01T02:00-07:00,11.46788990825688
2022-01-01T02:15-07:00,14.871016691957507
2022-01-01T02:30-07:00,5.240174672489083
2022-01-01T02:45-07:00,13.76404494382022
2022-01-01T03:00-07:00,10.454545454545455
2022-01-01T03:15-07:00,12.88888888888889
2022-01-01T03:30-07:00,14.224137931034482
2022-01-01T03:45-07:00,8.739255014326652
2022-01-01T04:00-07:00,18.75
2022-01-01T04:15-07:00,13.761467889908257
2022-01-01T04:30-07:00,11.383285302593665
2022-01-01T04:45-07:00,15.948275862068966
2022-01-01T05:00-07:00,19.46107784431138
2022-01-01T05:15-07:00,14.179104477611935
2022-01-01T05:30-07:00,14.804469273743022
2022-01-01T05:45-07:00,9.9236641221374
2022-01-01T06:00-07:00,19.004524886877828
2022-01-01T06:15-07:00,10.31207598371778
2022-01-01T06:30-07:00,14.008321775312062
2022-01-01T06:45-07:00,14.285714285714281
2022-01-01T07:00-07:00,12.386706948640489
2022-01-01T07:15-07:00,11.331444759206795
2022-01-01T07:30-07:00,5.697151424287851
2022-01-01T07:45-07:00,16.363636363636363
2022-01-01T08:00-07:00,14.577259475218664
2022-01-01T08:15-07:00,11.764705882352942
2022-01-01T08:30-07:00,18.88412017167382
2022-01-01T08:45-07:00,15.076923076923073
2022-01-01T09:00-07:00,10.572687224669604
2022-01-01T09:15-07:00,10.16483516483516
2022-01-01T09:30-07:00,12.195121951219507
2022-01-01T09:45-07:00,17.977528089887638
2022-01-01T10:00-07:00,7.659574468085107
2022-01-01T10:15-07:00,15.552325581395344
2022-01-01T10:30-07:00,9.051094890510944
2022-01-01T10:45-07:00,18.604651162790695
2022-01-01T11:00-07:00,9.871244635193133
2022-01-01T11:15-07:00,15.988372093023251
2022-01-01T11:30-07:00,17.397881996974284
2022-01-01T11:45-07:00,18.07580174927114
2022-01-01T12:00-07:00,12.981455064194014
2022-01-01T12:15-07:00,13.609467455621296
2022-01-01T12:30-07:00,13.609467455621296
2022-01-01T12:45-07:00,9.090909090909092
2022-01-01T13:00-07:00,8.823529411764707
2022-01-01T13:15-07:00,12.098009188361415
2022-01-01T13:30-07:00,14.537444933920705
2022-01-01T13:45-07:00,6.896551724137927
2022-01-01T14:00-07:00,14.035087719298245
2022-01-01T14:15-07:00,11.340206185567006
2022-01-01T14:30-07:00,15.351506456241028
2022-01-01T14:45-07:00,10.256410256410257
2022-01-01T15:00-07:00,16.317991631799163
2022-01-01T15:15-07:00,16.465256797583088
2022-01-01T15:30-07:00,13.946587537091993
2022-01-01T15:45-07:00,16.71348314606741
2022-01-01T16:00-07:00,18.502202643171806
2022-01-01T16:15-07:00,12.099125364431483
2022-01-01T16:30-07:00,21.54065620542083
2022-01-01T16:45-07:00,10.66282420749279
2022-01-01T17:00-07:00,15.316642120765827
2022-01-01T17:15-07:00,8.928571428571429
2022-01-01T17:30-07:00,18.23529411764706
2022-01-01T17:45-07:00,9.436619718309863
2022-01-01T18:00-07:00,12.382234185733509
2022-01-01T18:15-07:00,11.798561151079141
2022-01-01T18:30-07:00,12.269938650306743
2022-01-01T18:45-07:00,8.786610878661088
2022-01-01T19:00-07:00,6.1946902654867255
2022-01-01T19:15-07:00,20.675105485232066
2022-01-01T19:30-07:00,14.913657770800622
2022-01-01T19:45-07:00,8.977900552486183
2022-01-01T20:00-07:00,12.97071129707113
2022-01-01T20:15-07:00,15.486725663716815
2022-01-01T20:30-07:00,12.859304084720126
2022-01-01T20:45-07:00,9.447674418604645
2022-01-01T21:00-07:00,16.465256797583088
2022-01-01T21:15-07:00,15.486725663716815
2022-01-01T21:30-07:00,16.129032258064516
2022-01-01T21:45-07:00,12.8
2022-01-01T22:00-07:00,16.335877862595414
2022-01-01T22:15-07:00,14.626865671641786
2022-01-01T22:30-07:00,12.60623229461756
2022-01-01T22:45-07:00,10.458452722063042
2022-01-01T23:00-07:00,18.825301204819272
2022-01-01T23:15-07:00,17.53554502369668
2022-01-01T23:30-07:00,8.48920863309352
2022-01-01T23:45-07:00,19.280575539568343
2022-01-02T00:00-07:00,16.31736526946108
2022-01-02T00:15-07:00,13.237410071942442
2022-01-02T00:30-07:00,12.554112554112555
2022-01-02T00:45-07:00,14.820592823712945
2022-01-02T01:00-07:00,17.79411764705883
2022-01-02T01:15-07:00,11.175616835994191
2022-01-02T01:30-07:00,13.649025069637878
2022-01-02T01:45-07:00,14.432989690721644
2022-01-02T02:00-07:00,17.967599410898373
2022-01-02T02:15-07:00,5.75842696629213
2022-01-02T02:30-07:00,10.480349344978166
2022-01-02T02:45-07:00,19.14285714285714
2022-01-02T03:00-07:00,17.903930131004365
2022-01-02T03:15-07:00,9.623430962343097
2022-01-02T03:30-07:00,19.81845688350983
2022-01-02T03:45-07:00,15.909090909090908
2022-01-02T04:00-07:00,12.55115961800818
2022-01-02T04:15-07:00,10.719322990126944
2022-01-02T04:30-07:00,17.180616740088105
2022-01-02T04:45-07:00,13.063063063063064
2022-01-02T05:00-07:00,12.408759124087595
2022-01-02T05:15-07:00,13.108108108108112
2022-01-02T05:30-07:00,15.773353751914248
2022-01-02T05:45-07:00,18.194842406876795
2022-01-02T06:00-07:00,10.895522388059705
2022-01-02T06:15-07:00,16.26591230551627
2022-01-02T06:30-07:00,13.852813852813853
2022-01-02T06:45-07:00,3.94366197183099
2022-01-02T07:00-07:00,11.344537815126051
2022-01-02T07:15-07:00,21.374045801526712
2022-01-02T07:30-07:00,13.973799126637555
2022-01-02T07:45-07:00,9.598853868194848
2022-01-02T08:00-07:00,6.629055007052181
2022-01-02T08:15-07:00,16.11510791366907
2022-01-02T08:30-07:00,10.99855282199711
2022-01-02T08:45-07:00,9.167842031029615
2022-01-02T09:00-07:00,12.499999999999995
2022-01-02T09:15-07:00,13.670133729569088
2022-01-02T09:30-07:00,8.526011560693638
2022-01-02T09:45-07:00,7.496251874062963
2022-01-02T10:00-07:00,15.727002967359056
2022-01-02T10:15-07:00,15.417867435158497
2022-01-02T10:30-07:00,13.877551020408163
2022-01-02T10:45-07:00,11.143270622286536
2022-01-02T11:00-07:00,17.134831460674153
2022-01-02T11:15-07:00,18.025751072961373
2022-01-02T11:30-07:00,12.173913043478262
2022-01-02T11:45-07:00,8.806818181818178
2022-01-02T12:00-07:00,13.793103448275861
2022-01-02T12:15-07:00,13.478260869565217
2022-01-02T12:30-07:00,10.970464135021096
2022-01-02T12:45-07:00,12.031249999999995
2022-01-02T13:00-07:00,16.496350364963497
2022-01-02T13:15-07:00,13.824884792626728
2022-01-02T13:30-07:00,13.53591160220994
2022-01-02T13:45-07:00,6.571428571428576
2022-01-02T14:00-07:00,20.184899845916792
2022-01-02T14:15-07:00,12.875536480686696
2022-01-02T14:30-07:00,10.92436974789916
2022-01-02T14:45-07:00,11.297071129707113
2022-01-02T15:00-07:00,11.214953271028037
2022-01-02T15:15-07:00,16.01208459214502
2022-01-02T15:30-07:00,10.36339165545087
2022-01-02T15:45-07:00,20.670391061452516
2022-01-02T16:00-07:00,6.0563380281690185
2022-01-02T16:15-07:00,13.656387665198238
2022-01-02T16:30-07:00,14.351145038167942
2022-01-02T16:45-07:00,9.640287769784178
2022-01-02T17:00-07:00,14.372163388804836
2022-01-02T17:15-07:00,16.11510791366907
2022-01-02T17:30-07:00,15.350877192982455
2022-01-02T17:45-07:00,10.152990264255916
2022-01-02T18:00-07:00,11.63859111791731
2022-01-02T18:15-07:00,17.556179775280896
2022-01-02T18:30-07:00,10.260336906584998
2022-01-02T18:45-07:00,9.623430962343097
2022-01-02T19:00-07:00,12.785388127853881
2022-01-02T19:15-07:00,19.166666666666668
2022-01-02T19:30-07:00,17.14697406340057
2022-01-02T19:45-07:00,9.205020920502092
2022-01-02T20:00-07:00,12.835820895522383
2022-01-02T20:15-07:00,13.596491228070175
2022-01-02T20:30-07:00,11.617647058823534
2022-01-02T20:45-07:00,10.66282420749279
2022-01-02T21:00-07:00,13.589364844903985
2022-01-02T21:15-07:00,16.10942249240122
2022-01-02T21:30-07:00,13.323983169705466
2022-01-02T21:45-07:00,7.982583454281572
2022-01-02T22:00-07:00,14.940828402366858
2022-01-02T22:15-07:00,13.004484304932735
2022-01-02T22:30-07:00,9.090909090909092
2022-01-02T22:45-07:00,10.946745562130172
2022-01-02T23:00-07:00,17.66423357664234
2022-01-02T23:15-07:00,9.598853868194848
2022-01-02T23:30-07:00,12.129760225669953
2022-01-02T23:45-07:00,20.642201834862384
2022-01-03T00:00-07:00,15.178571428571429
2022-01-03T00:15-07:00,11.04651162790698
2022-01-03T00:30-07:00,9.85915492957747
2022-01-03T00:45-07:00,14.608433734939764
2022-01-03T01:00-07:00,13.96648044692738
2022-01-03T01:15-07:00,9.285714285714281
2022-01-03T01:30-07:00,18.74062968515742
2022-01-03T01:45-07:00,13.253012048192776
2022-01-03T02:00-07:00,10.98430813124108
2022-01-03T02:15-07:00,12.711864406779661
2022-01-03T02:30-07:00,23.60703812316715
2022-01-03T02:45-07:00,13.043478260869565
2022-01-03T03:00-07:00,9.012875536480687
2022-01-03T03:15-07:00,12.871287128712876
2022-01-03T03:30-07:00,14.035087719298245
2022-01-03T03:45-07:00,11.244979919678714
2022-01-03T04:00-07:00,6.726457399103139
2022-01-03T04:15-07:00,19.826338639652676
2022-01-03T04:30-07:00,15.313935681470143
2022-01-03T04:45-07:00,10.799438990182324
2022-01-03T05:00-07:00,13.596491228070175
2022-01-03T05:15-07:00,19.271623672230657
2022-01-03T05:30-07:00,15.254237288135593
2022-01-03T05:45-07:00,7.5581395348837255
2022-01-03T06:00-07:00,9.836065573770492
2022-01-03T06:15-07:00,18.099547511312217
2022-01-03T06:30-07:00,10.300429184549357
2022-01-03T06:45-07:00,5.686546463245488
2022-01-03T07:00-07:00,13.114754098360661
2022-01-03T07:15-07:00,13.90134529147982
2022-01-03T07:30-07:00,6.142857142857147
2022-01-03T07:45-07:00,17.042253521126767
2022-01-03T08:00-07:00,16.666666666666668
2022-01-03T08:15-07:00,18.731117824773417
2022-01-03T08:30-07:00,14.32432432432433
2022-01-03T08:45-07:00,9.19377652050919
2022-01-03T09:00-07:00,12.658227848101266
2022-01-03T09:15-07:00,16.379310344827587
2022-01-03T09:30-07:00,12.14953271028038
2022-01-03T09:45-07:00,10.709318497913765
2022-01-03T10:00-07:00,10.549132947976883
2022-01-03T10:15-07:00,11.26961483594865
2022-01-03T10:30-07:00,9.917355371900827
2022-01-03T10:45-07:00,11.934156378600823
2022-01-03T11:00-07:00,16.824966078697425
2022-01-03T11:15-07:00,14.606741573033704
2022-01-03T11:30-07:00,12.859097127222988
2022-01-03T11:45-07:00,11.475409836065573
2022-01-03T12:00-07:00,11.500701262272095
2022-01-03T12:15-07:00,14.090287277701783
2022-01-03T12:30-07:00,14.8936170212766
2022-01-03T12:45-07:00,17.731421121251632
2022-01-03T13:00-07:00,6.002928257686672
2022-01-03T13:15-07:00,18.106995884773664
2022-01-03T13:30-07:00,1.9841269841269842
2022-01-03T13:45-07:00,17.98657718120805
2022-01-03T14:00-07:00,17.92065663474692
2022-01-03T14:15-07:00,14.366998577524889
2022-01-03T14:30-07:00,10.077519379844961
2022-01-03T14:45-07:00,8.461538461538462
2022-01-03T15:00-07:00,11.952191235059761
2022-01-03T15:15-07:00,17.70145310435931
2022-01-03T15:30-07:00,7.3394495412844
2022-01-03T15:45-07:00,8.909574468085111
2022-01-03T16:00-07:00,10.16260162601626
2022-01-03T16:15-07:00,16.14285714285714
2022-01-03T16:30-07:00,7.427055702917768
2022-01-03T16:45-07:00,9.76253298153034
2022-01-03T17:00-07:00,10.65918653576438
2022-01-03T17:15-07:00,15.151515151515152
2022-01-03T17:30-07:00,5.570652173913039
2022-01-03T17:45-07:00,6.954102920723223
2022-01-03T18:00-07:00,16.71597633136094
2022-01-03T18:15-07:00,11.26961483594865
2022-01-03T18:30-07:00,3.2998565279770404
2022-01-03T18:45-07:00,9.215955983493814
2022-01-03T19:00-07:00,16.14285714285714
2022-01-03T19:15-07:00,11.095505617977532
2022-01-03T19:30-07:00,9.279778393351805
2022-01-03T19:45-07:00,2.845528455284553
2022-01-03T20:00-07:00,16.470588235294123
2022-01-03T20:15-07:00,11.887072808320946
2022-01-03T20:30-07:00,9.971910112359545
2022-01-03T20:45-07:00,10.439560439560445
2022-01-03T21:00-07:00,14.652567975830822
2022-01-03T21:15-07:00,14.285714285714286
2022-01-03T21:30-07:00,11.307901907356944
2022-01-03T21:45-07:00,16.98670605612999
2022-01-03T22:00-07:00,15.647226173541958
2022-01-03T22:15-07:00,4.692082111436945
2022-01-03T22:30-07:00,12.809917355371901
2022-01-03T22:45-07:00,9.580838323353298
2022-01-03T23:00-07:00,21.28571428571428
2022-01-03T23:15-07:00,10.206896551724133
2022-01-03T23:30-07:00,8.474576271186441
2022-01-03T23:45-07:00,13.016845329249623
2022-01-04T00:00-07:00,6.9908814589665695
2022-01-04T00:15-07:00,12.411847672778565
2022-01-04T00:30-07:00,5.933429811866855
2022-01-04T00:45-07:00,17.236255572065375
2022-01-04T01:00-07:00,12.663755458515285
2022-01-04T01:15-07:00,8.806818181818178
2022-01-04T01:30-07:00,9.940652818991103
2022-01-04T01:45-07:00,18.491124260355026
2022-01-04T02:00-07:00,10.699588477366255
2022-01-04T02:15-07:00,15.289256198347108
2022-01-04T02:30-07:00,17.215568862275454
2022-01-04T02:45-07:00,18.68613138686131
2022-01-04T03:00-07:00,12.443778110944523
2022-01-04T03:15-07:00,12.448132780082988
2022-01-04T03:30-07:00,16.56626506024096
2022-01-04T03:45-07:00,6.030855539971954
2022-01-04T04:00-07:00,11.706629055007047
2022-01-04T04:15-07:00,6.312769010043037
2022-01-04T04:30-07:00,18.94273127753304
2022-01-04T04:45-07:00,9.318497913769129
2022-01-04T05:00-07:00,10.0
2022-01-04T05:15-07:00,16.033755274261605
2022-01-04T05:30-07:00,6.6371681415929205
2022-01-04T05:45-07:00,8.417997097242385
2022-01-04T06:00-07:00,11.62790697674419
2022-01-04T06:15-07:00,15.846153846153852
2022-01-04T06:30-07:00,14.793741109530577
2022-01-04T06:45-07:00,7.111756168359947
2022-01-04T07:00-07:00,9.86486486486487
2022-01-04T07:15-07:00,13.353566009104709
2022-01-04T07:30-07:00,13.661971830985921
2022-01-04T07:45-07:00,15.647226173541958
2022-01-04T08:00-07:00,10.931174089068826
2022-01-04T08:15-07:00,14.125874125874121
2022-01-04T08:30-07:00,14.74452554744525
2022-01-04T08:45-07:00,9.6
2022-01-04T09:00-07:00,11.94630872483221
2022-01-04T09:15-07:00,10.07194244604317
2022-01-04T09:30-07:00,13.513513513513518
2022-01-04T09:45-07:00,4.654255319148932
2022-01-04T10:00-07:00,17.916666666666668
2022-01-04T10:15-07:00,7.627118644067797
2022-01-04T10:30-07:00,3.4437086092715194
2022-01-04T10:45-07:00,4.545454545454549
2022-01-04T11:00-07:00,14.155251141552512
2022-01-04T11:15-07:00,6.786703601108038
2022-01-04T11:30-07:00,9.585492227979284
2022-01-04T11:45-07:00,4.347826086956517
2022-01-04T12:00-07:00,8.30188679245283
2022-01-04T12:15-07:00,5.321782178217815
2022-01-04T12:30-07:00,0.49627791563275436
2022-01-04T12:45-07:00,4.946996466431095
2022-01-04T13:00-07:00,8.458390177353337
2022-01-04T13:15-07:00,6.488549618320611
2022-01-04T13:30-07:00,8.795669824086598
2022-01-04T13:45-07:00,4.4
2022-01-04T14:00-07:00,9.655172413793109
2022-01-04T14:15-07:00,15.006821282401086
2022-01-04T14:30-07:00,14.266487213997314
2022-01-04T14:45-07:00,8.413793103448281
2022-01-04T15:00-07:00,9.943181818181824
2022-01-04T15:15-07:00,7.832167832167827
2022-01-04T15:30-07:00,11.436170212765953
2022-01-04T15:45-07:00,5.140186915887845
2022-01-04T16:00-07:00,7.553191489361709
2022-01-04T16:15-07:00,11.666666666666666
2022-01-04T16:30-07:00,13.080168776371307
2022-01-04T16:45-07:00,10.56910569105691
2022-01-04T17:00-07:00,7.05725699067909
2022-01-04T17:15-07:00,11.37980085348506
2022-01-04T17:30-07:00,19.34156378600823
2022-01-04T17:45-07:00,10.37344398340249
2022-01-04T18:00-07:00,11.36690647482015
2022-01-04T18:15-07:00,7.60401721664275
2022-01-04T18:30-07:00,15.317919075144514
2022-01-04T18:45-07:00,4.062909567496727
2022-01-04T19:00-07:00,13.030746705710099
2022-01-04T19:15-07:00,8.455565142364113
2022-01-04T19:30-07:00,11.73020527859237
2022-01-04T19:45-07:00,6.318681318681323
2022-01-04T20:00-07:00,13.165680473372776
2022-01-04T20:15-07:00,7.792207792207792
2022-01-04T20:30-07:00,10.481586402266284
2022-01-04T20:45-07:00,9.905020352781552
2022-01-04T21:00-07:00,13.609467455621296
2022-01-04T21:15-07:00,14.345403899721452
2022-01-04T21:30-07:00,10.171919770773634
2022-01-04T21:45-07:00,10.914051841746243
2022-01-04T22:00-07:00,9.711684370257972
2022-01-04T22:15-07:00,14.102564102564102
2022-01-04T22:30-07:00,6.71140939597315
2022-01-04T22:45-07:00,17.84107946026986
2022-01-04T23:00-07:00,7.837837837837838
2022-01-04T23:15-07:00,11.12737920937043
2022-01-04T23:30-07:00,11.48936170212766
2022-01-04T23:45-07:00,11.894273127753303
2022-01-05T00:00-07:00,11.237553342816504
2022-01-05T00:15-07:00,5.563282336578586
2022-01-05T00:30-07:00,9.436619718309863
2022-01-05T00:45-07:00,9.01639344262295
2022-01-05T01:00-07:00,14.857142857142852
2022-01-05T01:15-07:00,12.01157742402315
2022-01-05T01:30-07:00,8.94526034712951
2022-01-05T01:45-07:00,7.435508345978761
2022-01-05T02:00-07:00,18.103448275862068
2022-01-05T02:15-07:00,6.562054208273899
2022-01-05T02:30-07:00,17.142857142857142
2022-01-05T02:45-07:00,14.847161572052402
2022-01-05T03:00-07:00,14.705882352941176
2022-01-05T03:15-07:00,3.937007874015748
2022-01-05T03:30-07:00,14.227642276422765
2022-01-05T03:45-07:00,9.25644916540213
2022-01-05T04:00-07:00,17.54385964912281
2022-01-05T04:15-07:00,8.286516853932579
2022-01-05T04:30-07:00,11.049723756906072
2022-01-05T04:45-07:00,15.652173913043478
2022-01-05T05:00-07:00,12.998522895125559
2022-01-05T05:15-07:00,7.516778523489928
2022-01-05T05:30-07:00,13.793103448275856
2022-01-05T05:45-07:00,13.837375178316696
2022-01-05T06:00-07:00,7.522123893805304
2022-01-05T06:15-07:00,6.434316353887399
2022-01-05T06:30-07:00,7.542147293700083
2022-01-05T06:45-07:00,14.985590778097977
2022-01-05T07:00-07:00,14.188267394270119
2022-01-05T07:15-07:00,7.26256983240224
2022-01-05T07:30-07:00,15.727002967359056
2022-01-05T07:45-07:00,15.71428571428571
2022-01-05T08:00-07:00,9.129213483146062
2022-01-05T08:15-07:00,3.1088082901554404
2022-01-05T08:30-07:00,11.29441624365483
2022-01-05T08:45-07:00,16.21233859397417
2022-01-05T09:00-07:00,4.563233376792695
2022-01-05T09:15-07:00,12.223858615611189
2022-01-05T09:30-07:00,12.867132867132861
2022-01-05T09:45-07:00,17.630465444287726
2022-01-05T10:00-07:00,10.505319148936175
2022-01-05T10:15-07:00,13.399153737658668
2022-01-05T10:30-07:00,17.5
2022-01-05T10:45-07:00,14.877102199223794
2022-01-05T11:00-07:00,5.8823529411764754
2022-01-05T11:15-07:00,13.975576662143832
2022-01-05T11:30-07:00,19.51219512195122
2022-01-05T11:45-07:00,9.785522788203759
2022-01-05T12:00-07:00,11.253196930946283
2022-01-05T12:15-07:00,11.647727272727277
2022-01-05T12:30-07:00,22.6158038147139
2022-01-05T12:45-07:00,16.07843137254902
2022-01-05T13:00-07:00,14.552736982643529
2022-01-05T13:15-07:00,8.121827411167503
2022-01-05T13:30-07:00,4.918032786885246
2022-01-05T13:45-07:00,12.847682119205302
2022-01-05T14:00-07:00,13.25301204819277
2022-01-05T14:15-07:00,12.244897959183673
2022-01-05T14:30-07:00,14.742698191933245
2022-01-05T14:45-07:00,11.516034985422746
2022-01-05T15:00-07:00,13.358778625954198
2022-01-05T15:15-07:00,7.086614173228346
2022-01-05T15:30-07:00,12.005277044854886
2022-01-05T15:45-07:00,9.128065395095373
2022-01-05T16:00-07:00,10.591471801925717
2022-01-05T16:15-07:00,16.571428571428566
2022-01-05T16:30-07:00,7.2
2022-01-05T16:45-07:00,18.28571428571428
2022-01-05T17:00-07:00,5.161290322580638
2022-01-05T17:15-07:00,14.053254437869818
2022-01-05T17:30-07:00,8.648648648648653
2022-01-05T17:45-07:00,6.960227272727278
2022-01-05T18:00-07:00,17.083333333333332
2022-01-05T18:15-07:00,13.868613138686126
2022-01-05T18:30-07:00,9.318497913769129
2022-01-05T18:45-07:00,4.907161803713532
2022-01-05T19:00-07:00,13.452914798206278
2022-01-05T19:15-07:00,11.428571428571423
2022-01-05T19:30-07:00,15.050651230101296
2022-01-05T19:45-07:00,7.377049180327869
2022-01-05T20:00-07:00,17.37226277372262
2022-01-05T20:15-07:00,15.147058823529417
2022-01-05T20:30-07:00,13.145539906103286
2022-01-05T20:45-07:00,11.522633744855968
2022-01-05T21:00-07:00,18.91891891891892
2022-01-05T21:15-07:00,13.352272727272732
2022-01-05T21:30-07:00,9.687034277198208
2022-01-05T21:45-07:00,11.732605729877212
2022-01-05T22:00-07:00,11.394302848575716
2022-01-05T22:15-07:00,20.808383233532936
2022-01-05T22:30-07:00,10.09957325746799
2022-01-05T22:45-07:00,10.344827586206897
2022-01-05T23:00-07:00,10.248901903367502
2022-01-05T23:15-07:00,16.71597633136094
2022-01-05T23:30-07:00,14.414414414414415
2022-01-05T23:45-07:00,11.158798283261802
2022-01-06T00:00-07:00,14.874815905743736
2022-01-06T00:15-07:00,15.116279069767437
2022-01-06T00:30-07:00,8.69565217391304
2022-01-06T00:45-07:00,7.826086956521739
2022-01-06T01:00-07:00,10.64467766116941
2022-01-06T01:15-07:00,13.629842180774745
2022-01-06T01:30-07:00,9.116409537166897
2022-01-06T01:45-07:00,7.3964497041420065
2022-01-06T02:00-07:00,18.335901386748837
2022-01-06T02:15-07:00,10.309278350515468
2022-01-06T02:30-07:00,7.6398362892223695
2022-01-06T02:45-07:00,14.88439306358382
2022-01-06T03:00-07:00,13.525835866261392
2022-01-06T03:15-07:00,14.047287899860914
2022-01-06T03:30-07:00,9.426229508196721
2022-01-06T03:45-07:00,13.494318181818178
2022-01-06T04:00-07:00,16.98670605612999
2022-01-06T04:15-07:00,5.0
2022-01-06T04:30-07:00,13.525179856115113
2022-01-06T04:45-07:00,12.94117647058824
2022-01-06T05:00-07:00,15.522388059701488
2022-01-06T05:15-07:00,7.065217391304352
2022-01-06T05:30-07:00,9.798270893371752
2022-01-06T05:45-07:00,12.093023255813954
2022-01-06T06:00-07:00,14.285714285714281
2022-01-06T06:15-07:00,8.016877637130802
2022-01-06T06:30-07:00,9.39226519337016
2022-01-06T06:45-07:00,15.525114155251142
2022-01-06T07:00-07:00,11.688311688311689
2022-01-06T07:15-07:00,8.16326530612245
2022-01-06T07:30-07:00,8.71369294605809
2022-01-06T07:45-07:00,9.598853868194848
2022-01-06T08:00-07:00,16.343490304709146
2022-01-06T08:15-07:00,12.863070539419088
2022-01-06T08:30-07:00,11.016949152542374
2022-01-06T08:45-07:00,15.77464788732395
2022-01-06T09:00-07:00,14.042553191489361
2022-01-06T09:15-07:00,8.13953488372093
2022-01-06T09:30-07:00,15.720524017467248
2022-01-06T09:45-07:00,12.048192771084338
2022-01-06T10:00-07:00,12.033195020746888
2022-01-06T10:15-07:00,9.870129870129862
2022-01-06T10:30-07:00,8.755129958960334
2022-01-06T10:45-07:00,17.513368983957218
2022-01-06T11:00-07:00,6.827309236947791
2022-01-06T11:15-07:00,9.660574412532632
2022-01-06T11:30-07:00,7.085561497326199
2022-01-06T11:45-07:00,7.531380753138075
2022-01-06T12:00-07:00,21.015514809590968
2022-01-06T12:15-07:00,9.053497942386832
2022-01-06T12:30-07:00,19.440745672436748
2022-01-06T12:45-07:00,12.950600801068095
2022-01-06T13:00-07:00,17.70145310435931
2022-01-06T13:15-07:00,11.500701262272095
2022-01-06T13:30-07:00,20.679886685552404
2022-01-06T13:45-07:00,15.287517531556807
2022-01-06T14:00-07:00,12.0
2022-01-06T14:15-07:00,16.730038022813687
2022-01-06T14:30-07:00,15.503875968992247
2022-01-06T14:45-07:00,16.26984126984127
2022-01-06T15:00-07:00,17.338709677419356
2022-01-06T15:15-07:00,16.351351351351358
2022-01-06T15:30-07:00,20.77922077922078
2022-01-06T15:45-07:00,16.12903225806452
2022-01-06T16:00-07:00,14.090287277701783
2022-01-06T16:15-07:00,17.521367521367523
2022-01-06T16:30-07:00,14.01617250673854
2022-01-06T16:45-07:00,13.778990450204633
2022-01-06T17:00-07:00,19.287833827893177
2022-01-06T17:15-07:00,7.359307359307359
2022-01-06T17:30-07:00,17.39130434782609
2022-01-06T17:45-07:00,4.651162790697675
2022-01-06T18:00-07:00,7.423580786026201
2022-01-06T18:15-07:00,13.031161473087813
2022-01-06T18:30-07:00,13.467048710601725
2022-01-06T18:45-07:00,10.719131614654007
2022-01-06T19:00-07:00,2.9154518950437276
2022-01-06T19:15-07:00,17.333333333333332
2022-01-06T19:30-07:00,10.194902548725633
2022-01-06T19:45-07:00,16.197183098591555
2022-01-06T20:00-07:00,10.48275862068966
2022-01-06T20:15-07:00,8.474576271186441
2022-01-06T20:30-07:00,15.38461538461538
2022-01-06T20:45-07:00,8.370044052863436
2022-01-06T21:00-07:00,7.746478873239441
2022-01-06T21:15-07:00,14.93212669683258
2022-01-06T21:30-07:00,14.035087719298245
2022-01-06T21:45-07:00,17.903930131004365
2022-01-06T22:00-07:00,10.66282420749279
2022-01-06T22:15-07:00,10.0
2022-01-06T22:30-07:00,14.225352112676052
2022-01-06T22:45-07:00,14.826021180030251
2022-01-06T23:00-07:00,6.866952789699571
2022-01-06T23:15-07:00,6.607929515418502
2022-01-06T23:30-07:00,13.56643356643357
2022-01-06T23:45-07:00,16.790490341753337
2022-01-07T00:00-07:00,13.043478260869565
2022-01-07T00:15-07:00,11.277173913043473
2022-01-07T00:30-07:00,12.727272727272727
2022-01-07T00:45-07:00,15.848527349228608
2022-01-07T01:00-07:00,10.85972850678733
2022-01-07T01:15-07:00,12.97071129707113
2022-01-07T01:30-07:00,15.151515151515152
2022-01-07T01:45-07:00,15.781922525107598
2022-01-07T02:00-07:00,10.212765957446809
2022-01-07T02:15-07:00,11.926605504587156
2022-01-07T02:30-07:00,19.65811965811966
2022-01-07T02:45-07:00,15.8284023668639
2022-01-07T03:00-07:00,6.029411764705878
2022-01-07T03:15-07:00,19.830028328611895
2022-01-07T03:30-07:00,12.116788321167878
2022-01-07T03:45-07:00,17.062314540059354
2022-01-07T04:00-07:00,2.459016393442623
2022-01-07T04:15-07:00,16.833095577746082
2022-01-07T04:30-07:00,13.362068965517242
2022-01-07T04:45-07:00,10.830860534124634
2022-01-07T05:00-07:00,8.356164383561648
2022-01-07T05:15-07:00,13.62275449101797
2022-01-07T05:30-07:00,12.537764350453168
2022-01-07T05:45-07:00,8.677098150782365
2022-01-07T06:00-07:00,11.715481171548117
2022-01-07T06:15-07:00,9.869375907111753
2022-01-07T06:30-07:00,14.407988587731808
2022-01-07T06:45-07:00,10.31976744186046
2022-01-07T07:00-07:00,14.516129032258064
2022-01-07T07:15-07:00,13.949843260188084
2022-01-07T07:30-07:00,10.146862483311086
2022-01-07T07:45-07:00,7.818930041152264
2022-01-07T08:00-07:00,24.079320113314445
2022-01-07T08:15-07:00,9.809663250366038
2022-01-07T08:30-07:00,9.735744089012522
2022-01-07T08:45-07:00,9.411764705882353
2022-01-07T09:00-07:00,18.604651162790702
2022-01-07T09:15-07:00,11.26961483594865
2022-01-07T09:30-07:00,13.779527559055119
2022-01-07T09:45-07:00,6.666666666666667
2022-01-07T10:00-07:00,13.414634146341463
2022-01-07T10:15-07:00,9.787234042553191
2022-01-07T10:30-07:00,18.169761273209545
2022-01-07T10:45-07:00,13.83561643835616
2022-01-07T11:00-07:00,12.0
2022-01-07T11:15-07:00,11.053984575835484
2022-01-07T11:30-07:00,10.299869621903525
2022-01-07T11:45-07:00,10.995542347696874
2022-01-07T12:00-07:00,13.72549019607843
2022-01-07T12:15-07:00,8.60655737704918
2022-01-07T12:30-07:00,10.833333333333334
2022-01-07T12:45-07:00,16.52542372881356
2022-01-07T13:00-07:00,13.934426229508198
2022-01-07T13:15-07:00,10.975609756097562
2022-01-07T13:30-07:00,11.559888579387183
2022-01-07T13:45-07:00,15.573770491803279
2022-01-07T14:00-07:00,11.994784876140805
2022-01-07T14:15-07:00,8.16326530612245
2022-01-07T14:30-07:00,12.926136363636369
2022-01-07T14:45-07:00,13.207547169811326
2022-01-07T15:00-07:00,8.906882591093117
2022-01-07T15:15-07:00,12.654745529573585
2022-01-07T15:30-07:00,11.11111111111111
2022-01-07T15:45-07:00,12.345679012345679
2022-01-07T16:00-07:00,16.25
2022-01-07T16:15-07:00,8.740359897172246
2022-01-07T16:30-07:00,6.584992343032164
2022-01-07T16:45-07:00,16.59919028340081
2022-01-07T17:00-07:00,6.412005457025916
2022-01-07T17:15-07:00,10.126582278481013
2022-01-07T17:30-07:00,8.810572687224669
2022-01-07T17:45-07:00,12.55474452554744
2022-01-07T18:00-07:00,7.826086956521739
2022-01-07T18:15-07:00,4.782608695652174
2022-01-07T18:30-07:00,22.00303490136571
2022-01-07T18:45-07:00,14.929577464788737
2022-01-07T19:00-07:00,12.661870503597127
2022-01-07T19:15-07:00,18.124999999999993
2022-01-07T19:30-07:00,14.705882352941176
2022-01-07T19:45-07:00,20.535714285714285
2022-01-07T20:00-07:00,10.704225352112681
2022-01-07T20:15-07:00,13.464447806354004
2022-01-07T20:30-07:00,15.555555555555555
2022-01-07T20:45-07:00,5.6521739130434785
2022-01-07T21:00-07:00,9.631728045325774
2022-01-07T21:15-07:00,17.549167927382747
2022-01-07T21:30-07:00,19.130434782608695
2022-01-07T21:45-07:00,12.875536480686696
2022-01-07T22:00-07:00,15.868263473053897
2022-01-07T22:15-07:00,15.38461538461538
2022-01-07T22:30-07:00,13.88478581979321
2022-01-07T22:45-07:00,10.85972850678733
2022-01-07T23:00-07:00,14.46808510638298
2022-01-07T23:15-07:00,10.85972850678733
2022-01-07T23:30-07:00,5.610098176718097
2022-01-07T23:45-07:00,7.658321060382921
2022-01-08T00:00-07:00,15.062111801242242
2022-01-08T00:15-07:00,14.222873900293258
2022-01-08T00:30-07:00,11.195158850226923
2022-01-08T00:45-07:00,14.54545454545454
2022-01-08T01:00-07:00,13.692307692307688
2022-01-08T01:15-07:00,17.99163179916318
2022-01-08T01:30-07:00,8.30815709969789
2022-01-08T01:45-07:00,17.732558139534877
2022-01-08T02:00-07:00,12.36959761549925
2022-01-08T02:15-07:00,9.490084985835699
2022-01-08T02:30-07:00,13.31403762662807
2022-01-08T02:45-07:00,16.964285714285715
2022-01-08T03:00-07:00,15.349544072948323
2022-01-08T03:15-07:00,19.63746223564955
2022-01-08T03:30-07:00,14.090287277701783
2022-01-08T03:45-07:00,17.36526946107784
2022-01-08T04:00-07:00,11.713030746705705
2022-01-08T04:15-07:00,10.638297872340425
2022-01-08T04:30-07:00,7.080924855491334
2022-01-08T04:45-07:00,14.503816793893124
2022-01-08T05:00-07:00,15.28189910979229
2022-01-08T05:15-07:00,11.857142857142852
2022-01-08T05:30-07:00,10.638297872340425
2022-01-08T05:45-07:00,16.444444444444443
2022-01-08T06:00-07:00,15.91240875912409
2022-01-08T06:15-07:00,11.857142857142852
2022-01-08T06:30-07:00,9.052924791086346
2022-01-08T06:45-07:00,17.952522255192886
2022-01-08T07:00-07:00,13.603473227206951
2022-01-08T07:15-07:00,15.105740181268887
2022-01-08T07:30-07:00,13.629842180774745
2022-01-08T07:45-07:00,11.656441717791415
2022-01-08T08:00-07:00,25.56053811659193
2022-01-08T08:15-07:00,12.931034482758621
2022-01-08T08:30-07:00,13.489736070381227
2022-01-08T08:45-07:00,18.328445747800583
2022-01-08T09:00-07:00,13.981762917933125
2022-01-08T09:15-07:00,9.480519480519472
2022-01-08T09:30-07:00,8.05084745762712
2022-01-08T09:45-07:00,18.523878437047752
2022-01-08T10:00-07:00,16.8421052631579
2022-01-08T10:15-07:00,2.592087312414738
2022-01-08T10:30-07:00,9.745762711864407
2022-01-08T10:45-07:00,5.646359583952447
2022-01-08T11:00-07:00,11.987860394537183
2022-01-08T11:15-07:00,6.0
2022-01-08T11:30-07:00,11.533242876526463
2022-01-08T11:45-07:00,13.478260869565217
2022-01-08T12:00-07:00,13.157894736842104
2022-01-08T12:15-07:00,9.365994236311234
2022-01-08T12:30-07:00,8.575581395348832
2022-01-08T12:45-07:00,15.137614678899082
2022-01-08T13:00-07:00,15.044247787610619
2022-01-08T13:15-07:00,16.91176470588236
2022-01-08T13:30-07:00,10.62068965517241
2022-01-08T13:45-07:00,17.79411764705883
2022-01-08T14:00-07:00,8.714285714285719
2022-01-08T14:15-07:00,15.862068965517246
2022-01-08T14:30-07:00,7.999999999999996
2022-01-08T14:45-07:00,17.027863777089777
2022-01-08T15:00-07:00,12.820512820512821
2022-01-08T15:15-07:00,10.212765957446809
2022-01-08T15:30-07:00,6.2761506276150625
2022-01-08T15:45-07:00,12.443778110944523
2022-01-08T16:00-07:00,17.256637168141594
2022-01-08T16:15-07:00,12.359550561797757
2022-01-08T16:30-07:00,13.168724279835391
2022-01-08T16:45-07:00,1.5827338129496362
2022-01-08T17:00-07:00,8.333333333333334
2022-01-08T17:15-07:00,12.660028449502128
2022-01-08T17:30-07:00,6.590257879656165
2022-01-08T17:45-07:00,6.722689075630252
2022-01-08T18:00-07:00,20.623145400593476
2022-01-08T18:15-07:00,13.07371349095967
2022-01-08T18:30-07:00,19.642857142857142
2022-01-08T18:45-07:00,2.510460251046025
2022-01-08T19:00-07:00,17.469050894085285
2022-01-08T19:15-07:00,13.609467455621296
2022-01-08T19:30-07:00,13.592233009708734
2022-01-08T19:45-07:00,14.391691394658759
2022-01-08T20:00-07:00,17.647058823529413
2022-01-08T20:15-07:00,10.029940119760484
2022-01-08T20:30-07:00,19.469026548672566
2022-01-08T20:45-07:00,4.8034934497816595
2022-01-08T21:00-07:00,19.047619047619047
2022-01-08T21:15-07:00,12.22707423580786
2022-01-08T21:30-07:00,15.820029027576203
2022-01-08T21:45-07:00,15.850144092219015
2022-01-08T22:00-07:00,11.016949152542374
2022-01-08T22:15-07:00,15.350223546944864
2022-01-08T22:30-07:00,11.033519553072631
2022-01-08T22:45-07:00,4.4755244755244705
2022-01-08T23:00-07:00,15.384615384615385
2022-01-08T23:15-07:00,17.952522255192886
2022-01-08T23:30-07:00,18.385650224215247
2022-01-08T23:45-07:00,8.421052631578943
2022-01-09T00:00-07:00,11.416184971098271
2022-01-09T00:15-07:00,12.775330396475772
2022-01-09T00:30-07:00,15.246636771300448
2022-01-09T00:45-07:00,11.304347826086957
2022-01-09T01:00-07:00,16.999999999999996
2022-01-09T01:15-07:00,21.05263157894737
2022-01-09T01:30-07:00,13.097072419106322
2022-01-09T01:45-07:00,9.986320109439129
2022-01-09T02:00-07:00,12.852664576802514
2022-01-09T02:15-07:00,13.571428571428566
2022-01-09T02:30-07:00,12.390670553935864
2022-01-09T02:45-07:00,10.378681626928467
2022-01-09T03:00-07:00,12.936046511627902
2022-01-09T03:15-07:00,16.716417910447767
2022-01-09T03:30-07:00,7.7247191011236
2022-01-09T03:45-07:00,9.325681492109034
2022-01-09T04:00-07:00,16.307692307692314
2022-01-09T04:15-07:00,11.51079136690647
2022-01-09T04:30-07:00,6.8017366136034685
2022-01-09T04:45-07:00,9.243697478991596
2022-01-09T05:00-07:00,10.263929618768334
2022-01-09T05:15-07:00,17.05069124423963
2022-01-09T05:30-07:00,6.008583690987124
2022-01-09T05:45-07:00,8.251748251748246
2022-01-09T06:00-07:00,17.391304347826086
2022-01-09T06:15-07:00,17.507418397626118
2022-01-09T06:30-07:00,7.999999999999996
2022-01-09T06:45-07:00,6.648575305291728
2022-01-09T07:00-07:00,13.596491228070175
2022-01-09T07:15-07:00,14.903129657228023
2022-01-09T07:30-07:00,11.394101876675608
2022-01-09T07:45-07:00,16.248153618906937
2022-01-09T08:00-07:00,17.094017094017094
2022-01-09T08:15-07:00,14.222222222222221
2022-01-09T08:30-07:00,8.701854493580605
2022-01-09T08:45-07:00,13.839285714285714
2022-01-09T09:00-07:00,18.768328445747798
2022-01-09T09:15-07:00,12.181303116147303
2022-01-09T09:30-07:00,15.927977839335185
2022-01-09T09:45-07:00,10.330578512396695
2022-01-09T10:00-07:00,16.48690292758089
2022-01-09T10:15-07:00,12.879884225759763
2022-01-09T10:30-07:00,11.173974540311178
2022-01-09T10:45-07:00,9.871244635193133
2022-01-09T11:00-07:00,15.727002967359056
2022-01-09T11:15-07:00,17.335243553008603
2022-01-09T11:30-07:00,5.218617771509172
2022-01-09T11:45-07:00,14.814814814814815
2022-01-09T12:00-07:00,8.972503617945002
2022-01-09T12:15-07:00,21.80451127819549
2022-01-09T12:30-07:00,13.788098693759068
2022-01-09T12:45-07:00,10.349650349650345
2022-01-09T13:00-07:00,8.438818565400844
2022-01-09T13:15-07:00,17.01807228915662
2022-01-09T13:30-07:00,13.807531380753138
2022-01-09T13:45-07:00,19.558823529411768
2022-01-09T14:00-07:00,5.329593267882184
2022-01-09T14:15-07:00,8.474576271186441
2022-01-09T14:30-07:00,11.764705882352937
2022-01-09T14:45-07:00,8.12250332889481
2022-01-09T15:00-07:00,12.665684830633278
2022-01-09T15:15-07:00,9.271523178807952
2022-01-09T15:30-07:00,7.702888583218702
2022-01-09T15:45-07:00,10.85972850678733
2022-01-09T16:00-07:00,10.898379970544914
2022-01-09T16:15-07:00,13.981762917933125
2022-01-09T16:30-07:00,12.280701754385966
2022-01-09T16:45-07:00,8.786610878661088
2022-01-09T17:00-07:00,13.40361445783132
2022-01-09T17:15-07:00,9.18220946915352
2022-01-09T17:30-07:00,11.47540983606557
2022-01-09T17:45-07:00,9.50413223140496
2022-01-09T18:00-07:00,7.7712609970674436
2022-01-09T18:15-07:00,12.79069767441861
2022-01-09T18:30-07:00,17.194570135746606
2022-01-09T18:45-07:00,17.525773195876283
2022-01-09T19:00-07:00,8.15450643776824
2022-01-09T19:15-07:00,16.593886462882097
2022-01-09T19:30-07:00,16.129032258064512
2022-01-09T19:45-07:00,19.124087591240873
2022-01-09T20:00-07:00,7.792207792207792
2022-01-09T20:15-07:00,7.580174927113708
2022-01-09T20:30-07:00,15.096952908587262
2022-01-09T20:45-07:00,13.609467455621296
2022-01-09T21:00-07:00,9.50413223140496
2022-01-09T21:15-07:00,16.07396870554765
2022-01-09T21:30-07:00,14.68023255813953
2022-01-09T21:45-07:00,14.74452554744525
2022-01-09T22:00-07:00,11.11111111111111
2022-01-09T22:15-07:00,11.283497884344142
2022-01-09T22:30-07:00,13.778409090909095
2022-01-09T22:45-07:00,15.155807365439088
2022-01-09T23:00-07:00,19.11554921540656
2022-01-09T23:15-07:00,8.464849354375891
2022-01-09T23:30-07:00,15.462427745664735
2022-01-09T23:45-07:00,16.941529235382305
2022-01-10T00:00-07:00,13.956834532374106
2022-01-10T00:15-07:00,6.460674157303375
2022-01-10T00:30-07:00,15.846153846153852
2022-01-10T00:45-07:00,12.831858407079647
2022-01-10T01:00-07:00,9.745127436281853
2022-01-10T01:15-07:00,9.241379310344833
2022-01-10T01:30-07:00,15.350877192982455
2022-01-10T01:45-07:00,18.926974664679587
2022-01-10T02:00-07:00,15.062111801242242
2022-01-10T02:15-07:00,12.5
2022-01-10T02:30-07:00,14.071856287425154
2022-01-10T02:45-07:00,13.489736070381227
2022-01-10T03:00-07:00,15.695067264573991
2022-01-10T03:15-07:00,11.47776183644189
2022-01-10T03:30-07:00,15.418502202643172
2022-01-10T03:45-07:00,13.946587537091993
2022-01-10T04:00-07:00,16.76646706586827
2022-01-10T04:15-07:00,12.981455064194014
2022-01-10T04:30-07:00,16.547788873038513
2022-01-10T04:45-07:00,18.906942392909894
2022-01-10T05:00-07:00,11.160714285714286
2022-01-10T05:15-07:00,11.39240506329114
2022-01-10T05:30-07:00,13.469985358711563
2022-01-10T05:45-07:00,13.973799126637555
2022-01-10T06:00-07:00,11.842105263157896
2022-01-10T06:15-07:00,5.278174037089876
2022-01-10T06:30-07:00,8.071748878923767
2022-01-10T06:45-07:00,11.608391608391603
2022-01-10T07:00-07:00,14.641288433382142
2022-01-10T07:15-07:00,1.7496635262449567
2022-01-10T07:30-07:00,16.98670605612999
2022-01-10T07:45-07:00,11.237553342816504
2022-01-10T08:00-07:00,15.879828326180258
2022-01-10T08:15-07:00,6.267029972752048
2022-01-10T08:30-07:00,18.29268292682927
2022-01-10T08:45-07:00,13.34250343878955
2022-01-10T09:00-07:00,20.408163265306122
2022-01-10T09:15-07:00,11.81818181818181
2022-01-10T09:30-07:00,17.663421418637
2022-01-10T09:45-07:00,15.817694369973195
2022-01-10T10:00-07:00,13.428943937418518
2022-01-10T10:15-07:00,12.210796915167105
2022-01-10T10:30-07:00,11.041405269761597
2022-01-10T10:45-07:00,11.23139377537212
2022-01-10T11:00-07:00,22.944297082228115
2022-01-10T11:15-07:00,15.754339118825104
2022-01-10T11:30-07:00,10.546875
2022-01-10T11:45-07:00,16.275862068965523
2022-01-10T12:00-07:00,15.231788079470203
2022-01-10T12:15-07:00,12.109375
2022-01-10T12:30-07:00,15.476190476190476
2022-01-10T12:45-07:00,13.97712833545109
2022-01-10T13:00-07:00,15.748031496062993
2022-01-10T13:15-07:00,17.131474103585656
2022-01-10T13:30-07:00,16.026490066225172
2022-01-10T13:45-07:00,20.69408740359898
2022-01-10T14:00-07:00,11.69811320754717
2022-01-10T14:15-07:00,19.841269841269842
2022-01-10T14:30-07:00,15.775749674054763
2022-01-10T14:45-07:00,11.416781292984865
2022-01-10T15:00-07:00,11.38107416879796
2022-01-10T15:15-07:00,12.352168199737193
2022-01-10T15:30-07:00,19.754768392370575
2022-01-10T15:45-07:00,15.171503957783646
2022-01-10T16:00-07:00,17.44505494505495
2022-01-10T16:15-07:00,14.566929133858268
2022-01-10T16:30-07:00,8.049113233287853
2022-01-10T16:45-07:00,17.513368983957218
2022-01-10T17:00-07:00,15.273775216138333
2022-01-10T17:15-07:00,17.81206171107995
2022-01-10T17:30-07:00,12.64980026631158
2022-01-10T17:45-07:00,15.616045845272211
2022-01-10T18:00-07:00,12.285714285714281
2022-01-10T18:15-07:00,15.22693997071742
2022-01-10T18:30-07:00,9.234828496042221
2022-01-10T18:45-07:00,9.174311926605508
2022-01-10T19:00-07:00,13.852813852813853
2022-01-10T19:15-07:00,12.125534950071332
2022-01-10T19:30-07:00,12.087912087912093
2022-01-10T19:45-07:00,10.37344398340249
2022-01-10T20:00-07:00,13.649025069637878
2022-01-10T20:15-07:00,16.172106824925823
2022-01-10T20:30-07:00,16.36863823933975
2022-01-10T20:45-07:00,8.827586206896557
2022-01-10T21:00-07:00,16.005665722379597
2022-01-10T21:15-07:00,13.441654357459385
2022-01-10T21:30-07:00,13.877551020408163
2022-01-10T21:45-07:00,10.042432814710038
2022-01-10T22:00-07:00,14.637482900136796
2022-01-10T22:15-07:00,17.59259259259259
2022-01-10T22:30-07:00,7.142857142857143
2022-01-10T22:45-07:00,9.370629370629375
2022-01-10T23:00-07:00,9.558823529411761
2022-01-10T23:15-07:00,15.59766763848396
2022-01-10T23:30-07:00,15.751445086705207
2022-01-10T23:45-07:00,7.340720221606644
2022-01-11T00:00-07:00,13.722826086956516
2022-01-11T00:15-07:00,12.608695652173912
2022-01-11T00:30-07:00,17.201166180758023
2022-01-11T00:45-07:00,11.063829787234043
2022-01-11T01:00-07:00,9.831460674157308
2022-01-11T01:15-07:00,13.973799126637555
2022-01-11T01:30-07:00,13.728323699421962
2022-01-11T01:45-07:00,9.583333333333334
2022-01-11T02:00-07:00,4.545454545454541
2022-01-11T02:15-07:00,16.292134831460668
2022-01-11T02:30-07:00,18.24817518248175
2022-01-11T02:45-07:00,8.448753462603882
2022-01-11T03:00-07:00,10.13215859030837
2022-01-11T03:15-07:00,22.62247838616715
2022-01-11T03:30-07:00,8.709175738724722
2022-01-11T03:45-07:00,12.654745529573585
2022-01-11T04:00-07:00,7.6398362892223695
2022-01-11T04:15-07:00,17.428571428571423
2022-01-11T04:30-07:00,16.84698608964452
2022-01-11T04:45-07:00,10.056657223796028
2022-01-11T05:00-07:00,9.140518417462486
2022-01-11T05:15-07:00,12.116788321167878
2022-01-11T05:30-07:00,17.062314540059354
2022-01-11T05:45-07:00,15.450643776824034
2022-01-11T06:00-07:00,7.407407407407407
2022-01-11T06:15-07:00,15.988372093023251
2022-01-11T06:30-07:00,10.647482014388485
2022-01-11T06:45-07:00,8.38971583220568
2022-01-11T07:00-07:00,7.220708446866481
2022-01-11T07:15-07:00,13.931034482758617
2022-01-11T07:30-07:00,12.388059701492532
2022-01-11T07:45-07:00,4.7106325706594845
2022-01-11T08:00-07:00,10.212201591511931
2022-01-11T08:15-07:00,11.543810848400552
2022-01-11T08:30-07:00,19.15492957746479
2022-01-11T08:45-07:00,14.090287277701783
2022-01-11T09:00-07:00,13.133940182054626
2022-01-11T09:15-07:00,19.605263157894733
2022-01-11T09:30-07:00,15.966386554621849
2022-01-11T09:45-07:00,10.610079575596812
2022-01-11T10:00-07:00,9.056603773584905
2022-01-11T10:15-07:00,12.395543175487461
2022-01-11T10:30-07:00,13.2
2022-01-11T10:45-07:00,15.754339118825104
2022-01-11T11:00-07:00,6.40204865556979
2022-01-11T11:15-07:00,8.874172185430469
2022-01-11T11:30-07:00,8.57908847184987
2022-01-11T11:45-07:00,11.507936507936508
2022-01-11T12:00-07:00,11.372549019607844
2022-01-11T12:15-07:00,6.041131105398465
2022-01-11T12:30-07:00,9.195402298850574
2022-01-11T12:45-07:00,8.016877637130802
2022-01-11T13:00-07:00,12.648221343873518
2022-01-11T13:15-07:00,9.002770083102488
2022-01-11T13:30-07:00,15.892420537897301
2022-01-11T13:45-07:00,10.322580645161299
2022-01-11T14:00-07:00,9.019607843137255
2022-01-11T14:15-07:00,17.765042979942695
2022-01-11T14:30-07:00,7.142857142857148
2022-01-11T14:45-07:00,12.499999999999991
2022-01-11T15:00-07:00,10.259740259740251
2022-01-11T15:15-07:00,16.643929058663023
2022-01-11T15:30-07:00,19.303338171262702
2022-01-11T15:45-07:00,11.764705882352946
2022-01-11T16:00-07:00,12.129760225669953
2022-01-11T16:15-07:00,13.54581673306773
2022-01-11T16:30-07:00,6.198347107438017
2022-01-11T16:45-07:00,14.611260053619308
2022-01-11T17:00-07:00,12.936046511627902
2022-01-11T17:15-07:00,16.182572614107883
2022-01-11T17:30-07:00,10.059171597633132
2022-01-11T17:45-07:00,10.526315789473676
2022-01-11T18:00-07:00,11.048951048951054
2022-01-11T18:15-07:00,10.43723554301833
2022-01-11T18:30-07:00,10.860366713681236
2022-01-11T18:45-07:00,8.171745152354566
2022-01-11T19:00-07:00,6.122448979591836
2022-01-11T19:15-07:00,13.399153737658668
2022-01-11T19:30-07:00,10.014104372355426
2022-01-11T19:45-07:00,7.202216066481999
2022-01-11T20:00-07:00,12.702702702702707
2022-01-11T20:15-07:00,9.59097320169252
2022-01-11T20:30-07:00,16.0
2022-01-11T20:45-07:00,13.793103448275861
2022-01-11T21:00-07:00,16.98369565217391
2022-01-11T21:15-07:00,11.428571428571423
2022-01-11T21:30-07:00,10.571428571428566
2022-01-11T21:45-07:00,12.217194570135746
2022-01-11T22:00-07:00,15.028089887640444
2022-01-11T22:15-07:00,9.724238026124823
2022-01-11T22:30-07:00,17.00879765395894
2022-01-11T22:45-07:00,15.850144092219015
2022-01-11T23:00-07:00,14.391691394658759
2022-01-11T23:15-07:00,6.172839506172839
2022-01-11T23:30-07:00,17.889908256880734
2022-01-11T23:45-07:00,14.471780028943565
2022-01-12T00:00-07:00,23.529411764705888
2022-01-12T00:15-07:00,7.0301291248206645
2022-01-12T00:30-07:00,11.790393013100436
2022-01-12T00:45-07:00,17.50358680057388
2022-01-12T01:00-07:00,13.169319826338644
2022-01-12T01:15-07:00,12.307692307692312
2022-01-12T01:30-07:00,13.950276243093917
2022-01-12T01:45-07:00,18.768328445747798
2022-01-12T02:00-07:00,17.04035874439462
2022-01-12T02:15-07:00,20.505617977528086
2022-01-12T02:30-07:00,4.867872044506255
2022-01-12T02:45-07:00,14.705882352941181
2022-01-12T03:00-07:00,11.961057023643946
2022-01-12T03:15-07:00,18.72146118721461
2022-01-12T03:30-07:00,4.621848739495798
2022-01-12T03:45-07:00,16.64275466284074
2022-01-12T04:00-07:00,9.623430962343097
2022-01-12T04:15-07:00,15.841584158415847
2022-01-12T04:30-07:00,12.099125364431483
2022-01-12T04:45-07:00,13.881019830028324
2022-01-12T05:00-07:00,16.788321167883215
2022-01-12T05:15-07:00,23.03120356612184
2022-01-12T05:30-07:00,6.478873239436624
2022-01-12T05:45-07:00,9.888579387186624
2022-01-12T06:00-07:00,7.488986784140969
2022-01-12T06:15-07:00,18.614718614718615
2022-01-12T06:30-07:00,2.0779220779220777
2022-01-12T06:45-07:00,4.940374787052806
2022-01-12T07:00-07:00,17.57925072046109
2022-01-12T07:15-07:00,11.334289813486373
2022-01-12T07:30-07:00,7.412587412587408
2022-01-12T07:45-07:00,8.746736292428203
2022-01-12T08:00-07:00,16.52542372881356
2022-01-12T08:15-07:00,5.3164556962025316
2022-01-12T08:30-07:00,16.59919028340081
2022-01-12T08:45-07:00,13.114754098360665
2022-01-12T09:00-07:00,20.560747663551407
2022-01-12T09:15-07:00,14.6900269541779
2022-01-12T09:30-07:00,8.997429305912597
2022-01-12T09:45-07:00,8.812260536398467
2022-01-12T10:00-07:00,16.504854368932033
2022-01-12T10:15-07:00,11.065573770491802
2022-01-12T10:30-07:00,16.621983914209117
2022-01-12T10:45-07:00,8.46774193548387
2022-01-12T11:00-07:00,11.524163568773234
2022-01-12T11:15-07:00,15.890410958904104
2022-01-12T11:30-07:00,13.877551020408163
2022-01-12T11:45-07:00,14.090287277701783
2022-01-12T12:00-07:00,6.557377049180328
2022-01-12T12:15-07:00,7.575757575757576
2022-01-12T12:30-07:00,12.396694214876034
2022-01-12T12:45-07:00,12.965517241379315
2022-01-12T13:00-07:00,12.465753424657539
2022-01-12T13:15-07:00,12.145748987854251
2022-01-12T13:30-07:00,4.597701149425287
2022-01-12T13:45-07:00,9.756097560975604
2022-01-12T14:00-07:00,15.691489361702132
2022-01-12T14:15-07:00,20.320855614973258
2022-01-12T14:30-07:00,12.385919165580178
2022-01-12T14:45-07:00,8.634020618556692
2022-01-12T15:00-07:00,11.702127659574472
2022-01-12T15:15-07:00,6.25
2022-01-12T15:30-07:00,7.153284671532851
2022-01-12T15:45-07:00,17.46031746031746
2022-01-12T16:00-07:00,8.423913043478256
2022-01-12T16:15-07:00,7.608695652173909
2022-01-12T16:30-07:00,19.313304721030043
2022-01-12T16:45-07:00,15.198863636363633
2022-01-12T17:00-07:00,17.02127659574468
2022-01-12T17:15-07:00,9.266409266409266
2022-01-12T17:30-07:00,12.133891213389122
2022-01-12T17:45-07:00,13.287671232876717
2022-01-12T18:00-07:00,9.49720670391061
2022-01-12T18:15-07:00,13.368983957219255
2022-01-12T18:30-07:00,5.714285714285714
2022-01-12T18:45-07:00,13.999999999999995
2022-01-12T19:00-07:00,12.432432432432428
2022-01-12T19:15-07:00,13.135593220338983
2022-01-12T19:30-07:00,9.95475113122172
2022-01-12T19:45-07:00,14.8936170212766
2022-01-12T20:00-07:00,10.860366713681236
2022-01-12T20:15-07:00,17.11456859971712
2022-01-12T20:30-07:00,12.391930835734865
2022-01-12T20:45-07:00,5.459387483355521
2022-01-12T21:00-07:00,6.1797752808988715
2022-01-12T21:15-07:00,16.999999999999996
2022-01-12T21:30-07:00,14.577259475218664
2022-01-12T21:45-07:00,16.991643454038993
2022-01-12T22:00-07:00,10.59322033898305
2022-01-12T22:15-07:00,19.742489270386265
2022-01-12T22:30-07:00,10.029940119760484
2022-01-12T22:45-07:00,17.10344827586207
2022-01-12T23:00-07:00,10.339943342776207
2022-01-12T23:15-07:00,10.906515580736539
2022-01-12T23:30-07:00,14.042553191489361
2022-01-12T23:45-07:00,12.647058823529408
2022-01-13T00:00-07:00,15.251798561151084
2022-01-13T00:15-07:00,14.066852367688018
2022-01-13T00:30-07:00,21.03746397694524
2022-01-13T00:45-07:00,12.18424962852898
2022-01-13T01:00-07:00,18.44512195121952
2022-01-13T01:15-07:00,7.934336525307802
2022-01-13T01:30-07:00,18.003025718608164
2022-01-13T01:45-07:00,15.552325581395344
2022-01-13T02:00-07:00,16.618497109826595
2022-01-13T02:15-07:00,14.102564102564102
2022-01-13T02:30-07:00,12.165775401069522
2022-01-13T02:45-07:00,11.627906976744185
2022-01-13T03:00-07:00,12.630662020905918
2022-01-13T03:15-07:00,14.432989690721644
2022-01-13T03:30-07:00,12.602739726027393
2022-01-13T03:45-07:00,20.618556701030926
2022-01-13T04:00-07:00,19.38775510204082
2022-01-13T04:15-07:00,12.998522895125559
2022-01-13T04:30-07:00,4.735376044568249
2022-01-13T04:45-07:00,13.100436681222707
2022-01-13T05:00-07:00,17.429837518463817
2022-01-13T05:15-07:00,17.27140783744557
2022-01-13T05:30-07:00,14.035087719298245
2022-01-13T05:45-07:00,14.560439560439566
2022-01-13T06:00-07:00,16.470588235294123
2022-01-13T06:15-07:00,12.973760932944602
2022-01-13T06:30-07:00,12.863070539419088
2022-01-13T06:45-07:00,6.592465753424663
2022-01-13T07:00-07:00,7.851239669421488
2022-01-13T07:15-07:00,15.256588072122048
2022-01-13T07:30-07:00,15.142857142857146
2022-01-13T07:45-07:00,14.42441054091539
2022-01-13T08:00-07:00,5.519897304236193
2022-01-13T08:15-07:00,11.73986486486486
2022-01-13T08:30-07:00,17.42738589211618
2022-01-13T08:45-07:00,8.252853380158028
2022-01-13T09:00-07:00,10.781671159029646
2022-01-13T09:15-07:00,13.127413127413128
2022-01-13T09:30-07:00,13.868613138686126
2022-01-13T09:45-07:00,8.433734939759036
2022-01-13T10:00-07:00,15.287517531556807
2022-01-13T10:15-07:00,5.447470817120623
2022-01-13T10:30-07:00,7.358738501971087
2022-01-13T10:45-07:00,14.522821576763485
2022-01-13T11:00-07:00,10.327455919395458
2022-01-13T11:15-07:00,10.317460317460318
2022-01-13T11:30-07:00,10.894941634241246
2022-01-13T11:45-07:00,10.686164229471323
2022-01-13T12:00-07:00,18.46361185983827
2022-01-13T12:15-07:00,17.556179775280896
2022-01-13T12:30-07:00,8.849557522123884
2022-01-13T12:45-07:00,6.649616368286445
2022-01-13T13:00-07:00,14.0625
2022-01-13T13:15-07:00,13.215859030837004
2022-01-13T13:30-07:00,16.888297872340427
2022-01-13T13:45-07:00,7.8431372549019605
2022-01-13T14:00-07:00,14.870395634379268
2022-01-13T14:15-07:00,15.927977839335185
2022-01-13T14:30-07:00,16.553595658073267
2022-01-13T14:45-07:00,19.91701244813278
2022-01-13T15:00-07:00,9.578544061302683
2022-01-13T15:15-07:00,9.276595744680845
2022-01-13T15:30-07:00,19.13499344692005
2022-01-13T15:45-07:00,8.149171270718227
2022-01-13T16:00-07:00,9.82905982905983
2022-01-13T16:15-07:00,7.780612244897952
2022-01-13T16:30-07:00,13.265306122448985
2022-01-13T16:45-07:00,15.927977839335185
2022-01-13T17:00-07:00,11.598302687411604
2022-01-13T17:15-07:00,11.2
2022-01-13T17:30-07:00,5.508474576271187
2022-01-13T17:45-07:00,10.054347826086952
2022-01-13T18:00-07:00,12.0
2022-01-13T18:15-07:00,13.42465753424657
2022-01-13T18:30-07:00,11.63734776725304
2022-01-13T18:45-07:00,8.344733242134067
2022-01-13T19:00-07:00,11.538461538461538
2022-01-13T19:15-07:00,13.31403762662807
2022-01-13T19:30-07:00,12.285714285714281
2022-01-13T19:45-07:00,13.333333333333334
2022-01-13T20:00-07:00,6.314432989690713
2022-01-13T20:15-07:00,16.10541727672035
2022-01-13T20:30-07:00,8.658008658008658
2022-01-13T20:45-07:00,17.027863777089777
2022-01-13T21:00-07:00,5.19662921348315
2022-01-13T21:15-07:00,17.54385964912281
2022-01-13T21:30-07:00,13.808139534883717
2022-01-13T21:45-07:00,16.491754122938524
2022-01-13T22:00-07:00,12.027972027972023
2022-01-13T22:15-07:00,5.063291139240507
2022-01-13T22:30-07:00,17.28395061728395
2022-01-13T22:45-07:00,13.294797687861267
2022-01-13T23:00-07:00,19.555555555555557
2022-01-13T23:15-07:00,8.936170212765957
2022-01-13T23:30-07:00,14.244186046511622
2022-01-13T23:45-07:00,19.097744360902258
2022-01-14T00:00-07:00,9.809264305177111
2022-01-14T00:15-07:00,15.361890694239287
2022-01-14T00:30-07:00,11.25
2022-01-14T00:45-07:00,15.11111111111111
2022-01-14T01:00-07:00,18.78612716763006
2022-01-14T01:15-07:00,15.462427745664735
2022-01-14T01:30-07:00,13.675213675213675
2022-01-14T01:45-07:00,11.45374449339207
2022-01-14T02:00-07:00,17.01807228915662
2022-01-14T02:15-07:00,14.841498559077813
2022-01-14T02:30-07:00,9.6728307254623
2022-01-14T02:45-07:00,9.66767371601209
2022-01-14T03:00-07:00,10.549132947976883
2022-01-14T03:15-07:00,17.03056768558952
2022-01-14T03:30-07:00,10.152990264255916
2022-01-14T03:45-07:00,15.196743554952516
2022-01-14T04:00-07:00,10.619469026548673
2022-01-14T04:15-07:00,16.936671575846837
2022-01-14T04:30-07:00,11.03151862464183
2022-01-14T04:45-07:00,15.966386554621849
2022-01-14T05:00-07:00,15.254237288135593
2022-01-14T05:15-07:00,12.769010043041602
2022-01-14T05:30-07:00,15.14242878560719
2022-01-14T05:45-07:00,11.318051575931237
2022-01-14T06:00-07:00,13.114754098360661
2022-01-14T06:15-07:00,15.633423180592986
2022-01-14T06:30-07:00,8.057553956834528
2022-01-14T06:45-07:00,5.560382276281489
2022-01-14T07:00-07:00,11.971830985915497
2022-01-14T07:15-07:00,14.592274678111588
2022-01-14T07:30-07:00,12.125534950071332
2022-01-14T07:45-07:00,3.046357615894036
2022-01-14T08:00-07:00,16.52542372881356
2022-01-14T08:15-07:00,11.587982832618026
2022-01-14T08:30-07:00,15.948275862068966
2022-01-14T08:45-07:00,5.229591836734701
2022-01-14T09:00-07:00,16.867469879518072
2022-01-14T09:15-07:00,7.744680851063824
2022-01-14T09:30-07:00,20.88948787061994
2022-01-14T09:45-07:00,3.5188216039279823
2022-01-14T10:00-07:00,13.96648044692738
2022-01-14T10:15-07:00,14.670255720053841
2022-01-14T10:30-07:00,8.550855085508557
2022-01-14T10:45-07:00,12.912087912087918
2022-01-14T11:00-07:00,9.620253164556955
2022-01-14T11:15-07:00,8.835341365461847
2022-01-14T11:30-07:00,17.169069462647442
2022-01-14T11:45-07:00,14.025245441795237
2022-01-14T12:00-07:00,11.417322834645669
2022-01-14T12:15-07:00,8.919597989949757
2022-01-14T12:30-07:00,9.017496635262454
2022-01-14T12:45-07:00,17.741935483870968
2022-01-14T13:00-07:00,12.436548223350261
2022-01-14T13:15-07:00,15.111695137976351
2022-01-14T13:30-07:00,6.666666666666667
2022-01-14T13:45-07:00,7.5396825396825395
2022-01-14T14:00-07:00,11.2
2022-01-14T14:15-07:00,7.869742198100412
2022-01-14T14:30-07:00,12.859097127222988
2022-01-14T14:45-07:00,18.672199170124482
2022-01-14T15:00-07:00,5.511811023622047
2022-01-14T15:15-07:00,9.689922480620154
2022-01-14T15:30-07:00,14.025245441795237
2022-01-14T15:45-07:00,12.271540469973894
2022-01-14T16:00-07:00,10.393258426966288
2022-01-14T16:15-07:00,15.231788079470203
2022-01-14T16:30-07:00,8.575581395348832
2022-01-14T16:45-07:00,12.5
2022-01-14T17:00-07:00,20.0836820083682
2022-01-14T17:15-07:00,9.558823529411761
2022-01-14T17:30-07:00,11.44130757800891
2022-01-14T17:45-07:00,12.156862745098039
2022-01-14T18:00-07:00,6.4649243466299815
2022-01-14T18:15-07:00,9.410112359550565
2022-01-14T18:30-07:00,10.091743119266056
2022-01-14T18:45-07:00,13.199426111908172
2022-01-14T19:00-07:00,14.789687924016286
2022-01-14T19:15-07:00,17.105263157894736
2022-01-14T19:30-07:00,9.71428571428571
2022-01-14T19:45-07:00,15.350223546944864
2022-01-14T20:00-07:00,12.835820895522383
2022-01-14T20:15-07:00,12.391930835734865
2022-01-14T20:30-07:00,17.82608695652174
2022-01-14T20:45-07:00,15.39634146341463
2022-01-14T21:00-07:00,19.57142857142857
2022-01-14T21:15-07:00,6.340057636887603
2022-01-14T21:30-07:00,12.992700729927002
2022-01-14T21:45-07:00,14.847161572052402
2022-01-14T22:00-07:00,18.803418803418804
2022-01-14T22:15-07:00,20.179372197309416
2022-01-14T22:30-07:00,7.6923076923076925
2022-01-14T22:45-07:00,14.93212669683258
2022-01-14T23:00-07:00,14.70588235294117
2022-01-14T23:15-07:00,15.720524017467248
2022-01-14T23:30-07:00,8.714285714285719
2022-01-14T23:45-07:00,18.57764876632801
2022-01-15T00:00-07:00,14.503816793893124
2022-01-15T00:15-07:00,13.549337260677461
2022-01-15T00:30-07:00,8.866279069767446
2022-01-15T00:45-07:00,9.985734664764626
2022-01-15T01:00-07:00,16.787264833574525
2022-01-15T01:15-07:00,13.343328335832078
2022-01-15T01:30-07:00,14.545454545454545
2022-01-15T01:45-07:00,10.081743869209806
2022-01-15T02:00-07:00,16.41104294478527
2022-01-15T02:15-07:00,15.58620689655172
2022-01-15T02:30-07:00,15.668202764976959
2022-01-15T02:45-07:00,12.64980026631158
2022-01-15T03:00-07:00,14.814814814814815
2022-01-15T03:15-07:00,13.782991202346045
2022-01-15T03:30-07:00,12.998522895125559
2022-01-15T03:45-07:00,16.46090534979424
2022-01-15T04:00-07:00,5.473965287049396
2022-01-15T04:15-07:00,15.490797546012264
2022-01-15T04:30-07:00,11.981566820276498
2022-01-15T04:45-07:00,15.116279069767437
2022-01-15T05:00-07:00,5.2631578947368425
2022-01-15T05:15-07:00,22.026431718061673
2022-01-15T05:30-07:00,15.62974203338392
2022-01-15T05:45-07:00,16.992481203007515
2022-01-15T06:00-07:00,12.09239130434782
2022-01-15T06:15-07:00,7.854137447405326
2022-01-15T06:30-07:00,14.864864864864865
2022-01-15T06:45-07:00,9.361702127659575
2022-01-15T07:00-07:00,11.73913043478261
2022-01-15T07:15-07:00,7.755102040816326
2022-01-15T07:30-07:00,14.93212669683258
2022-01-15T07:45-07:00,13.649851632047474
2022-01-15T08:00-07:00,16.929698708751797
2022-01-15T08:15-07:00,9.426229508196721
2022-01-15T08:30-07:00,14.719271623672237
2022-01-15T08:45-07:00,13.918305597579419
2022-01-15T09:00-07:00,13.852813852813853
2022-01-15T09:15-07:00,5.588235294117642
2022-01-15T09:30-07:00,10.878661087866108
2022-01-15T09:45-07:00,11.869436201780411
2022-01-15T10:00-07:00,11.747851002865335
2022-01-15T10:15-07:00,12.660028449502128
2022-01-15T10:30-07:00,5.514157973174371
2022-01-15T10:45-07:00,18.87608069164265
2022-01-15T11:00-07:00,12.759643916913943
2022-01-15T11:15-07:00,14.410480349344978
2022-01-15T11:30-07:00,5.988857938718668
2022-01-15T11:45-07:00,13.571428571428566
2022-01-15T12:00-07:00,11.914893617021276
2022-01-15T12:15-07:00,15.283842794759826
2022-01-15T12:30-07:00,17.117117117117118
2022-01-15T12:45-07:00,12.247644683714675
2022-01-15T13:00-07:00,12.017167381974248
2022-01-15T13:15-07:00,15.634674922600613
2022-01-15T13:30-07:00,10.502958579881652
2022-01-15T13:45-07:00,19.797687861271676
2022-01-15T14:00-07:00,8.516483516483513
2022-01-15T14:15-07:00,18.08972503617945
2022-01-15T14:30-07:00,8.841463414634152
2022-01-15T14:45-07:00,18.523878437047752
2022-01-15T15:00-07:00,10.599078341013826
2022-01-15T15:15-07:00,5.121293800539079
2022-01-15T15:30-07:00,14.86268174474959
2022-01-15T15:45-07:00,12.775330396475772
2022-01-15T16:00-07:00,9.69609261939219
2022-01-15T16:15-07:00,9.865470852017937
2022-01-15T16:30-07:00,12.603878116343495
2022-01-15T16:45-07:00,15.0
2022-01-15T17:00-07:00,15.26390870185449
2022-01-15T17:15-07:00,10.64467766116941
2022-01-15T17:30-07:00,15.981735159817351
2022-01-15T17:45-07:00,8.11965811965812
2022-01-15T18:00-07:00,9.916201117318431
2022-01-15T18:15-07:00,13.467048710601725
2022-01-15T18:30-07:00,15.074626865671636
2022-01-15T18:45-07:00,8.786610878661088
2022-01-15T19:00-07:00,8.19672131147541
2022-01-15T19:15-07:00,17.857142857142858
2022-01-15T19:30-07:00,15.41984732824427
2022-01-15T19:45-07:00,15.668202764976959
2022-01-15T20:00-07:00,16.556291390728475
2022-01-15T20:15-07:00,13.293051359516621
2022-01-15T20:30-07:00,13.896848137535821
2022-01-15T20:45-07:00,15.091678420310291
2022-01-15T21:00-07:00,12.703101920236332
2022-01-15T21:15-07:00,10.087719298245615
2022-01-15T21:30-07:00,9.643916913946583
2022-01-15T21:45-07:00,13.20754716981132
2022-01-15T22:00-07:00,14.473684210526315
2022-01-15T22:15-07:00,8.029197080291976
2022-01-15T22:30-07:00,9.61538461538461
2022-01-15T22:45-07:00,16.119828815977172
2022-01-15T23:00-07:00,17.027863777089777
2022-01-15T23:15-07:00,15.79689703808181
2022-01-15T23:30-07:00,9.208633093525185
2022-01-15T23:45-07:00,11.869436201780411
2022-01-16T00:00-07:00,17.42313323572474
2022-01-16T00:15-07:00,17.105263157894736
2022-01-16T00:30-07:00,8.482142857142858
2022-01-16T00:45-07:00,11.961057023643946
2022-01-16T01:00-07:00,10.204081632653066
2022-01-16T01:15-07:00,17.410714285714285
2022-01-16T01:30-07:00,12.042682926829274
2022-01-16T01:45-07:00,9.203296703296708
2022-01-16T02:00-07:00,13.333333333333334
2022-01-16T02:15-07:00,11.191860465116275
2022-01-16T02:30-07:00,17.12962962962963
2022-01-16T02:45-07:00,12.97071129707113
2022-01-16T03:00-07:00,9.31232091690544
2022-01-16T03:15-07:00,18.55828220858896
2022-01-16T03:30-07:00,14.570552147239258
2022-01-16T03:45-07:00,13.263785394932931
2022-01-16T04:00-07:00,8.48920863309352
2022-01-16T04:15-07:00,9.781021897810223
2022-01-16T04:30-07:00,15.246636771300448
2022-01-16T04:45-07:00,17.042253521126767
2022-01-16T05:00-07:00,9.583333333333334
2022-01-16T05:15-07:00,8.48920863309352
2022-01-16T05:30-07:00,12.827988338192425
2022-01-16T05:45-07:00,18.307692307692303
2022-01-16T06:00-07:00,14.86676016830295
2022-01-16T06:15-07:00,5.020352781546816
2022-01-16T06:30-07:00,14.692653673163413
2022-01-16T06:45-07:00,8.531468531468535
2022-01-16T07:00-07:00,11.47540983606557
2022-01-16T07:15-07:00,9.31174089068826
2022-01-16T07:30-07:00,11.016949152542374
2022-01-16T07:45-07:00,11.596180081855392
2022-01-16T08:00-07:00,12.898330804248868
2022-01-16T08:15-07:00,4.824561403508772
2022-01-16T08:30-07:00,15.06276150627615
2022-01-16T08:45-07:00,9.57746478873239
2022-01-16T09:00-07:00,13.430656934306564
2022-01-16T09:15-07:00,17.15481171548117
2022-01-16T09:30-07:00,9.745762711864407
2022-01-16T09:45-07:00,14.15929203539823
2022-01-16T10:00-07:00,7.692307692307688
2022-01-16T10:15-07:00,15.820029027576203
2022-01-16T10:30-07:00,13.537117903930131
2022-01-16T10:45-07:00,9.459459459459465
2022-01-16T11:00-07:00,14.666666666666666
2022-01-16T11:15-07:00,13.304721030042918
2022-01-16T11:30-07:00,12.724550898203598
2022-01-16T11:45-07:00,11.516853932584274
2022-01-16T12:00-07:00,12.863070539419088
2022-01-16T12:15-07:00,11.013215859030836
2022-01-16T12:30-07:00,8.144796380090497
2022-01-16T12:45-07:00,15.163934426229508
2022-01-16T13:00-07:00,8.215297450424933
2022-01-16T13:15-07:00,14.3854748603352
2022-01-16T13:30-07:00,3.1636863823933936
2022-01-16T13:45-07:00,11.538461538461538
2022-01-16T14:00-07:00,10.212765957446809
2022-01-16T14:15-07:00,7.33137829912023
2022-01-16T14:30-07:00,17.062314540059354
2022-01-16T14:45-07:00,15.283842794759826
2022-01-16T15:00-07:00,14.668547249647386
2022-01-16T15:15-07:00,11.158798283261802
2022-01-16T15:30-07:00,13.716814159292035
2022-01-16T15:45-07:00,15.26390870185449
2022-01-16T16:00-07:00,17.391304347826086
2022-01-16T16:15-07:00,11.013215859030836
2022-01-16T16:30-07:00,9.318497913769129
2022-01-16T16:45-07:00,10.422535211267602
2022-01-16T17:00-07:00,12.390670553935864
2022-01-16T17:15-07:00,7.303370786516858
2022-01-16T17:30-07:00,16.835994194484755
2022-01-16T17:45-07:00,8.993288590604031
2022-01-16T18:00-07:00,12.464589235127482
2022-01-16T18:15-07:00,12.932330827067664
2022-01-16T18:30-07:00,11.715481171548117
2022-01-16T18:45-07:00,14.407988587731808
2022-01-16T19:00-07:00,9.68622100954979
2022-01-16T19:15-07:00,10.44117647058823
2022-01-16T19:30-07:00,16.617210682492587
2022-01-16T19:45-07:00,14.723032069970841
2022-01-16T20:00-07:00,13.656387665198238
2022-01-16T20:15-07:00,14.804469273743022
2022-01-16T20:30-07:00,17.180616740088105
2022-01-16T20:45-07:00,12.537764350453168
2022-01-16T21:00-07:00,15.160349854227402
2022-01-16T21:15-07:00,12.338593974175032
2022-01-16T21:30-07:00,8.111888111888115
2022-01-16T21:45-07:00,18.980169971671383
2022-01-16T22:00-07:00,11.607142857142858
2022-01-16T22:15-07:00,12.665684830633278
2022-01-16T22:30-07:00,10.834553440702777
2022-01-16T22:45-07:00,11.842105263157896
2022-01-16T23:00-07:00,17.410714285714285
2022-01-16T23:15-07:00,14.20454545454546
2022-01-16T23:30-07:00,14.767932489451477
2022-01-16T23:45-07:00,13.14685314685315
2022-01-17T00:00-07:00,13.953488372093023
2022-01-17T00:15-07:00,23.582089552238802
2022-01-17T00:30-07:00,11.224489795918362
2022-01-17T00:45-07:00,14.681440443213301
2022-01-17T01:00-07:00,15.898251192368845
2022-01-17T01:15-07:00,15.38461538461539
2022-01-17T01:30-07:00,16.129032258064516
2022-01-17T01:45-07:00,8.769448373408766
2022-01-17T02:00-07:00,15.48295454545455
2022-01-17T02:15-07:00,15.789473684210526
2022-01-17T02:30-07:00,7.5
2022-01-17T02:45-07:00,6.983240223463683
2022-01-17T03:00-07:00,17.507418397626118
2022-01-17T03:15-07:00,13.076923076923082
2022-01-17T03:30-07:00,15.160349854227402
2022-01-17T03:45-07:00,9.836065573770492
2022-01-17T04:00-07:00,16.8
2022-01-17T04:15-07:00,14.586466165413539
2022-01-17T04:30-07:00,19.555555555555557
2022-01-17T04:45-07:00,15.454545454545455
2022-01-17T05:00-07:00,10.504201680672269
2022-01-17T05:15-07:00,13.561847988077501
2022-01-17T05:30-07:00,16.2125340599455
2022-01-17T05:45-07:00,17.795275590551178
2022-01-17T06:00-07:00,11.891891891891897
2022-01-17T06:15-07:00,4.8295454545454595
2022-01-17T06:30-07:00,15.672676837725376
2022-01-17T06:45-07:00,10.740203193033377
2022-01-17T07:00-07:00,16.52542372881356
2022-01-17T07:15-07:00,1.5580736543909308
2022-01-17T07:30-07:00,10.458452722063042
2022-01-17T07:45-07:00,15.558698727015555
2022-01-17T08:00-07:00,14.060258249641315
2022-01-17T08:15-07:00,9.7165991902834
2022-01-17T08:30-07:00,15.691868758915831
2022-01-17T08:45-07:00,6.04395604395604
2022-01-17T09:00-07:00,10.95700416088766
2022-01-17T09:15-07:00,5.369127516778527
2022-01-17T09:30-07:00,10.000000000000004
2022-01-17T09:45-07:00,9.302325581395344
2022-01-17T10:00-07:00,7.346938775510204
2022-01-17T10:15-07:00,9.241379310344833
2022-01-17T10:30-07:00,2.795425667090209
2022-01-17T10:45-07:00,10.014104372355426
2022-01-17T11:00-07:00,3.62694300518134
2022-01-17T11:15-07:00,5.027173913043482
2022-01-17T11:30-07:00,2.442159383033412
2022-01-17T11:45-07:00,8.563535911602205
2022-01-17T12:00-07:00,10.263522884882104
2022-01-17T12:15-07:00,5.657894736842109
2022-01-17T12:30-07:00,2.0242914979757085
2022-01-17T12:45-07:00,10.970464135021096
2022-01-17T13:00-07:00,10.281690140845075
2022-01-17T13:15-07:00,5.240793201133148
2022-01-17T13:30-07:00,11.315789473684205
2022-01-17T13:45-07:00,11.921458625525952
2022-01-17T14:00-07:00,16.279069767441857
2022-01-17T14:15-07:00,10.422535211267602
2022-01-17T14:30-07:00,12.398921832884092
2022-01-17T14:45-07:00,9.166666666666666
2022-01-17T15:00-07:00,15.481171548117155
2022-01-17T15:15-07:00,12.389380530973451
2022-01-17T15:30-07:00,15.068493150684926
2022-01-17T15:45-07:00,8.877284595300257
2022-01-17T16:00-07:00,12.981455064194014
2022-01-17T16:15-07:00,8.296943231441048
2022-01-17T16:30-07:00,10.38961038961039
2022-01-17T16:45-07:00,7.848443843031127
2022-01-17T17:00-07:00,21.57434402332362
2022-01-17T17:15-07:00,12.354651162790702
2022-01-17T17:30-07:00,11.756373937677049
2022-01-17T17:45-07:00,5.19662921348315
2022-01-17T18:00-07:00,16.1849710982659
2022-01-17T18:15-07:00,11.45510835913312
2022-01-17T18:30-07:00,11.815561959654183
2022-01-17T18:45-07:00,10.850439882697943
2022-01-17T19:00-07:00,10.62068965517241
2022-01-17T19:15-07:00,18.059701492537318
2022-01-17T19:30-07:00,12.68656716417911
2022-01-17T19:45-07:00,18.46846846846847
2022-01-17T20:00-07:00,7.303370786516858
2022-01-17T20:15-07:00,18.63442389758179
2022-01-17T20:30-07:00,5.007363770250373
2022-01-17T20:45-07:00,17.952522255192886
2022-01-17T21:00-07:00,9.787234042553191
2022-01-17T21:15-07:00,15.021459227467812
2022-01-17T21:30-07:00,16.543574593796166
2022-01-17T21:45-07:00,16.763005780346816
2022-01-17T22:00-07:00,6.140350877192983
2022-01-17T22:15-07:00,9.510869565217396
2022-01-17T22:30-07:00,14.461538461538467
2022-01-17T22:45-07:00,15.294117647058819
2022-01-17T23:00-07:00,9.826589595375719
2022-01-17T23:15-07:00,10.121457489878543
2022-01-17T23:30-07:00,9.969325153374228
2022-01-17T23:45-07:00,17.14697406340057
2022-01-18T00:00-07:00,12.973760932944602
2022-01-18T00:15-07:00,11.921458625525952
2022-01-18T00:30-07:00,17.331288343558278
2022-01-18T00:45-07:00,12.990936555891235
2022-01-18T01:00-07:00,17.70334928229665
2022-01-18T01:15-07:00,10.04304160688666
2022-01-18T01:30-07:00,15.243902439024396
2022-01-18T01:45-07:00,9.103840682788055
2022-01-18T02:00-07:00,17.126269956458643
2022-01-18T02:15-07:00,10.616929698708747
2022-01-18T02:30-07:00,10.24258760107817
2022-01-18T02:45-07:00,13.906249999999995
2022-01-18T03:00-07:00,14.027149321266968
2022-01-18T03:15-07:00,11.191860465116275
2022-01-18T03:30-07:00,9.189189189189186
2022-01-18T03:45-07:00,11.504424778761061
2022-01-18T04:00-07:00,13.157894736842104
2022-01-18T04:15-07:00,10.703812316715547
2022-01-18T04:30-07:00,8.988764044943824
2022-01-18T04:45-07:00,14.949201741654576
2022-01-18T05:00-07:00,17.48878923766816
2022-01-18T05:15-07:00,10.903873744619803
2022-01-18T05:30-07:00,11.220196353436181
2022-01-18T05:45-07:00,15.773353751914248
2022-01-18T06:00-07:00,16.71469740634005
2022-01-18T06:15-07:00,8.677685950413224
2022-01-18T06:30-07:00,8.474576271186441
2022-01-18T06:45-07:00,15.870786516853927
2022-01-18T07:00-07:00,17.941176470588232
2022-01-18T07:15-07:00,8.298755186721992
2022-01-18T07:30-07:00,8.438818565400844
2022-01-18T07:45-07:00,15.416098226466572
2022-01-18T08:00-07:00,12.824207492795384
2022-01-18T08:15-07:00,17.714285714285715
2022-01-18T08:30-07:00,6.6115702479338845
2022-01-18T08:45-07:00,14.26592797783934
2022-01-18T09:00-07:00,8.510638297872335
2022-01-18T09:15-07:00,12.847682119205302
2022-01-18T09:30-07:00,4.456824512534815
2022-01-18T09:45-07:00,13.64238410596027
2022-01-18T10:00-07:00,8.23045267489712
2022-01-18T10:15-07:00,10.576923076923073
2022-01-18T10:30-07:00,1.4030612244898033
2022-01-18T10:45-07:00,12.005277044854886
2022-01-18T11:00-07:00,12.350597609561753
2022-01-18T11:15-07:00,11.977715877437321
2022-01-18T11:30-07:00,8.47029077117572
2022-01-18T11:45-07:00,2.659574468085103
2022-01-18T12:00-07:00,10.263522884882104
2022-01-18T12:15-07:00,9.232769830949294
2022-01-18T12:30-07:00,4.545454545454539
2022-01-18T12:45-07:00,12.548015364916782
2022-01-18T13:00-07:00,9.411764705882353
2022-01-18T13:15-07:00,8.196721311475418
2022-01-18T13:30-07:00,3.5495716034271796
2022-01-18T13:45-07:00,6.451612903225799
2022-01-18T14:00-07:00,11.300919842312743
2022-01-18T14:15-07:00,12.9287598944591
2022-01-18T14:30-07:00,14.720812182741124
2022-01-18T14:45-07:00,4.0
2022-01-18T15:00-07:00,16.116248348745042
2022-01-18T15:15-07:00,12.301587301587302
2022-01-18T15:30-07:00,16.44736842105263
2022-01-18T15:45-07:00,13.818181818181818
2022-01-18T16:00-07:00,4.878048780487805
2022-01-18T16:15-07:00,14.112903225806452
2022-01-18T16:30-07:00,12.698412698412698
2022-01-18T16:45-07:00,5.882352941176466
2022-01-18T17:00-07:00,9.585492227979284
2022-01-18T17:15-07:00,12.605042016806722
2022-01-18T17:30-07:00,16.182572614107883
2022-01-18T17:45-07:00,9.550561797752804
2022-01-18T18:00-07:00,7.258064516129032
2022-01-18T18:15-07:00,18.65357643758766
2022-01-18T18:30-07:00,19.263803680981585
2022-01-18T18:45-07:00,17.5
2022-01-18T19:00-07:00,5.142083897158318
2022-01-18T19:15-07:00,18.798151001540827
2022-01-18T19:30-07:00,11.310344827586212
2022-01-18T19:45-07:00,17.37226277372262
2022-01-18T20:00-07:00,11.878453038674028
2022-01-18T20:15-07:00,11.533242876526463
2022-01-18T20:30-07:00,6.222865412445735
2022-01-18T20:45-07:00,23.29956584659913
2022-01-18T21:00-07:00,7.012622720897611
2022-01-18T21:15-07:00,12.809917355371901
2022-01-18T21:30-07:00,16.86567164179104
2022-01-18T21:45-07:00,17.180616740088105
2022-01-18T22:00-07:00,15.918367346938776
2022-01-18T22:15-07:00,13.793103448275861
2022-01-18T22:30-07:00,20.543806646525685
2022-01-18T22:45-07:00,16.90962099125364
2022-01-18T23:00-07:00,15.169366715758473
2022-01-18T23:15-07:00,9.853528628495335
2022-01-18T23:30-07:00,18.842729970326413
2022-01-18T23:45-07:00,14.718614718614718
2022-01-19T00:00-07:00,13.731343283582085
2022-01-19T00:15-07:00,11.706629055007047
2022-01-19T00:30-07:00,18.892045454545457
2022-01-19T00:45-07:00,15.007656967840731
2022-01-19T01:00-07:00,13.091922005571034
2022-01-19T01:15-07:00,12.184873949579831
2022-01-19T01:30-07:00,19.650655021834062
2022-01-19T01:45-07:00,15.417256011315422
2022-01-19T02:00-07:00,21.764705882352946
2022-01-19T02:15-07:00,7.594936708860759
2022-01-19T02:30-07:00,13.268156424581
2022-01-19T02:45-07:00,19.190404797601197
2022-01-19T03:00-07:00,14.364640883977895
2022-01-19T03:15-07:00,10.24096385542168
2022-01-19T03:30-07:00,15.637860082304528
2022-01-19T03:45-07:00,18.24817518248175
2022-01-19T04:00-07:00,12.340425531914894
2022-01-19T04:15-07:00,13.121546961325961
2022-01-19T04:30-07:00,10.126582278481013
2022-01-19T04:45-07:00,17.699115044247787
2022-01-19T05:00-07:00,17.467248908296945
2022-01-19T05:15-07:00,8.495821727019504
2022-01-19T05:30-07:00,14.742698191933245
2022-01-19T05:45-07:00,16.20029455081001
2022-01-19T06:00-07:00,13.371266002844955
2022-01-19T06:15-07:00,11.829436038514437
2022-01-19T06:30-07:00,11.497326203208551
2022-01-19T06:45-07:00,19.828815977175466
2022-01-19T07:00-07:00,9.467455621301779
2022-01-19T07:15-07:00,17.2
2022-01-19T07:30-07:00,16.6240409207161
2022-01-19T07:45-07:00,18.732394366197187
2022-01-19T08:00-07:00,11.959654178674347
2022-01-19T08:15-07:00,14.17004048582996
2022-01-19T08:30-07:00,4.065040650406504
2022-01-19T08:45-07:00,13.975576662143832
2022-01-19T09:00-07:00,13.128491620111737
2022-01-19T09:15-07:00,8.243243243243247
2022-01-19T09:30-07:00,9.234828496042221
2022-01-19T09:45-07:00,20.784313725490197
2022-01-19T10:00-07:00,15.254237288135593
2022-01-19T10:15-07:00,9.707446808510642
2022-01-19T10:30-07:00,7.029177718832886
2022-01-19T10:45-07:00,12.55172413793104
2022-01-19T11:00-07:00,7.3298429319371685
2022-01-19T11:15-07:00,11.303191489361707
2022-01-19T11:30-07:00,15.909090909090908
2022-01-19T11:45-07:00,10.38961038961039
2022-01-19T12:00-07:00,16.37583892617449
2022-01-19T12:15-07:00,8.735332464146028
2022-01-19T12:30-07:00,13.167259786476869
2022-01-19T12:45-07:00,9.431345353675447
2022-01-19T13:00-07:00,18.9873417721519
2022-01-19T13:15-07:00,9.505703422053232
2022-01-19T13:30-07:00,12.601626016260163
2022-01-19T13:45-07:00,11.020408163265307
2022-01-19T14:00-07:00,18.20652173913043
2022-01-19T14:15-07:00,16.690042075736322
2022-01-19T14:30-07:00,13.289473684210522
2022-01-19T14:45-07:00,14.305949008498578
2022-01-19T15:00-07:00,17.80250347705146
2022-01-19T15:15-07:00,10.854816824966075
2022-01-19T15:30-07:00,12.955465587044534
2022-01-19T15:45-07:00,10.276679841897232
2022-01-19T16:00-07:00,10.52631578947368
2022-01-19T16:15-07:00,11.049723756906072
2022-01-19T16:30-07:00,3.8615179760319536
2022-01-19T16:45-07:00,3.409090909090909
2022-01-19T17:00-07:00,9.7165991902834
2022-01-19T17:15-07:00,11.37980085348506
2022-01-19T17:30-07:00,10.704225352112681
2022-01-19T17:45-07:00,11.416781292984865
2022-01-19T18:00-07:00,15.458276333789327
2022-01-19T18:15-07:00,12.411847672778565
2022-01-19T18:30-07:00,12.554112554112555
2022-01-19T18:45-07:00,17.48251748251748
2022-01-19T19:00-07:00,12.875536480686696
2022-01-19T19:15-07:00,17.05069124423963
2022-01-19T19:30-07:00,17.467248908296945
2022-01-19T19:45-07:00,7.555555555555555
2022-01-19T20:00-07:00,6.0689655172413755
2022-01-19T20:15-07:00,19.914040114613183
2022-01-19T20:30-07:00,8.928571428571429
2022-01-19T20:45-07:00,13.247863247863247
2022-01-19T21:00-07:00,12.446351931330472
2022-01-19T21:15-07:00,16.31736526946108
2022-01-19T21:30-07:00,16.91176470588236
2022-01-19T21:45-07:00,16.143497757847534
2022-01-19T22:00-07:00,10.043668122270743
2022-01-19T22:15-07:00,11.614730878186974
2022-01-19T22:30-07:00,20.091324200913242
2022-01-19T22:45-07:00,15.170278637770892
2022-01-19T23:00-07:00,8.786610878661088
2022-01-19T23:15-07:00,21.313868613138684
2022-01-19T23:30-07:00,18.57541899441341
2022-01-19T23:45-07:00,15.14242878560719
2022-01-20T00:00-07:00,9.956709956709958
2022-01-20T00:15-07:00,19.09090909090909
2022-01-20T00:30-07:00,15.350877192982455
2022-01-20T00:45-07:00,9.871244635193133
2022-01-20T01:00-07:00,13.297872340425537
2022-01-20T01:15-07:00,13.489736070381227
2022-01-20T01:30-07:00,18.316100443131464
2022-01-20T01:45-07:00,10.574018126888223
2022-01-20T02:00-07:00,9.85915492957747
2022-01-20T02:15-07:00,8.701854493580605
2022-01-20T02:30-07:00,12.278106508875734
2022-01-20T02:45-07:00,17.706821480406383
2022-01-20T03:00-07:00,13.23119777158774
2022-01-20T03:15-07:00,13.956834532374106
2022-01-20T03:30-07:00,17.525773195876283
2022-01-20T03:45-07:00,14.264036418816394
2022-01-20T04:00-07:00,8.853410740203199
2022-01-20T04:15-07:00,12.987012987012987
2022-01-20T04:30-07:00,16.56804733727811
2022-01-20T04:45-07:00,15.657311669128514
2022-01-20T05:00-07:00,9.361702127659575
2022-01-20T05:15-07:00,11.440677966101696
2022-01-20T05:30-07:00,14.417177914110434
2022-01-20T05:45-07:00,21.13702623906706
2022-01-20T06:00-07:00,14.160583941605843
2022-01-20T06:15-07:00,9.50413223140496
2022-01-20T06:30-07:00,14.52095808383234
2022-01-20T06:45-07:00,15.652173913043478
2022-01-20T07:00-07:00,12.364130434782613
2022-01-20T07:15-07:00,16.470588235294123
2022-01-20T07:30-07:00,11.527377521613827
2022-01-20T07:45-07:00,22.529069767441857
2022-01-20T08:00-07:00,7.346938775510204
2022-01-20T08:15-07:00,21.997105643994207
2022-01-20T08:30-07:00,14.992272024729527
2022-01-20T08:45-07:00,15.859030837004406
2022-01-20T09:00-07:00,10.41948579161028
2022-01-20T09:15-07:00,10.59322033898305
2022-01-20T09:30-07:00,15.616045845272211
2022-01-20T09:45-07:00,13.414634146341463
2022-01-20T10:00-07:00,6.964520367936921
2022-01-20T10:15-07:00,12.903225806451605
2022-01-20T10:30-07:00,12.038303693570457
2022-01-20T10:45-07:00,9.881422924901186
2022-01-20T11:00-07:00,16.733067729083665
2022-01-20T11:15-07:00,12.547528517110266
2022-01-20T11:30-07:00,17.302452316076298
2022-01-20T11:45-07:00,10.160427807486634
2022-01-20T12:00-07:00,17.587939698492473
2022-01-20T12:15-07:00,10.57023643949931
2022-01-20T12:30-07:00,10.608020698576963
2022-01-20T12:45-07:00,14.479025710419481
2022-01-20T13:00-07:00,17.408906882591094
2022-01-20T13:15-07:00,15.285714285714281
2022-01-20T13:30-07:00,14.620689655172418
2022-01-20T13:45-07:00,9.897172236503865
2022-01-20T14:00-07:00,31.203931203931212
2022-01-20T14:15-07:00,12.609970674486798
2022-01-20T14:30-07:00,19.756427604871444
2022-01-20T14:45-07:00,13.751668891855813
2022-01-20T15:00-07:00,13.316261203585157
2022-01-20T15:15-07:00,15.292553191489366
2022-01-20T15:30-07:00,13.654618473895582
2022-01-20T15:45-07:00,15.702479338842975
2022-01-20T16:00-07:00,17.464788732394368
2022-01-20T16:15-07:00,14.265335235378037
2022-01-20T16:30-07:00,11.416781292984865
2022-01-20T16:45-07:00,14.32325886990802
2022-01-20T17:00-07:00,9.787234042553191
2022-01-20T17:15-07:00,15.517241379310345
2022-01-20T17:30-07:00,10.762942779291558
2022-01-20T17:45-07:00,14.0625
2022-01-20T18:00-07:00,15.2
2022-01-20T18:15-07:00,14.940828402366858
2022-01-20T18:30-07:00,15.279672578444751
2022-01-20T18:45-07:00,20.253164556962027
2022-01-20T19:00-07:00,8.898305084745763
2022-01-20T19:15-07:00,14.224137931034482
2022-01-20T19:30-07:00,14.07307171853856
2022-01-20T19:45-07:00,12.55474452554744
2022-01-20T20:00-07:00,12.326869806094178
2022-01-20T20:15-07:00,15.596330275229358
2022-01-20T20:30-07:00,14.658925979680692
2022-01-20T20:45-07:00,14.793741109530577
2022-01-20T21:00-07:00,7.468879668049793
2022-01-20T21:15-07:00,19.29824561403509
2022-01-20T21:30-07:00,14.577259475218664
2022-01-20T21:45-07:00,16.129032258064512
2022-01-20T22:00-07:00,10.000000000000004
2022-01-20T22:15-07:00,9.815950920245403
2022-01-20T22:30-07:00,19.35007385524372
2022-01-20T22:45-07:00,13.464447806354004
2022-01-20T23:00-07:00,11.486486486486491
2022-01-20T23:15-07:00,8.974358974358974
2022-01-20T23:30-07:00,12.188365650969534
2022-01-20T23:45-07:00,16.289592760180994
2022-01-21T00:00-07:00,5.540540540540537
2022-01-21T00:15-07:00,5.932203389830509
2022-01-21T00:30-07:00,15.126050420168067
2022-01-21T00:45-07:00,23.92273402674591
2022-01-21T01:00-07:00,15.340086830680178
2022-01-21T01:15-07:00,7.983193277310924
2022-01-21T01:30-07:00,15.254237288135593
2022-01-21T01:45-07:00,11.864406779661012
2022-01-21T02:00-07:00,16.371681415929203
2022-01-21T02:15-07:00,7.359307359307359
2022-01-21T02:30-07:00,17.167381974248926
2022-01-21T02:45-07:00,13.063063063063064
2022-01-21T03:00-07:00,14.723032069970841
2022-01-21T03:15-07:00,11.220196353436181
2022-01-21T03:30-07:00,19.90740740740741
2022-01-21T03:45-07:00,14.852941176470583
2022-01-21T04:00-07:00,7.515337423312888
2022-01-21T04:15-07:00,4.405286343612334
2022-01-21T04:30-07:00,12.775330396475772
2022-01-21T04:45-07:00,19.457013574660632
2022-01-21T05:00-07:00,8.357348703170032
2022-01-21T05:15-07:00,11.232876712328771
2022-01-21T05:30-07:00,12.4223602484472
2022-01-21T05:45-07:00,16.927453769559026
2022-01-21T06:00-07:00,4.905063291139245
2022-01-21T06:15-07:00,11.82197496522949
2022-01-21T06:30-07:00,15.279878971255668
2022-01-21T06:45-07:00,17.638691322901852
2022-01-21T07:00-07:00,7.737226277372258
2022-01-21T07:15-07:00,6.6115702479338845
2022-01-21T07:30-07:00,16.22377622377622
2022-01-21T07:45-07:00,10.834553440702777
2022-01-21T08:00-07:00,7.999999999999996
2022-01-21T08:15-07:00,10.547396528704944
2022-01-21T08:30-07:00,11.158798283261802
2022-01-21T08:45-07:00,12.195121951219512
2022-01-21T09:00-07:00,2.5675675675675715
2022-01-21T09:15-07:00,12.803234501347704
2022-01-21T09:30-07:00,12.35370611183356
2022-01-21T09:45-07:00,20.172910662824204
2022-01-21T10:00-07:00,8.812260536398467
2022-01-21T10:15-07:00,9.682080924855496
2022-01-21T10:30-07:00,19.140625
2022-01-21T10:45-07:00,10.655737704918034
2022-01-21T11:00-07:00,17.757009345794394
2022-01-21T11:15-07:00,6.568364611260058
2022-01-21T11:30-07:00,15.2
2022-01-21T11:45-07:00,10.458452722063042
2022-01-21T12:00-07:00,12.64980026631158
2022-01-21T12:15-07:00,5.928853754940712
2022-01-21T12:30-07:00,8.215661103979452
2022-01-21T12:45-07:00,8.379120879120883
2022-01-21T13:00-07:00,12.907608695652169
2022-01-21T13:15-07:00,4.939919893190925
2022-01-21T13:30-07:00,16.77588466579292
2022-01-21T13:45-07:00,7.877169559412546
2022-01-21T14:00-07:00,15.254237288135593
2022-01-21T14:15-07:00,12.185430463576155
2022-01-21T14:30-07:00,16.3826998689384
2022-01-21T14:45-07:00,1.529902642559106
2022-01-21T15:00-07:00,18.76712328767123
2022-01-21T15:15-07:00,16.621983914209117
2022-01-21T15:30-07:00,14.588859416445619
2022-01-21T15:45-07:00,14.20454545454546
2022-01-21T16:00-07:00,7.6
2022-01-21T16:15-07:00,8.438818565400844
2022-01-21T16:30-07:00,13.278008298755188
2022-01-21T16:45-07:00,8.823529411764707
2022-01-21T17:00-07:00,11.952191235059761
2022-01-21T17:15-07:00,12.239221140472884
2022-01-21T17:30-07:00,8.547008547008547
2022-01-21T17:45-07:00,17.236255572065375
2022-01-21T18:00-07:00,9.663865546218487
2022-01-21T18:15-07:00,8.555399719495096
2022-01-21T18:30-07:00,14.179104477611935
2022-01-21T18:45-07:00,19.688385269121813
2022-01-21T19:00-07:00,11.46788990825688
2022-01-21T19:15-07:00,14.985590778097977
2022-01-21T19:30-07:00,7.242339832869085
2022-01-21T19:45-07:00,15.616045845272211
2022-01-21T20:00-07:00,16.228070175438596
2022-01-21T20:15-07:00,11.987860394537183
2022-01-21T20:30-07:00,7.272727272727277
2022-01-21T20:45-07:00,10.309278350515468
2022-01-21T21:00-07:00,20.434782608695652
2022-01-21T21:15-07:00,16.54676258992806
2022-01-21T21:30-07:00,16.972477064220183
2022-01-21T21:45-07:00,8.403361344537815
2022-01-21T22:00-07:00,13.746223564954688
2022-01-21T22:15-07:00,11.64901664145234
2022-01-21T22:30-07:00,13.017751479289945
2022-01-21T22:45-07:00,10.540915395284332
2022-01-21T23:00-07:00,15.121255349500718
2022-01-21T23:15-07:00,17.78093883357041
2022-01-21T23:30-07:00,14.961832061068696
2022-01-21T23:45-07:00,16.407355021216404
2022-01-22T00:00-07:00,6.756756756756757
2022-01-22T00:15-07:00,16.1849710982659
2022-01-22T00:30-07:00,9.18220946915352
2022-01-22T00:45-07:00,19.82507288629738
2022-01-22T01:00-07:00,8.744710860366709
2022-01-22T01:15-07:00,20.820668693009114
2022-01-22T01:30-07:00,10.0
2022-01-22T01:45-07:00,19.11111111111111
2022-01-22T02:00-07:00,8.732394366197179
2022-01-22T02:15-07:00,13.399153737658668
2022-01-22T02:30-07:00,12.669683257918551
2022-01-22T02:45-07:00,19.469026548672566
2022-01-22T03:00-07:00,13.294797687861267
2022-01-22T03:15-07:00,16.068866571018656
2022-01-22T03:30-07:00,15.898959881129267
2022-01-22T03:45-07:00,14.027149321266968
2022-01-22T04:00-07:00,12.903225806451612
2022-01-22T04:15-07:00,12.482468443197751
2022-01-22T04:30-07:00,17.628705148205924
2022-01-22T04:45-07:00,12.861271676300573
2022-01-22T05:00-07:00,19.400855920114125
2022-01-22T05:15-07:00,9.302325581395353
2022-01-22T05:30-07:00,15.419161676646713
2022-01-22T05:45-07:00,10.393258426966288
2022-01-22T06:00-07:00,15.0
2022-01-22T06:15-07:00,5.714285714285714
2022-01-22T06:30-07:00,14.047287899860914
2022-01-22T06:45-07:00,11.938202247191015
2022-01-22T07:00-07:00,17.333333333333332
2022-01-22T07:15-07:00,4.564315352697095
2022-01-22T07:30-07:00,18.585298196948678
2022-01-22T07:45-07:00,12.112259970457908
2022-01-22T08:00-07:00,13.37209302325581
2022-01-22T08:15-07:00,12.017167381974248
2022-01-22T08:30-07:00,13.808139534883717
2022-01-22T08:45-07:00,13.609467455621296
2022-01-22T09:00-07:00,14.940828402366858
2022-01-22T09:15-07:00,9.517045454545459
2022-01-22T09:30-07:00,15.454545454545455
2022-01-22T09:45-07:00,14.20454545454546
2022-01-22T10:00-07:00,11.659192825112108
2022-01-22T10:15-07:00,7.964601769911504
2022-01-22T10:30-07:00,11.203319502074688
2022-01-22T10:45-07:00,13.031161473087813
2022-01-22T11:00-07:00,12.591508052708635
2022-01-22T11:15-07:00,16.618497109826595
2022-01-22T11:30-07:00,9.41828254847645
2022-01-22T11:45-07:00,20.1949860724234
2022-01-22T12:00-07:00,14.224751066856333
2022-01-22T12:15-07:00,11.206896551724139
2022-01-22T12:30-07:00,9.436619718309863
2022-01-22T12:45-07:00,8.149171270718227
2022-01-22T13:00-07:00,5.4285714285714235
2022-01-22T13:15-07:00,14.893617021276595
2022-01-22T13:30-07:00,7.0911722141823486
2022-01-22T13:45-07:00,13.360323886639677
2022-01-22T14:00-07:00,2.5
2022-01-22T14:15-07:00,12.809917355371901
2022-01-22T14:30-07:00,14.202049780380678
2022-01-22T14:45-07:00,8.149171270718227
2022-01-22T15:00-07:00,7.142857142857143
2022-01-22T15:15-07:00,7.142857142857143
2022-01-22T15:30-07:00,12.068965517241379
2022-01-22T15:45-07:00,8.035714285714286
2022-01-22T16:00-07:00,9.789156626506019
2022-01-22T16:15-07:00,6.002728512960432
2022-01-22T16:30-07:00,0.2706359945872763
2022-01-22T16:45-07:00,9.510869565217396
2022-01-22T17:00-07:00,13.999999999999995
2022-01-22T17:15-07:00,5.932203389830509
2022-01-22T17:30-07:00,8.05084745762712
2022-01-22T17:45-07:00,8.169014084507047
2022-01-22T18:00-07:00,10.699588477366255
2022-01-22T18:15-07:00,7.184750733137834
2022-01-22T18:30-07:00,12.809917355371901
2022-01-22T18:45-07:00,10.07194244604317
2022-01-22T19:00-07:00,7.432432432432437
2022-01-22T19:15-07:00,12.230215827338135
2022-01-22T19:30-07:00,11.126564673157159
2022-01-22T19:45-07:00,10.898379970544914
2022-01-22T20:00-07:00,12.709497206703915
2022-01-22T20:15-07:00,10.878661087866108
2022-01-22T20:30-07:00,19.35975609756098
2022-01-22T20:45-07:00,14.918759231905462
2022-01-22T21:00-07:00,15.666178623718883
2022-01-22T21:15-07:00,12.663755458515285
2022-01-22T21:30-07:00,14.071856287425154
2022-01-22T21:45-07:00,11.607142857142858
2022-01-22T22:00-07:00,16.27218934911242
2022-01-22T22:15-07:00,11.357340720221611
2022-01-22T22:30-07:00,11.607142857142858
2022-01-22T22:45-07:00,14.199395770392755
2022-01-22T23:00-07:00,14.809384164222868
2022-01-22T23:15-07:00,17.04035874439462
2022-01-22T23:30-07:00,8.017492711370267
2022-01-22T23:45-07:00,15.582450832072622
2022-01-23T00:00-07:00,10.256410256410257
2022-01-23T00:15-07:00,14.61649782923299
2022-01-23T00:30-07:00,12.445730824891456
2022-01-23T00:45-07:00,15.080527086383608
2022-01-23T01:00-07:00,13.392857142857142
2022-01-23T01:15-07:00,23.86530014641289
2022-01-23T01:30-07:00,2.242152466367713
2022-01-23T01:45-07:00,19.90950226244344
2022-01-23T02:00-07:00,12.591508052708635
2022-01-23T02:15-07:00,19.629057187017004
2022-01-23T02:30-07:00,11.54362416107382
2022-01-23T02:45-07:00,11.221590909090914
2022-01-23T03:00-07:00,11.842105263157896
2022-01-23T03:15-07:00,20.359281437125752
2022-01-23T03:30-07:00,13.513513513513514
2022-01-23T03:45-07:00,7.571428571428567
2022-01-23T04:00-07:00,13.13432835820896
2022-01-23T04:15-07:00,19.48051948051948
2022-01-23T04:30-07:00,17.928902627511587
2022-01-23T04:45-07:00,12.188365650969534
2022-01-23T05:00-07:00,16.589861751152075
2022-01-23T05:15-07:00,10.935251798561156
2022-01-23T05:30-07:00,13.010590015128587
2022-01-23T05:45-07:00,10.911602209944755
2022-01-23T06:00-07:00,18.067226890756302
2022-01-23T06:15-07:00,11.878453038674028
2022-01-23T06:30-07:00,14.977973568281937
2022-01-23T06:45-07:00,6.71140939597315
2022-01-23T07:00-07:00,10.252996005326228
2022-01-23T07:15-07:00,10.898379970544914
2022-01-23T07:30-07:00,15.765765765765765
2022-01-23T07:45-07:00,6.504065040650406
2022-01-23T08:00-07:00,16.54978962131838
2022-01-23T08:15-07:00,13.025210084033613
2022-01-23T08:30-07:00,13.263785394932931
2022-01-23T08:45-07:00,6.172839506172839
2022-01-23T09:00-07:00,9.012875536480687
2022-01-23T09:15-07:00,12.272727272727273
2022-01-23T09:30-07:00,13.58381502890174
2022-01-23T09:45-07:00,18.345864661654133
2022-01-23T10:00-07:00,8.203677510608209
2022-01-23T10:15-07:00,12.463343108504404
2022-01-23T10:30-07:00,17.062314540059354
2022-01-23T10:45-07:00,13.274336283185841
2022-01-23T11:00-07:00,7.659574468085107
2022-01-23T11:15-07:00,12.658227848101266
2022-01-23T11:30-07:00,12.831858407079647
2022-01-23T11:45-07:00,23.323615160349856
2022-01-23T12:00-07:00,12.374100719424456
2022-01-23T12:15-07:00,11.440677966101696
2022-01-23T12:30-07:00,8.504398826979477
2022-01-23T12:45-07:00,15.841584158415847
2022-01-23T13:00-07:00,17.647058823529413
2022-01-23T13:15-07:00,16.29955947136564
2022-01-23T13:30-07:00,12.017167381974248
2022-01-23T13:45-07:00,9.353507565336997
2022-01-23T14:00-07:00,10.31976744186046
2022-01-23T14:15-07:00,18.852459016393443
2022-01-23T14:30-07:00,10.666666666666666
2022-01-23T14:45-07:00,15.683453237410077
2022-01-23T15:00-07:00,9.795918367346939
2022-01-23T15:15-07:00,11.608391608391603
2022-01-23T15:30-07:00,13.13432835820896
2022-01-23T15:45-07:00,9.002770083102488
2022-01-23T16:00-07:00,8.493150684931502
2022-01-23T16:15-07:00,0.9459459459459498
2022-01-23T16:30-07:00,11.1271676300578
2022-01-23T16:45-07:00,13.861386138613858
2022-01-23T17:00-07:00,10.124826629681003
2022-01-23T17:15-07:00,10.511363636363633
2022-01-23T17:30-07:00,5.1983584131326905
2022-01-23T17:45-07:00,14.647887323943658
2022-01-23T18:00-07:00,12.884333821376286
2022-01-23T18:15-07:00,9.67741935483871
2022-01-23T18:30-07:00,7.198952879581157
2022-01-23T18:45-07:00,4.661016949152542
2022-01-23T19:00-07:00,12.500000000000005
2022-01-23T19:15-07:00,19.716088328075706
2022-01-23T19:30-07:00,14.893617021276595
2022-01-23T19:45-07:00,10.692771084337345
2022-01-23T20:00-07:00,10.802919708029192
2022-01-23T20:15-07:00,15.014577259475224
2022-01-23T20:30-07:00,21.893491124260358
2022-01-23T20:45-07:00,8.217270194986067
2022-01-23T21:00-07:00,18.432510885341078
2022-01-23T21:15-07:00,10.882352941176466
2022-01-23T21:30-07:00,12.669683257918551
2022-01-23T21:45-07:00,17.530487804878053
2022-01-23T22:00-07:00,5.042016806722689
2022-01-23T22:15-07:00,12.116788321167878
2022-01-23T22:30-07:00,16.244411326378543
2022-01-23T22:45-07:00,18.656716417910445
2022-01-23T23:00-07:00,9.943181818181824
2022-01-23T23:15-07:00,15.086206896551724
2022-01-23T23:30-07:00,11.128048780487811
2022-01-23T23:45-07:00,19.91701244813278
2022-01-24T00:00-07:00,10.714285714285714
2022-01-24T00:15-07:00,16.08695652173913
2022-01-24T00:30-07:00,16.390977443609028
2022-01-24T00:45-07:00,16.927453769559026
2022-01-24T01:00-07:00,6.734992679355789
2022-01-24T01:15-07:00,19.331395348837212
2022-01-24T01:30-07:00,9.800918836140893
2022-01-24T01:45-07:00,16.763005780346816
2022-01-24T02:00-07:00,4.8034934497816595
2022-01-24T02:15-07:00,17.621145374449338
2022-01-24T02:30-07:00,13.91304347826087
2022-01-24T02:45-07:00,20.614035087719298
2022-01-24T03:00-07:00,7.496463932107492
2022-01-24T03:15-07:00,17.967599410898373
2022-01-24T03:30-07:00,13.884555382215284
2022-01-24T03:45-07:00,19.152276295133433
2022-01-24T04:00-07:00,14.185393258426961
2022-01-24T04:15-07:00,16.228070175438596
2022-01-24T04:30-07:00,15.751445086705207
2022-01-24T04:45-07:00,12.442396313364055
2022-01-24T05:00-07:00,10.458452722063042
2022-01-24T05:15-07:00,10.300429184549357
2022-01-24T05:30-07:00,18.529862174578874
2022-01-24T05:45-07:00,16.1875945537065
2022-01-24T06:00-07:00,15.06276150627615
2022-01-24T06:15-07:00,9.682080924855496
2022-01-24T06:30-07:00,9.67741935483871
2022-01-24T06:45-07:00,14.705882352941176
2022-01-24T07:00-07:00,9.67741935483871
2022-01-24T07:15-07:00,11.715481171548117
2022-01-24T07:30-07:00,13.983050847457626
2022-01-24T07:45-07:00,0.27700831024930356
2022-01-24T08:00-07:00,11.067193675889328
2022-01-24T08:15-07:00,10.975609756097562
2022-01-24T08:30-07:00,14.620689655172418
2022-01-24T08:45-07:00,10.699588477366255
2022-01-24T09:00-07:00,5.154639175257724
2022-01-24T09:15-07:00,10.349650349650345
2022-01-24T09:30-07:00,10.970464135021096
2022-01-24T09:45-07:00,13.65979381443298
2022-01-24T10:00-07:00,10.843373493975903
2022-01-24T10:15-07:00,16.489361702127663
2022-01-24T10:30-07:00,9.115281501340478
2022-01-24T10:45-07:00,14.039735099337753
2022-01-24T11:00-07:00,4.421326397919369
2022-01-24T11:15-07:00,15.38461538461538
2022-01-24T11:30-07:00,10.317460317460318
2022-01-24T11:45-07:00,17.21311475409836
2022-01-24T12:00-07:00,7.2273324572930395
2022-01-24T12:15-07:00,18.96551724137931
2022-01-24T12:30-07:00,11.455525606469006
2022-01-24T12:45-07:00,13.618677042801556
2022-01-24T13:00-07:00,10.635359116022094
2022-01-24T13:15-07:00,13.700384122919344
2022-01-24T13:30-07:00,9.913793103448276
2022-01-24T13:45-07:00,18.668407310704957
2022-01-24T14:00-07:00,10.063694267515915
2022-01-24T14:15-07:00,19.383825417201532
2022-01-24T14:30-07:00,11.69811320754717
2022-01-24T14:45-07:00,9.06757912745936
2022-01-24T15:00-07:00,18.181818181818183
2022-01-24T15:15-07:00,9.840810419681615
2022-01-24T15:30-07:00,11.315789473684205
2022-01-24T15:45-07:00,7.446808510638294
2022-01-24T16:00-07:00,15.091678420310291
2022-01-24T16:15-07:00,10.458081244598093
2022-01-24T16:30-07:00,6.647807637906643
2022-01-24T16:45-07:00,8.130081300813009
2022-01-24T17:00-07:00,16.436637390213306
2022-01-24T17:15-07:00,7.913669064748206
2022-01-24T17:30-07:00,14.577259475218664
2022-01-24T17:45-07:00,8.358208955223876
2022-01-24T18:00-07:00,8.906882591093117
2022-01-24T18:15-07:00,7.142857142857143
2022-01-24T18:30-07:00,7.681564245810061
2022-01-24T18:45-07:00,13.204747774480708
2022-01-24T19:00-07:00,11.382113821138212
2022-01-24T19:15-07:00,14.437689969604858
2022-01-24T19:30-07:00,15.517241379310345
2022-01-24T19:45-07:00,10.091743119266056
2022-01-24T20:00-07:00,13.34250343878955
2022-01-24T20:15-07:00,8.769448373408766
2022-01-24T20:30-07:00,17.748917748917748
2022-01-24T20:45-07:00,11.846153846153841
2022-01-24T21:00-07:00,16.261398176291788
2022-01-24T21:15-07:00,9.916201117318431
2022-01-24T21:30-07:00,13.716814159292035
2022-01-24T21:45-07:00,15.251798561151084
2022-01-24T22:00-07:00,11.818181818181818
2022-01-24T22:15-07:00,9.72602739726027
2022-01-24T22:30-07:00,13.761467889908257
2022-01-24T22:45-07:00,20.084269662921344
2022-01-24T23:00-07:00,18.55828220858896
2022-01-24T23:15-07:00,7.552083333333333
2022-01-24T23:30-07:00,13.793103448275856
2022-01-24T23:45-07:00,13.762811127379214
2022-01-25T00:00-07:00,9.172932330827074
2022-01-25T00:15-07:00,17.246175243393605
2022-01-25T00:30-07:00,10.38495971351836
2022-01-25T00:45-07:00,16.033755274261605
2022-01-25T01:00-07:00,13.075780089153051
2022-01-25T01:15-07:00,13.719943422913724
2022-01-25T01:30-07:00,10.909090909090908
2022-01-25T01:45-07:00,14.09691629955947
2022-01-25T02:00-07:00,11.791044776119406
2022-01-25T02:15-07:00,7.293127629733525
2022-01-25T02:30-07:00,7.390917186108644
2022-01-25T02:45-07:00,13.122171945701357
2022-01-25T03:00-07:00,5.241379310344823
2022-01-25T03:15-07:00,12.076583210603834
2022-01-25T03:30-07:00,12.170087976539584
2022-01-25T03:45-07:00,15.42056074766355
2022-01-25T04:00-07:00,11.096075778078488
2022-01-25T04:15-07:00,4.227405247813407
2022-01-25T04:30-07:00,15.22693997071742
2022-01-25T04:45-07:00,11.267605633802816
2022-01-25T05:00-07:00,9.623430962343097
2022-01-25T05:15-07:00,7.280219780219777
2022-01-25T05:30-07:00,10.64467766116941
2022-01-25T05:45-07:00,9.174311926605505
2022-01-25T06:00-07:00,12.903225806451609
2022-01-25T06:15-07:00,7.228915662650603
2022-01-25T06:30-07:00,13.080168776371307
2022-01-25T06:45-07:00,13.265306122448985
2022-01-25T07:00-07:00,8.93561103810775
2022-01-25T07:15-07:00,7.172995780590718
2022-01-25T07:30-07:00,8.085106382978724
2022-01-25T07:45-07:00,7.44985673352436
2022-01-25T08:00-07:00,5.305039787798412
2022-01-25T08:15-07:00,11.9798234552333
2022-01-25T08:30-07:00,12.716763005780352
2022-01-25T08:45-07:00,22.546419098143232
2022-01-25T09:00-07:00,5.486284289276808
2022-01-25T09:15-07:00,21.10817941952507
2022-01-25T09:30-07:00,14.227642276422765
2022-01-25T09:45-07:00,12.339331619537274
2022-01-25T10:00-07:00,11.562897077509522
2022-01-25T10:15-07:00,18.269230769230774
2022-01-25T10:30-07:00,11.850865512649795
2022-01-25T10:45-07:00,12.907608695652169
2022-01-25T11:00-07:00,4.900332225913626
2022-01-25T11:15-07:00,16.06425702811245
2022-01-25T11:30-07:00,11.15702479338843
2022-01-25T11:45-07:00,21.70963364993216
2022-01-25T12:00-07:00,6.092715231788084
2022-01-25T12:15-07:00,12.204724409448819
2022-01-25T12:30-07:00,12.398921832884092
2022-01-25T12:45-07:00,11.340206185567002
2022-01-25T13:00-07:00,17.551020408163264
2022-01-25T13:15-07:00,3.5980148883374756
2022-01-25T13:30-07:00,13.896848137535821
2022-01-25T13:45-07:00,6.302521008403361
2022-01-25T14:00-07:00,15.6
2022-01-25T14:15-07:00,6.938775510204081
2022-01-25T14:30-07:00,7.633587786259542
2022-01-25T14:45-07:00,15.672676837725376
2022-01-25T15:00-07:00,12.5668449197861
2022-01-25T15:15-07:00,13.623978201634882
2022-01-25T15:30-07:00,7.874015748031496
2022-01-25T15:45-07:00,11.049723756906072
2022-01-25T16:00-07:00,12.301587301587302
2022-01-25T16:15-07:00,8.041958041958042
2022-01-25T16:30-07:00,15.034482758620694
2022-01-25T16:45-07:00,2.3904382470119523
2022-01-25T17:00-07:00,15.825375170532055
2022-01-25T17:15-07:00,10.354223433242511
2022-01-25T17:30-07:00,14.606741573033704
2022-01-25T17:45-07:00,6.986899563318778
2022-01-25T18:00-07:00,7.569721115537849
2022-01-25T18:15-07:00,9.050445103857571
2022-01-25T18:30-07:00,13.733905579399142
2022-01-25T18:45-07:00,7.577807848443839
2022-01-25T19:00-07:00,3.5422343324250645
2022-01-25T19:15-07:00,16.763005780346816
2022-01-25T19:30-07:00,16.41104294478527
2022-01-25T19:45-07:00,11.11111111111111
2022-01-25T20:00-07:00,5.494505494505499
2022-01-25T20:15-07:00,10.274963820549923
2022-01-25T20:30-07:00,17.01807228915662
2022-01-25T20:45-07:00,12.285714285714281
2022-01-25T21:00-07:00,12.448132780082988
2022-01-25T21:15-07:00,15.235457063711907
2022-01-25T21:30-07:00,16.536661466458664
2022-01-25T21:45-07:00,14.918759231905462
2022-01-25T22:00-07:00,7.523939808481537
2022-01-25T22:15-07:00,15.820029027576203
2022-01-25T22:30-07:00,16.8421052631579
2022-01-25T22:45-07:00,13.991163475699553
2022-01-25T23:00-07:00,9.353507565336997
2022-01-25T23:15-07:00,13.215859030837004
2022-01-25T23:30-07:00,10.966542750929362
2022-01-25T23:45-07:00,17.105263157894736
2022-01-26T00:00-07:00,8.755129958960334
2022-01-26T00:15-07:00,6.828003457216934
2022-01-26T00:30-07:00,12.884333821376286
2022-01-26T00:45-07:00,15.959004392386536
2022-01-26T01:00-07:00,5.958549222797927
2022-01-26T01:15-07:00,9.470752089136486
2022-01-26T01:30-07:00,16.23931623931624
2022-01-26T01:45-07:00,16.617647058823525
2022-01-26T02:00-07:00,7.172995780590718
2022-01-26T02:15-07:00,8.597285067873303
2022-01-26T02:30-07:00,20.26049204052098
2022-01-26T02:45-07:00,5.3824362606232246
2022-01-26T03:00-07:00,13.944223107569721
2022-01-26T03:15-07:00,5.3824362606232246
2022-01-26T03:30-07:00,15.486725663716815
2022-01-26T03:45-07:00,13.38028169014084
2022-01-26T04:00-07:00,4.748603351955312
2022-01-26T04:15-07:00,9.28882438316401
2022-01-26T04:30-07:00,17.246175243393605
2022-01-26T04:45-07:00,16.71597633136094
2022-01-26T05:00-07:00,12.875536480686696
2022-01-26T05:15-07:00,8.271787296898076
2022-01-26T05:30-07:00,19.457013574660632
2022-01-26T05:45-07:00,7.6502732240437155
2022-01-26T06:00-07:00,9.12863070539419
2022-01-26T06:15-07:00,6.019151846785221
2022-01-26T06:30-07:00,9.94575045207957
2022-01-26T06:45-07:00,11.428571428571423
2022-01-26T07:00-07:00,3.5971223021582777
2022-01-26T07:15-07:00,10.354223433242511
2022-01-26T07:30-07:00,8.965517241379306
2022-01-26T07:45-07:00,17.42738589211618
2022-01-26T08:00-07:00,3.2388663967611335
2022-01-26T08:15-07:00,7.001321003963008
2022-01-26T08:30-07:00,12.191780821917803
2022-01-26T08:45-07:00,9.205020920502092
2022-01-26T09:00-07:00,2.814569536423836
2022-01-26T09:15-07:00,9.161290322580655
2022-01-26T09:30-07:00,13.404825737265421
2022-01-26T09:45-07:00,13.481675392670162
2022-01-26T10:00-07:00,2.263648468708385
2022-01-26T10:15-07:00,7.142857142857149
2022-01-26T10:30-07:00,12.038303693570457
2022-01-26T10:45-07:00,15.321477428180579
2022-01-26T11:00-07:00,10.887096774193548
2022-01-26T11:15-07:00,10.141206675224637
2022-01-26T11:30-07:00,8.755129958960334
2022-01-26T11:45-07:00,15.084525357607292
2022-01-26T12:00-07:00,20.805369127516776
2022-01-26T12:15-07:00,8.906882591093117
2022-01-26T12:30-07:00,10.671936758893281
2022-01-26T12:45-07:00,12.173913043478262
2022-01-26T13:00-07:00,16.301369863013694
2022-01-26T13:15-07:00,12.757201646090534
2022-01-26T13:30-07:00,12.244897959183673
2022-01-26T13:45-07:00,8.94308943089431
2022-01-26T14:00-07:00,12.468407750631838
2022-01-26T14:15-07:00,16.015625
2022-01-26T14:30-07:00,17.042253521126767
2022-01-26T14:45-07:00,8.521970705725703
2022-01-26T15:00-07:00,19.072164948453597
2022-01-26T15:15-07:00,12.393162393162394
2022-01-26T15:30-07:00,15.760869565217387
2022-01-26T15:45-07:00,8.096085409252662
2022-01-26T16:00-07:00,11.923076923076923
2022-01-26T16:15-07:00,15.056818181818187
2022-01-26T16:30-07:00,14.40677966101695
2022-01-26T16:45-07:00,15.163934426229508
2022-01-26T17:00-07:00,13.920454545454541
2022-01-26T17:15-07:00,6.351351351351347
2022-01-26T17:30-07:00,6.90140845070423
2022-01-26T17:45-07:00,9.01162790697674
2022-01-26T18:00-07:00,13.573407202216062
2022-01-26T18:15-07:00,10.110803324099727
2022-01-26T18:30-07:00,10.317460317460318
2022-01-26T18:45-07:00,9.090909090909092
2022-01-26T19:00-07:00,17.083946980854193
2022-01-26T19:15-07:00,18.68613138686131
2022-01-26T19:30-07:00,4.0431266846361185
2022-01-26T19:45-07:00,18.672199170124482
2022-01-26T20:00-07:00,12.946428571428571
2022-01-26T20:15-07:00,13.573407202216066
2022-01-26T20:30-07:00,14.86676016830295
2022-01-26T20:45-07:00,14.929577464788737
2022-01-26T21:00-07:00,15.361890694239287
2022-01-26T21:15-07:00,16.691505216095386
2022-01-26T21:30-07:00,12.173913043478262
2022-01-26T21:45-07:00,7.161125319693094
2022-01-26T22:00-07:00,21.962616822429908
2022-01-26T22:15-07:00,21.810699588477366
2022-01-26T22:30-07:00,20.351390922401176
2022-01-26T22:45-07:00,9.9601593625498
2022-01-26T23:00-07:00,16.310975609756092
2022-01-26T23:15-07:00,18.01801801801802
2022-01-26T23:30-07:00,15.850144092219015
2022-01-26T23:45-07:00,13.207547169811326
2022-01-27T00:00-07:00,18.273381294964032
2022-01-27T00:15-07:00,12.618296529968449
2022-01-27T00:30-07:00,22.20650636492221
2022-01-27T00:45-07:00,10.056657223796028
2022-01-27T01:00-07:00,18.83408071748879
2022-01-27T01:15-07:00,17.236255572065375
2022-01-27T01:30-07:00,9.476661951909481
2022-01-27T01:45-07:00,12.55115961800818
2022-01-27T02:00-07:00,19.82507288629738
2022-01-27T02:15-07:00,15.246636771300448
2022-01-27T02:30-07:00,11.691884456671255
2022-01-27T02:45-07:00,8.951048951048955
2022-01-27T03:00-07:00,12.275449101796413
2022-01-27T03:15-07:00,13.199426111908172
2022-01-27T03:30-07:00,9.598853868194848
2022-01-27T03:45-07:00,13.453536754507633
2022-01-27T04:00-07:00,10.719754977029101
2022-01-27T04:15-07:00,16.956521739130434
2022-01-27T04:30-07:00,14.24541607898448
2022-01-27T04:45-07:00,17.567567567567572
2022-01-27T05:00-07:00,17.824773413897287
2022-01-27T05:15-07:00,10.70143884892087
2022-01-27T05:30-07:00,8.03177405119152
2022-01-27T05:45-07:00,14.446002805049094
2022-01-27T06:00-07:00,20.72072072072072
2022-01-27T06:15-07:00,16.573816155988855
2022-01-27T06:30-07:00,12.727272727272732
2022-01-27T06:45-07:00,16.999999999999996
2022-01-27T07:00-07:00,10.698096101541244
2022-01-27T07:15-07:00,11.081081081081086
2022-01-27T07:30-07:00,7.54716981132075
2022-01-27T07:45-07:00,15.948275862068966
2022-01-27T08:00-07:00,16.033755274261605
2022-01-27T08:15-07:00,8.344733242134067
2022-01-27T08:30-07:00,8.701298701298692
2022-01-27T08:45-07:00,17.280453257790363
2022-01-27T09:00-07:00,17.092866756393004
2022-01-27T09:15-07:00,13.289473684210522
2022-01-27T09:30-07:00,4.207920792079208
2022-01-27T09:45-07:00,15.06276150627615
2022-01-27T10:00-07:00,14.814814814814815
2022-01-27T10:15-07:00,9.942481511914538
2022-01-27T10:30-07:00,5.0
2022-01-27T10:45-07:00,16.18037135278514
2022-01-27T11:00-07:00,21.948051948051937
2022-01-27T11:15-07:00,15.629139072847687
2022-01-27T11:30-07:00,10.18867924528302
2022-01-27T11:45-07:00,11.284046692607005
2022-01-27T12:00-07:00,20.24793388429752
2022-01-27T12:15-07:00,13.806970509383383
2022-01-27T12:30-07:00,18.87608069164265
2022-01-27T12:45-07:00,17.20569210866752
2022-01-27T13:00-07:00,13.7150466045273
2022-01-27T13:15-07:00,14.785992217898833
2022-01-27T13:30-07:00,21.71428571428571
2022-01-27T13:45-07:00,8.379120879120883
2022-01-27T14:00-07:00,8.222811671087529
2022-01-27T14:15-07:00,9.54356846473029
2022-01-27T14:30-07:00,21.100917431192656
2022-01-27T14:45-07:00,15.19337016574585
2022-01-27T15:00-07:00,8.19672131147541
2022-01-27T15:15-07:00,9.920634920634921
2022-01-27T15:30-07:00,15.879828326180258
2022-01-27T15:45-07:00,14.693295292439377
2022-01-27T16:00-07:00,10.723860589812329
2022-01-27T16:15-07:00,16.301369863013694
2022-01-27T16:30-07:00,8.115543328748275
2022-01-27T16:45-07:00,15.351506456241028
2022-01-27T17:00-07:00,10.680907877169556
2022-01-27T17:15-07:00,22.048364153627308
2022-01-27T17:30-07:00,8.077994428969363
2022-01-27T17:45-07:00,13.229571984435797
2022-01-27T18:00-07:00,9.793103448275858
2022-01-27T18:15-07:00,19.136690647482016
2022-01-27T18:30-07:00,16.52542372881356
2022-01-27T18:45-07:00,8.502538071065981
2022-01-27T19:00-07:00,6.077348066298338
2022-01-27T19:15-07:00,17.042253521126767
2022-01-27T19:30-07:00,11.894273127753303
2022-01-27T19:45-07:00,15.450643776824034
2022-01-27T20:00-07:00,6.424581005586597
2022-01-27T20:15-07:00,13.458950201884258
2022-01-27T20:30-07:00,15.549215406562059
2022-01-27T20:45-07:00,13.20224719101124
2022-01-27T21:00-07:00,8.238636363636369
2022-01-27T21:15-07:00,17.062937062937056
2022-01-27T21:30-07:00,16.326530612244902
2022-01-27T21:45-07:00,11.570247933884298
2022-01-27T22:00-07:00,11.079943899018238
2022-01-27T22:15-07:00,9.735744089012522
2022-01-27T22:30-07:00,16.20029455081001
2022-01-27T22:45-07:00,11.871508379888272
2022-01-27T23:00-07:00,15.479452054794516
2022-01-27T23:15-07:00,8.906882591093117
2022-01-27T23:30-07:00,18.71428571428571
2022-01-27T23:45-07:00,17.410714285714285
2022-01-28T00:00-07:00,12.605042016806722
2022-01-28T00:15-07:00,7.563025210084033
2022-01-28T00:30-07:00,15.258855585831068
2022-01-28T00:45-07:00,15.695067264573991
2022-01-28T01:00-07:00,13.586956521739134
2022-01-28T01:15-07:00,14.756446991404017
2022-01-28T01:30-07:00,15.317919075144514
2022-01-28T01:45-07:00,15.454545454545455
2022-01-28T02:00-07:00,13.934426229508198
2022-01-28T02:15-07:00,10.680907877169556
2022-01-28T02:30-07:00,17.215568862275454
2022-01-28T02:45-07:00,18.910741301058998
2022-01-28T03:00-07:00,10.384068278805126
2022-01-28T03:15-07:00,12.285714285714281
2022-01-28T03:30-07:00,17.02412868632708
2022-01-28T03:45-07:00,17.54385964912281
2022-01-28T04:00-07:00,10.384068278805126
2022-01-28T04:15-07:00,13.524590163934427
2022-01-28T04:30-07:00,16.9811320754717
2022-01-28T04:45-07:00,17.22141823444283
2022-01-28T05:00-07:00,15.160349854227402
2022-01-28T05:15-07:00,9.673024523160759
2022-01-28T05:30-07:00,12.68011527377522
2022-01-28T05:45-07:00,16.877637130801688
2022-01-28T06:00-07:00,8.484005563282341
2022-01-28T06:15-07:00,10.958904109589037
2022-01-28T06:30-07:00,15.758468335787919
2022-01-28T06:45-07:00,15.955983493810173
2022-01-28T07:00-07:00,17.280453257790363
2022-01-28T07:15-07:00,13.538873994638067
2022-01-28T07:30-07:00,10.477657935285048
2022-01-28T07:45-07:00,18.558077436582114
2022-01-28T08:00-07:00,8.448753462603882
2022-01-28T08:15-07:00,11.25
2022-01-28T08:30-07:00,19.35483870967742
2022-01-28T08:45-07:00,10.547945205479447
2022-01-28T09:00-07:00,13.7150466045273
2022-01-28T09:15-07:00,11.318051575931237
2022-01-28T09:30-07:00,11.357340720221611
2022-01-28T09:45-07:00,17.748917748917748
2022-01-28T10:00-07:00,16.55801825293351
2022-01-28T10:15-07:00,16.64335664335664
2022-01-28T10:30-07:00,13.821138211382113
2022-01-28T10:45-07:00,13.67628607277289
2022-01-28T11:00-07:00,17.02412868632708
2022-01-28T11:15-07:00,8.641975308641975
2022-01-28T11:30-07:00,17.24137931034483
2022-01-28T11:45-07:00,23.170731707317074
2022-01-28T12:00-07:00,11.065573770491802
2022-01-28T12:15-07:00,15.19337016574585
2022-01-28T12:30-07:00,20.22756005056889
2022-01-28T12:45-07:00,16.553595658073267
2022-01-28T13:00-07:00,17.728531855955676
2022-01-28T13:15-07:00,10.65918653576438
2022-01-28T13:30-07:00,12.749003984063744
2022-01-28T13:45-07:00,10.124826629681003
2022-01-28T14:00-07:00,12.048192771084338
2022-01-28T14:15-07:00,14.166666666666666
2022-01-28T14:30-07:00,16.317991631799163
2022-01-28T14:45-07:00,8.928571428571422
2022-01-28T15:00-07:00,6.1959654178674395
2022-01-28T15:15-07:00,11.885245901639344
2022-01-28T15:30-07:00,12.0
2022-01-28T15:45-07:00,16.552667578659374
2022-01-28T16:00-07:00,17.094017094017094
2022-01-28T16:15-07:00,10.178817056396143
2022-01-28T16:30-07:00,14.86676016830295
2022-01-28T16:45-07:00,17.07317073170732
2022-01-28T17:00-07:00,13.629842180774745
2022-01-28T17:15-07:00,15.182481751824811
2022-01-28T17:30-07:00,7.294429708222816
2022-01-28T17:45-07:00,10.07194244604317
2022-01-28T18:00-07:00,9.45945945945946
2022-01-28T18:15-07:00,21.25
2022-01-28T18:30-07:00,13.733905579399142
2022-01-28T18:45-07:00,6.629055007052181
2022-01-28T19:00-07:00,15.244755244755249
2022-01-28T19:15-07:00,12.158054711246196
2022-01-28T19:30-07:00,12.831858407079647
2022-01-28T19:45-07:00,18.94273127753304
2022-01-28T20:00-07:00,5.924855491329476
2022-01-28T20:15-07:00,11.946902654867257
2022-01-28T20:30-07:00,16.691505216095386
2022-01-28T20:45-07:00,9.232954545454541
2022-01-28T21:00-07:00,19.82758620689655
2022-01-28T21:15-07:00,5.102040816326526
2022-01-28T21:30-07:00,19.164265129683
2022-01-28T21:45-07:00,12.444444444444445
2022-01-28T22:00-07:00,15.546218487394958
2022-01-28T22:15-07:00,10.169491525423728
2022-01-28T22:30-07:00,10.775862068965518
2022-01-28T22:45-07:00,16.0
2022-01-28T23:00-07:00,14.224137931034482
2022-01-28T23:15-07:00,5.8823529411764754
2022-01-28T23:30-07:00,16.36107193229901
2022-01-28T23:45-07:00,13.537117903930131
2022-01-29T00:00-07:00,23.26951399116347
2022-01-29T00:15-07:00,13.441654357459385
2022-01-29T00:30-07:00,14.246575342465748
2022-01-29T00:45-07:00,8.892128279883387
2022-01-29T01:00-07:00,15.283842794759826
2022-01-29T01:15-07:00,11.312217194570136
2022-01-29T01:30-07:00,7.201086956521735
2022-01-29T01:45-07:00,15.283842794759826
2022-01-29T02:00-07:00,12.247838616714702
2022-01-29T02:15-07:00,12.987012987012987
2022-01-29T02:30-07:00,12.022630834512027
2022-01-29T02:45-07:00,12.711864406779661
2022-01-29T03:00-07:00,11.711711711711711
2022-01-29T03:15-07:00,15.137614678899082
2022-01-29T03:30-07:00,10.943912448700406
2022-01-29T03:45-07:00,12.60623229461756
2022-01-29T04:00-07:00,15.116279069767437
2022-01-29T04:15-07:00,14.537444933920705
2022-01-29T04:30-07:00,17.56756756756757
2022-01-29T04:45-07:00,13.547486033519558
2022-01-29T05:00-07:00,5.405405405405401
2022-01-29T05:15-07:00,17.431192660550458
2022-01-29T05:30-07:00,15.970149253731337
2022-01-29T05:45-07:00,13.247863247863247
2022-01-29T06:00-07:00,7.9320113314447545
2022-01-29T06:15-07:00,11.516034985422746
2022-01-29T06:30-07:00,12.5
2022-01-29T06:45-07:00,5.555555555555555
2022-01-29T07:00-07:00,5.610098176718097
2022-01-29T07:15-07:00,11.36690647482015
2022-01-29T07:30-07:00,15.050651230101296
2022-01-29T07:45-07:00,11.51178918169209
2022-01-29T08:00-07:00,10.126582278481013
2022-01-29T08:15-07:00,18.370165745856355
2022-01-29T08:30-07:00,15.417867435158497
2022-01-29T08:45-07:00,17.167381974248926
2022-01-29T09:00-07:00,9.201623815967519
2022-01-29T09:15-07:00,17.07317073170732
2022-01-29T09:30-07:00,16.89944134078213
2022-01-29T09:45-07:00,13.476263399693726
2022-01-29T10:00-07:00,9.31174089068826
2022-01-29T10:15-07:00,11.344537815126051
2022-01-29T10:30-07:00,13.445378151260504
2022-01-29T10:45-07:00,13.50210970464135
2022-01-29T11:00-07:00,10.589812332439683
2022-01-29T11:15-07:00,7.752956636005252
2022-01-29T11:30-07:00,16.033755274261605
2022-01-29T11:45-07:00,10.511363636363633
2022-01-29T12:00-07:00,8.271787296898076
2022-01-29T12:15-07:00,10.000000000000004
2022-01-29T12:30-07:00,14.413075780089157
2022-01-29T12:45-07:00,12.342215988779808
2022-01-29T13:00-07:00,13.58381502890174
2022-01-29T13:15-07:00,13.489736070381227
2022-01-29T13:30-07:00,6.657608695652178
2022-01-29T13:45-07:00,10.878661087866108
2022-01-29T14:00-07:00,15.182481751824811
2022-01-29T14:15-07:00,12.674094707520895
2022-01-29T14:30-07:00,8.707865168539321
2022-01-29T14:45-07:00,8.28877005347593
2022-01-29T15:00-07:00,10.78838174273859
2022-01-29T15:15-07:00,18.127786032689446
2022-01-29T15:30-07:00,9.090909090909086
2022-01-29T15:45-07:00,15.98360655737705
2022-01-29T16:00-07:00,4.073033707865164
2022-01-29T16:15-07:00,16.970546984572234
2022-01-29T16:30-07:00,12.946428571428571
2022-01-29T16:45-07:00,13.719943422913724
2022-01-29T17:00-07:00,12.716763005780352
2022-01-29T17:15-07:00,10.79545454545455
2022-01-29T17:30-07:00,12.80575539568345
2022-01-29T17:45-07:00,11.24620060790273
2022-01-29T18:00-07:00,15.488721804511284
2022-01-29T18:15-07:00,16.20029455081001
2022-01-29T18:30-07:00,9.31174089068826
2022-01-29T18:45-07:00,11.173974540311178
2022-01-29T19:00-07:00,15.79689703808181
2022-01-29T19:15-07:00,9.295352323838076
2022-01-29T19:30-07:00,10.549132947976883
2022-01-29T19:45-07:00,11.871508379888272
2022-01-29T20:00-07:00,11.953352769679306
2022-01-29T20:15-07:00,15.517241379310345
2022-01-29T20:30-07:00,17.41007194244605
2022-01-29T20:45-07:00,6.544502617801043
2022-01-29T21:00-07:00,17.748917748917748
2022-01-29T21:15-07:00,13.574660633484163
2022-01-29T21:30-07:00,20.0
2022-01-29T21:45-07:00,6.7919075144508625
2022-01-29T22:00-07:00,13.959731543624157
2022-01-29T22:15-07:00,17.530487804878053
2022-01-29T22:30-07:00,7.703488372093019
2022-01-29T22:45-07:00,13.688760806916422
2022-01-29T23:00-07:00,9.41828254847645
2022-01-29T23:15-07:00,11.388455538221534
2022-01-29T23:30-07:00,15.384615384615385
2022-01-29T23:45-07:00,13.399153737658668
2022-01-30T00:00-07:00,14.537444933920705
2022-01-30T00:15-07:00,14.042553191489361
2022-01-30T00:30-07:00,11.711711711711711
2022-01-30T00:45-07:00,13.88478581979321
2022-01-30T01:00-07:00,11.331444759206795
2022-01-30T01:15-07:00,11.36690647482015
2022-01-30T01:30-07:00,11.538461538461538
2022-01-30T01:45-07:00,21.57434402332362
2022-01-30T02:00-07:00,12.859304084720126
2022-01-30T02:15-07:00,12.0
2022-01-30T02:30-07:00,14.182344428364683
2022-01-30T02:45-07:00,11.047345767575317
2022-01-30T03:00-07:00,17.187499999999993
2022-01-30T03:15-07:00,10.66282420749279
2022-01-30T03:30-07:00,12.499999999999995
2022-01-30T03:45-07:00,20.18348623853211
2022-01-30T04:00-07:00,12.386706948640489
2022-01-30T04:15-07:00,12.239221140472884
2022-01-30T04:30-07:00,13.157894736842104
2022-01-30T04:45-07:00,13.165680473372776
2022-01-30T05:00-07:00,16.11510791366907
2022-01-30T05:15-07:00,4.939919893190925
2022-01-30T05:30-07:00,15.9771754636234
2022-01-30T05:45-07:00,12.759643916913943
2022-01-30T06:00-07:00,19.502074688796682
2022-01-30T06:15-07:00,6.3559322033898304
2022-01-30T06:30-07:00,12.955465587044534
2022-01-30T06:45-07:00,16.88888888888889
2022-01-30T07:00-07:00,10.52631578947368
2022-01-30T07:15-07:00,5.9071729957805905
2022-01-30T07:30-07:00,13.940256045519199
2022-01-30T07:45-07:00,12.247838616714702
2022-01-30T08:00-07:00,12.285714285714281
2022-01-30T08:15-07:00,3.403141361256541
2022-01-30T08:30-07:00,17.84172661870504
2022-01-30T08:45-07:00,12.555391432791733
2022-01-30T09:00-07:00,12.71428571428571
2022-01-30T09:15-07:00,5.0
2022-01-30T09:30-07:00,14.68023255813953
2022-01-30T09:45-07:00,13.574660633484163
2022-01-30T10:00-07:00,13.596491228070175
2022-01-30T10:15-07:00,7.8061911170928715
2022-01-30T10:30-07:00,10.124826629681003
2022-01-30T10:45-07:00,14.992927864214998
2022-01-30T11:00-07:00,12.017167381974248
2022-01-30T11:15-07:00,7.172995780590718
2022-01-30T11:30-07:00,2.797202797202793
2022-01-30T11:45-07:00,19.565217391304348
2022-01-30T12:00-07:00,10.300429184549357
2022-01-30T12:15-07:00,12.987012987012987
2022-01-30T12:30-07:00,6.601123595505613
2022-01-30T12:45-07:00,5.326231691078566
2022-01-30T13:00-07:00,17.538896746817542
2022-01-30T13:15-07:00,8.333333333333334
2022-01-30T13:30-07:00,7.758620689655173
2022-01-30T13:45-07:00,8.912188728702485
2022-01-30T14:00-07:00,8.73015873015873
2022-01-30T14:15-07:00,11.203319502074688
2022-01-30T14:30-07:00,7.460545193687235
2022-01-30T14:45-07:00,14.15929203539823
2022-01-30T15:00-07:00,8.502024291497976
2022-01-30T15:15-07:00,7.8061911170928715
2022-01-30T15:30-07:00,13.642960812772138
2022-01-30T15:45-07:00,9.24608819345661
2022-01-30T16:00-07:00,11.420612813370477
2022-01-30T16:15-07:00,3.5135135135135096
2022-01-30T16:30-07:00,7.934336525307802
2022-01-30T16:45-07:00,11.09510086455331
2022-01-30T17:00-07:00,16.301369863013694
2022-01-30T17:15-07:00,14.793741109530577
2022-01-30T17:30-07:00,2.2346368715083837
2022-01-30T17:45-07:00,9.557774607703285
2022-01-30T18:00-07:00,14.040114613180512
2022-01-30T18:15-07:00,11.063829787234043
2022-01-30T18:30-07:00,8.613728129205926
2022-01-30T18:45-07:00,7.659574468085107
2022-01-30T19:00-07:00,21.044992743105954
2022-01-30T19:15-07:00,11.44130757800891
2022-01-30T19:30-07:00,15.453194650817231
2022-01-30T19:45-07:00,9.370424597364574
2022-01-30T20:00-07:00,16.455696202531644
2022-01-30T20:15-07:00,14.461538461538467
2022-01-30T20:30-07:00,14.395099540581935
2022-01-30T20:45-07:00,6.71140939597315
2022-01-30T21:00-07:00,9.329446064139947
2022-01-30T21:15-07:00,11.51178918169209
2022-01-30T21:30-07:00,12.974683544303803
2022-01-30T21:45-07:00,10.41948579161028
2022-01-30T22:00-07:00,8.0
2022-01-30T22:15-07:00,21.609538002980628
2022-01-30T22:30-07:00,12.831858407079647
2022-01-30T22:45-07:00,17.397881996974284
2022-01-30T23:00-07:00,4.9865229110512175
2022-01-30T23:15-07:00,16.444444444444443
2022-01-30T23:30-07:00,12.46200607902736
2022-01-30T23:45-07:00,17.138599105812226
2022-01-31T00:00-07:00,5.524861878453043
2022-01-31T00:15-07:00,19.145802650957293
2022-01-31T00:30-07:00,13.265306122448985
2022-01-31T00:45-07:00,14.325452016689852
2022-01-31T01:00-07:00,5.80736543909348
2022-01-31T01:15-07:00,10.480349344978166
2022-01-31T01:30-07:00,15.875370919881302
2022-01-31T01:45-07:00,13.461538461538465
2022-01-31T02:00-07:00,9.282700421940929
2022-01-31T02:15-07:00,10.821917808219181
2022-01-31T02:30-07:00,21.333333333333332
2022-01-31T02:45-07:00,10.52631578947369
2022-01-31T03:00-07:00,13.183730715287522
2022-01-31T03:15-07:00,6.557377049180328
2022-01-31T03:30-07:00,15.939849624060155
2022-01-31T03:45-07:00,13.782991202346045
2022-01-31T04:00-07:00,12.53521126760563
2022-01-31T04:15-07:00,10.212765957446809
2022-01-31T04:30-07:00,18.061674008810574
2022-01-31T04:45-07:00,16.999999999999996
2022-01-31T05:00-07:00,13.88478581979321
2022-01-31T05:15-07:00,7.854137447405326
2022-01-31T05:30-07:00,17.01807228915662
2022-01-31T05:45-07:00,16.216216216216218
2022-01-31T06:00-07:00,13.41991341991342
2022-01-31T06:15-07:00,8.264462809917354
2022-01-31T06:30-07:00,8.661417322834646
2022-01-31T06:45-07:00,10.78286558345643
2022-01-31T07:00-07:00,10.56910569105691
2022-01-31T07:15-07:00,7.723577235772358
2022-01-31T07:30-07:00,7.242339832869085
2022-01-31T07:45-07:00,5.663189269746642
2022-01-31T08:00-07:00,8.083441981747063
2022-01-31T08:15-07:00,7.2273324572930395
2022-01-31T08:30-07:00,12.727272727272732
2022-01-31T08:45-07:00,14.574898785425102
2022-01-31T09:00-07:00,2.4707412223667027
2022-01-31T09:15-07:00,8.30188679245283
2022-01-31T09:30-07:00,14.26592797783934
2022-01-31T09:45-07:00,16.07629427792916
2022-01-31T10:00-07:00,8.016877637130802
2022-01-31T10:15-07:00,10.94890510948905
2022-01-31T10:30-07:00,10.970464135021096
2022-01-31T10:45-07:00,11.627906976744185
2022-01-31T11:00-07:00,8.774193548387105
2022-01-31T11:15-07:00,7.222914072229133
2022-01-31T11:30-07:00,14.634146341463415
2022-01-31T11:45-07:00,13.751668891855813
2022-01-31T12:00-07:00,15.873015873015873
2022-01-31T12:15-07:00,8.984375
2022-01-31T12:30-07:00,12.787723785166232
2022-01-31T12:45-07:00,10.252996005326228
2022-01-31T13:00-07:00,11.715481171548117
2022-01-31T13:15-07:00,9.0909090909091
2022-01-31T13:30-07:00,4.840764331210198
2022-01-31T13:45-07:00,9.33852140077821
2022-01-31T14:00-07:00,11.336032388663968
2022-01-31T14:15-07:00,10.095497953615276
2022-01-31T14:30-07:00,7.701863354037275
2022-01-31T14:45-07:00,5.073431241655537
2022-01-31T15:00-07:00,15.6
2022-01-31T15:15-07:00,14.244186046511622
2022-01-31T15:30-07:00,16.153846153846153
2022-01-31T15:45-07:00,10.362694300518143
2022-01-31T16:00-07:00,12.447552447552443
2022-01-31T16:15-07:00,8.392603129445229
2022-01-31T16:30-07:00,12.763157894736846
2022-01-31T16:45-07:00,8.130081300813009
2022-01-31T17:00-07:00,7.782101167315175
2022-01-31T17:15-07:00,11.532846715328471
2022-01-31T17:30-07:00,11.857142857142852
2022-01-31T17:45-07:00,8.23045267489712
2022-01-31T18:00-07:00,6.413994169096205
2022-01-31T18:15-07:00,10.466760961810463
2022-01-31T18:30-07:00,15.151515151515152
2022-01-31T18:45-07:00,12.588401697312584
2022-01-31T19:00-07:00,15.021459227467812
2022-01-31T19:15-07:00,11.869436201780411
2022-01-31T19:30-07:00,14.46808510638298
2022-01-31T19:45-07:00,8.392603129445229
2022-01-31T20:00-07:00,10.056657223796028
2022-01-31T20:15-07:00,8.458390177353337
2022-01-31T20:30-07:00,12.68011527377522
2022-01-31T20:45-07:00,17.68901569186876
2022-01-31T21:00-07:00,3.823529411764702
2022-01-31T21:15-07:00,8.481532147742813
2022-01-31T21:30-07:00,19.63746223564955
2022-01-31T21:45-07:00,13.656387665198238
2022-01-31T22:00-07:00,14.86676016830295
2022-01-31T22:15-07:00,7.786885245901639
2022-01-31T22:30-07:00,13.191489361702128
2022-01-31T22:45-07:00,23.582089552238802
2022-01-31T23:00-07:00,13.157894736842104
2022-01-31T23:15-07:00,7.649513212795554
2022-01-31T23:30-07:00,9.482758620689655
2022-01-31T23:45-07:00,16.31736526946108
2022-02-01T00:00-07:00,13.552068473609125
2022-02-01T00:15-07:00,13.748191027496377
2022-02-01T00:30-07:00,8.60655737704918
2022-02-01T00:45-07:00,14.903129657228023
2022-02-01T01:00-07:00,13.445378151260504
2022-02-01T01:15-07:00,8.016877637130802
2022-02-01T01:30-07:00,9.888579387186624
2022-02-01T01:45-07:00,12.730061349693246
2022-02-01T02:00-07:00,12.76595744680851
2022-02-01T02:15-07:00,6.324110671936759
2022-02-01T02:30-07:00,15.549215406562059
2022-02-01T02:45-07:00,11.686390532544383
2022-02-01T03:00-07:00,21.3166144200627
2022-02-01T03:15-07:00,4.125177809388331
2022-02-01T03:30-07:00,16.08695652173913
2022-02-01T03:45-07:00,14.912280701754385
2022-02-01T04:00-07:00,13.501483679525228
2022-02-01T04:15-07:00,7.746478873239441
2022-02-01T04:30-07:00,10.638297872340425
2022-02-01T04:45-07:00,16.763848396501462
2022-02-01T05:00-07:00,14.329268292682933
2022-02-01T05:15-07:00,10.755813953488367
2022-02-01T05:30-07:00,9.873060648801133
2022-02-01T05:45-07:00,15.021459227467812
2022-02-01T06:00-07:00,12.005856515373358
2022-02-01T06:15-07:00,10.549132947976883
2022-02-01T06:30-07:00,10.110803324099727
2022-02-01T06:45-07:00,12.553495007132673
2022-02-01T07:00-07:00,7.680945347119651
2022-02-01T07:15-07:00,17.24137931034483
2022-02-01T07:30-07:00,5.691056910569106
2022-02-01T07:45-07:00,17.73743016759777
2022-02-01T08:00-07:00,8.683853459972868
2022-02-01T08:15-07:00,17.134831460674153
2022-02-01T08:30-07:00,2.642007926023774
2022-02-01T08:45-07:00,14.765100671140935
2022-02-01T09:00-07:00,8.664772727272732
2022-02-01T09:15-07:00,11.390728476821188
2022-02-01T09:30-07:00,6.719367588932807
2022-02-01T09:45-07:00,12.602739726027393
2022-02-01T10:00-07:00,10.238429172510523
2022-02-01T10:15-07:00,13.909774436090226
2022-02-01T10:30-07:00,2.8277634961439517
2022-02-01T10:45-07:00,9.375
2022-02-01T11:00-07:00,18.882978723404257
2022-02-01T11:15-07:00,10.294117647058819
2022-02-01T11:30-07:00,8.849557522123884
2022-02-01T11:45-07:00,9.128065395095373
2022-02-01T12:00-07:00,8.95140664961636
2022-02-01T12:15-07:00,7.1146245059288535
2022-02-01T12:30-07:00,7.766990291262128
2022-02-01T12:45-07:00,7.42514970059881
2022-02-01T13:00-07:00,9.96168582375479
2022-02-01T13:15-07:00,2.2900763358778624
2022-02-01T13:30-07:00,3.869407496977032
2022-02-01T13:45-07:00,3.409090909090909
2022-02-01T14:00-07:00,11.139896373057004
2022-02-01T14:15-07:00,7.208387942332901
2022-02-01T14:30-07:00,7.496823379923769
2022-02-01T14:45-07:00,2.6829268292682857
2022-02-01T15:00-07:00,17.42522756827049
2022-02-01T15:15-07:00,7.723577235772358
2022-02-01T15:30-07:00,6.518723994452145
2022-02-01T15:45-07:00,11.843876177658148
2022-02-01T16:00-07:00,5.6953642384106
2022-02-01T16:15-07:00,14.225941422594142
2022-02-01T16:30-07:00,11.217510259917926
2022-02-01T16:45-07:00,12.757201646090534
2022-02-01T17:00-07:00,10.814606741573028
2022-02-01T17:15-07:00,12.55474452554744
2022-02-01T17:30-07:00,11.921458625525952
2022-02-01T17:45-07:00,5.039787798408484
2022-02-01T18:00-07:00,4.329608938547491
2022-02-01T18:15-07:00,13.50210970464135
2022-02-01T18:30-07:00,10.688140556368966
2022-02-01T18:45-07:00,13.807531380753138
2022-02-01T19:00-07:00,7.755102040816326
2022-02-01T19:15-07:00,8.876560332871017
2022-02-01T19:30-07:00,16.438356164383563
2022-02-01T19:45-07:00,9.959072305593455
2022-02-01T20:00-07:00,7.9320113314447545
2022-02-01T20:15-07:00,17.699115044247787
2022-02-01T20:30-07:00,12.611275964391696
2022-02-01T20:45-07:00,13.822284908321574
2022-02-01T21:00-07:00,4.583333333333333
2022-02-01T21:15-07:00,8.641975308641975
2022-02-01T21:30-07:00,11.953352769679306
2022-02-01T21:45-07:00,12.445095168374822
2022-02-01T22:00-07:00,9.490084985835699
2022-02-01T22:15-07:00,8.860759493670885
2022-02-01T22:30-07:00,20.531757754800594
2022-02-01T22:45-07:00,12.444444444444445
2022-02-01T23:00-07:00,11.39240506329114
2022-02-01T23:15-07:00,6.629055007052181
2022-02-01T23:30-07:00,22.869955156950674
2022-02-01T23:45-07:00,18.625954198473277
2022-02-02T00:00-07:00,11.6
2022-02-02T00:15-07:00,7.60401721664275
2022-02-02T00:30-07:00,13.636363636363637
2022-02-02T00:45-07:00,14.93212669683258
2022-02-02T01:00-07:00,13.924050632911392
2022-02-02T01:15-07:00,16.197183098591555
2022-02-02T01:30-07:00,9.745127436281853
2022-02-02T01:45-07:00,16.860465116279066
2022-02-02T02:00-07:00,14.135338345864668
2022-02-02T02:15-07:00,14.763231197771592
2022-02-02T02:30-07:00,11.926605504587156
2022-02-02T02:45-07:00,16.517857142857142
2022-02-02T03:00-07:00,15.625
2022-02-02T03:15-07:00,10.612244897959183
2022-02-02T03:30-07:00,13.918305597579419
2022-02-02T03:45-07:00,12.889518413597738
2022-02-02T04:00-07:00,18.05359661495063
2022-02-02T04:15-07:00,5.349794238683128
2022-02-02T04:30-07:00,17.331288343558278
2022-02-02T04:45-07:00,16.496350364963497
2022-02-02T05:00-07:00,11.373092926490989
2022-02-02T05:15-07:00,10.943912448700406
2022-02-02T05:30-07:00,14.666666666666666
2022-02-02T05:45-07:00,18.103448275862068
2022-02-02T06:00-07:00,7.649513212795554
2022-02-02T06:15-07:00,14.742698191933245
2022-02-02T06:30-07:00,13.256484149855902
2022-02-02T06:45-07:00,13.53591160220994
2022-02-02T07:00-07:00,4.881266490765176
2022-02-02T07:15-07:00,2.4771838331160403
2022-02-02T07:30-07:00,16.543574593796166
2022-02-02T07:45-07:00,12.112676056338024
2022-02-02T08:00-07:00,10.779220779220786
2022-02-02T08:15-07:00,9.318497913769129
2022-02-02T08:30-07:00,11.952191235059761
2022-02-02T08:45-07:00,13.661971830985921
2022-02-02T09:00-07:00,9.16030534351145
2022-02-02T09:15-07:00,7.901907356948233
2022-02-02T09:30-07:00,10.276679841897232
2022-02-02T09:45-07:00,8.808290155440423
2022-02-02T10:00-07:00,13.944223107569721
2022-02-02T10:15-07:00,8.949416342412452
2022-02-02T10:30-07:00,23.576158940397356
2022-02-02T10:45-07:00,7.671232876712324
2022-02-02T11:00-07:00,16.091954022988507
2022-02-02T11:15-07:00,6.8
2022-02-02T11:30-07:00,14.15220293724967
2022-02-02T11:45-07:00,13.297872340425537
2022-02-02T12:00-07:00,19.999999999999996
2022-02-02T12:15-07:00,8.26771653543307
2022-02-02T12:30-07:00,11.079943899018238
2022-02-02T12:45-07:00,15.01340482573727
2022-02-02T13:00-07:00,7.407407407407407
2022-02-02T13:15-07:00,11.450381679389313
2022-02-02T13:30-07:00,11.497326203208551
2022-02-02T13:45-07:00,10.31207598371778
2022-02-02T14:00-07:00,13.929040735873855
2022-02-02T14:15-07:00,7.4120603015075455
2022-02-02T14:30-07:00,8.26771653543307
2022-02-02T14:45-07:00,16.288384512683574
2022-02-02T15:00-07:00,12.903225806451612
2022-02-02T15:15-07:00,11.772315653298827
2022-02-02T15:30-07:00,4.850746268656716
2022-02-02T15:45-07:00,13.095238095238095
2022-02-02T16:00-07:00,6.0728744939271255
2022-02-02T16:15-07:00,16.532258064516128
2022-02-02T16:30-07:00,6.2261753494282015
2022-02-02T16:45-07:00,7.770700636942667
2022-02-02T17:00-07:00,10.4
2022-02-02T17:15-07:00,10.92436974789916
2022-02-02T17:30-07:00,5.269922879177385
2022-02-02T17:45-07:00,8.46774193548387
2022-02-02T18:00-07:00,14.056224899598394
2022-02-02T18:15-07:00,16.0904255319149
2022-02-02T18:30-07:00,6.562054208273899
2022-02-02T18:45-07:00,14.634146341463415
2022-02-02T19:00-07:00,12.555391432791733
2022-02-02T19:15-07:00,9.128065395095373
2022-02-02T19:30-07:00,15.695067264573991
2022-02-02T19:45-07:00,2.8112449799196786
2022-02-02T20:00-07:00,13.315217391304342
2022-02-02T20:15-07:00,11.403508771929825
2022-02-02T20:30-07:00,13.191489361702128
2022-02-02T20:45-07:00,5.73065902578797
2022-02-02T21:00-07:00,6.967213114754099
2022-02-02T21:15-07:00,10.822510822510823
2022-02-02T21:30-07:00,7.8838174273858925
2022-02-02T21:45-07:00,8.217270194986067
2022-02-02T22:00-07:00,11.740890688259109
2022-02-02T22:15-07:00,11.326378539493298
2022-02-02T22:30-07:00,18.96551724137931
2022-02-02T22:45-07:00,16.143497757847534
2022-02-02T23:00-07:00,10.212765957446809
2022-02-02T23:15-07:00,9.447674418604645
2022-02-02T23:30-07:00,15.74468085106383
2022-02-02T23:45-07:00,12.663755458515285
2022-02-03T00:00-07:00,11.63734776725304
2022-02-03T00:15-07:00,17.194570135746606
2022-02-03T00:30-07:00,9.365994236311234
2022-02-03T00:45-07:00,14.756446991404017
2022-02-03T01:00-07:00,5.689900426742536
2022-02-03T01:15-07:00,17.87296898079764
2022-02-03T01:30-07:00,19.308357348703165
2022-02-03T01:45-07:00,9.71428571428571
2022-02-03T02:00-07:00,12.707182320441984
2022-02-03T02:15-07:00,19.252077562326875
2022-02-03T02:30-07:00,11.688311688311689
2022-02-03T02:45-07:00,5.135135135135131
2022-02-03T03:00-07:00,8.538350217076696
2022-02-03T03:15-07:00,15.577190542420032
2022-02-03T03:30-07:00,17.629179331306986
2022-02-03T03:45-07:00,8.423913043478256
2022-02-03T04:00-07:00,17.276720351390928
2022-02-03T04:15-07:00,12.239221140472884
2022-02-03T04:30-07:00,7.112970711297071
2022-02-03T04:45-07:00,12.388059701492532
2022-02-03T05:00-07:00,5.80736543909348
2022-02-03T05:15-07:00,19.23076923076923
2022-02-03T05:30-07:00,8.755129958960334
2022-02-03T05:45-07:00,14.227642276422765
2022-02-03T06:00-07:00,12.60623229461756
2022-02-03T06:15-07:00,11.188811188811185
2022-02-03T06:30-07:00,5.787348586810233
2022-02-03T06:45-07:00,5.932203389830509
2022-02-03T07:00-07:00,14.668547249647386
2022-02-03T07:15-07:00,11.570247933884298
2022-02-03T07:30-07:00,8.764940239043824
2022-02-03T07:45-07:00,8.209959623149398
2022-02-03T08:00-07:00,16.80672268907563
2022-02-03T08:15-07:00,9.806629834254139
2022-02-03T08:30-07:00,5.7915057915057915
2022-02-03T08:45-07:00,6.319702602230484
2022-02-03T09:00-07:00,15.561224489795928
2022-02-03T09:15-07:00,5.31468531468531
2022-02-03T09:30-07:00,8.13106796116504
2022-02-03T09:45-07:00,5.7029177718832935
2022-02-03T10:00-07:00,14.379947229551457
2022-02-03T10:15-07:00,11.850865512649795
2022-02-03T10:30-07:00,14.795918367346948
2022-02-03T10:45-07:00,12.21945137157108
2022-02-03T11:00-07:00,14.03726708074535
2022-02-03T11:15-07:00,16.302952503209234
2022-02-03T11:30-07:00,12.548512289780069
2022-02-03T11:45-07:00,9.124999999999991
2022-02-03T12:00-07:00,18.932655654383744
2022-02-03T12:15-07:00,14.593908629441616
2022-02-03T12:30-07:00,10.466582597730147
2022-02-03T12:45-07:00,8.094645080946458
2022-02-03T13:00-07:00,11.657303370786511
2022-02-03T13:15-07:00,14.40329218106996
2022-02-03T13:30-07:00,9.05459387483355
2022-02-03T13:45-07:00,11.538461538461538
2022-02-03T14:00-07:00,12.992125984251969
2022-02-03T14:15-07:00,14.32432432432433
2022-02-03T14:30-07:00,14.960629921259843
2022-02-03T14:45-07:00,5.0632911392405
2022-02-03T15:00-07:00,7.575757575757576
2022-02-03T15:15-07:00,16.51254953764861
2022-02-03T15:30-07:00,11.684782608695647
2022-02-03T15:45-07:00,18.614130434782606
2022-02-03T16:00-07:00,6.052631578947373
2022-02-03T16:15-07:00,12.500000000000005
2022-02-03T16:30-07:00,4.638472032742159
2022-02-03T16:45-07:00,10.921052631578943
2022-02-03T17:00-07:00,3.877005347593579
2022-02-03T17:15-07:00,10.719131614654007
2022-02-03T17:30-07:00,10.616929698708747
2022-02-03T17:45-07:00,15.936254980079681
2022-02-03T18:00-07:00,6.849315068493146
2022-02-03T18:15-07:00,6.729475100942122
2022-02-03T18:30-07:00,8.936170212765957
2022-02-03T18:45-07:00,16.14227086183311
2022-02-03T19:00-07:00,14.102564102564102
2022-02-03T19:15-07:00,3.1636863823933936
2022-02-03T19:30-07:00,13.940256045519199
2022-02-03T19:45-07:00,10.666666666666666
2022-02-03T20:00-07:00,17.464788732394368
2022-02-03T20:15-07:00,8.481532147742813
2022-02-03T20:30-07:00,12.142857142857148
2022-02-03T20:45-07:00,13.688760806916422
2022-02-03T21:00-07:00,14.450867052023126
2022-02-03T21:15-07:00,6.751054852320675
2022-02-03T21:30-07:00,9.052924791086346
2022-02-03T21:45-07:00,16.48690292758089
2022-02-03T22:00-07:00,11.273792093704241
2022-02-03T22:15-07:00,3.709198813056384
2022-02-03T22:30-07:00,15.323645970937909
2022-02-03T22:45-07:00,12.332838038632982
2022-02-03T23:00-07:00,15.486725663716815
2022-02-03T23:15-07:00,14.12103746397694
2022-02-03T23:30-07:00,11.857142857142852
2022-02-03T23:45-07:00,17.57925072046109
2022-02-04T00:00-07:00,9.333333333333334
2022-02-04T00:15-07:00,17.827298050139273
2022-02-04T00:30-07:00,8.651026392961871
2022-02-04T00:45-07:00,16.444444444444443
2022-02-04T01:00-07:00,18.807339449541285
2022-02-04T01:15-07:00,10.589812332439683
2022-02-04T01:30-07:00,11.911357340720217
2022-02-04T01:45-07:00,13.056379821958462
2022-02-04T02:00-07:00,14.02985074626866
2022-02-04T02:15-07:00,14.306569343065688
2022-02-04T02:30-07:00,9.776536312849167
2022-02-04T02:45-07:00,18.552036199095024
2022-02-04T03:00-07:00,14.652567975830822
2022-02-04T03:15-07:00,12.976022566995765
2022-02-04T03:30-07:00,13.135593220338983
2022-02-04T03:45-07:00,9.38461538461539
2022-02-04T04:00-07:00,20.096463022508036
2022-02-04T04:15-07:00,9.932885906040264
2022-02-04T04:30-07:00,13.362068965517242
2022-02-04T04:45-07:00,16.307692307692314
2022-02-04T05:00-07:00,11.373707533234855
2022-02-04T05:15-07:00,8.438818565400844
2022-02-04T05:30-07:00,5.32374100719425
2022-02-04T05:45-07:00,19.019316493313518
2022-02-04T06:00-07:00,16.994382022471914
2022-02-04T06:15-07:00,10.081743869209806
2022-02-04T06:30-07:00,12.757201646090534
2022-02-04T06:45-07:00,10.951008645533145
2022-02-04T07:00-07:00,18.594436310395317
2022-02-04T07:15-07:00,11.357340720221611
2022-02-04T07:30-07:00,8.379120879120883
2022-02-04T07:45-07:00,15.647226173541958
2022-02-04T08:00-07:00,13.324175824175828
2022-02-04T08:15-07:00,5.269922879177385
2022-02-04T08:30-07:00,9.166666666666666
2022-02-04T08:45-07:00,16.26591230551627
2022-02-04T09:00-07:00,6.5189048239895655
2022-02-04T09:15-07:00,7.224334600760456
2022-02-04T09:30-07:00,5.997392438070409
2022-02-04T09:45-07:00,13.96648044692738
2022-02-04T10:00-07:00,14.32432432432433
2022-02-04T10:15-07:00,7.346938775510204
2022-02-04T10:30-07:00,4.651162790697675
2022-02-04T10:45-07:00,17.007672634271092
2022-02-04T11:00-07:00,14.457831325301205
2022-02-04T11:15-07:00,14.509803921568627
2022-02-04T11:30-07:00,8.101265822784802
2022-02-04T11:45-07:00,13.688212927756654
2022-02-04T12:00-07:00,10.844892812105936
2022-02-04T12:15-07:00,11.053984575835484
2022-02-04T12:30-07:00,6.884057971014493
2022-02-04T12:45-07:00,11.557788944723628
2022-02-04T13:00-07:00,8.097165991902834
2022-02-04T13:15-07:00,6.818181818181818
2022-02-04T13:30-07:00,6.184210526315785
2022-02-04T13:45-07:00,15.852205005959467
2022-02-04T14:00-07:00,9.947643979057597
2022-02-04T14:15-07:00,8.885941644562338
2022-02-04T14:30-07:00,0.6729475100942088
2022-02-04T14:45-07:00,3.8318912237329963
2022-02-04T15:00-07:00,3.690036900369004
2022-02-04T15:15-07:00,9.825033647375509
2022-02-04T15:30-07:00,12.015503875968992
2022-02-04T15:45-07:00,4.310344827586207
2022-02-04T16:00-07:00,4.946524064171127
2022-02-04T16:15-07:00,3.58620689655172
2022-02-04T16:30-07:00,8.433734939759036
2022-02-04T16:45-07:00,3.0955585464333746
2022-02-04T17:00-07:00,8.066759388038948
2022-02-04T17:15-07:00,5.692108667529114
2022-02-04T17:30-07:00,5.591677503250969
2022-02-04T17:45-07:00,11.013215859030836
2022-02-04T18:00-07:00,11.772853185595572
2022-02-04T18:15-07:00,12.554112554112555
2022-02-04T18:30-07:00,4.9865229110512175
2022-02-04T18:45-07:00,12.611275964391696
2022-02-04T19:00-07:00,16.42441860465116
2022-02-04T19:15-07:00,13.950276243093917
2022-02-04T19:30-07:00,8.860759493670885
2022-02-04T19:45-07:00,7.256894049346875
2022-02-04T20:00-07:00,14.155251141552512
2022-02-04T20:15-07:00,9.3558282208589
2022-02-04T20:30-07:00,10.52631578947369
2022-02-04T20:45-07:00,6.429548563611487
2022-02-04T21:00-07:00,15.246636771300448
2022-02-04T21:15-07:00,15.859030837004406
2022-02-04T21:30-07:00,14.22155688622754
2022-02-04T21:45-07:00,8.333333333333334
2022-02-04T22:00-07:00,7.460545193687235
2022-02-04T22:15-07:00,21.92982456140351
2022-02-04T22:30-07:00,17.510853835021713
2022-02-04T22:45-07:00,10.729613733905579
2022-02-04T23:00-07:00,7.845934379457922
2022-02-04T23:15-07:00,8.482142857142858
2022-02-04T23:30-07:00,13.529411764705879
2022-02-04T23:45-07:00,17.429837518463817
2022-02-05T00:00-07:00,7.6
2022-02-05T00:15-07:00,15.929203539823009
2022-02-05T00:30-07:00,13.000000000000004
2022-02-05T00:45-07:00,15.6
2022-02-05T01:00-07:00,8.271787296898076
2022-02-05T01:15-07:00,14.388489208633098
2022-02-05T01:30-07:00,16.833095577746082
2022-02-05T01:45-07:00,13.333333333333334
2022-02-05T02:00-07:00,12.173913043478262
2022-02-05T02:15-07:00,11.940298507462682
2022-02-05T02:30-07:00,13.488372093023257
2022-02-05T02:45-07:00,16.47230320699708
2022-02-05T03:00-07:00,10.043668122270743
2022-02-05T03:15-07:00,11.618257261410788
2022-02-05T03:30-07:00,21.084337349397586
2022-02-05T03:45-07:00,10.534124629080114
2022-02-05T04:00-07:00,11.843876177658148
2022-02-05T04:15-07:00,11.374407582938389
2022-02-05T04:30-07:00,15.89595375722543
2022-02-05T04:45-07:00,10.396716826265395
2022-02-05T05:00-07:00,16.23931623931624
2022-02-05T05:15-07:00,14.577656675749315
2022-02-05T05:30-07:00,14.157973174366614
2022-02-05T05:45-07:00,8.767123287671238
2022-02-05T06:00-07:00,5.906593406593411
2022-02-05T06:15-07:00,14.877300613496937
2022-02-05T06:30-07:00,15.22633744855967
2022-02-05T06:45-07:00,9.659090909090905
2022-02-05T07:00-07:00,12.364130434782613
2022-02-05T07:15-07:00,13.004484304932735
2022-02-05T07:30-07:00,15.208034433285514
2022-02-05T07:45-07:00,8.189655172413794
2022-02-05T08:00-07:00,8.412483039348707
2022-02-05T08:15-07:00,15.999999999999996
2022-02-05T08:30-07:00,12.79069767441861
2022-02-05T08:45-07:00,13.286713286713281
2022-02-05T09:00-07:00,10.252808988764048
2022-02-05T09:15-07:00,13.636363636363637
2022-02-05T09:30-07:00,12.924071082390947
2022-02-05T09:45-07:00,14.586255259467038
2022-02-05T10:00-07:00,3.3472803347280333
2022-02-05T10:15-07:00,16.353111432706218
2022-02-05T10:30-07:00,15.037593984962411
2022-02-05T10:45-07:00,17.41007194244605
2022-02-05T11:00-07:00,6.518723994452145
2022-02-05T11:15-07:00,11.79624664879357
2022-02-05T11:30-07:00,11.26126126126126
2022-02-05T11:45-07:00,13.592233009708734
2022-02-05T12:00-07:00,8.238636363636369
2022-02-05T12:15-07:00,1.9920318725099602
2022-02-05T12:30-07:00,13.983050847457626
2022-02-05T12:45-07:00,12.188365650969534
2022-02-05T13:00-07:00,9.065155807365443
2022-02-05T13:15-07:00,2.735978112175099
2022-02-05T13:30-07:00,3.9030955585464295
2022-02-05T13:45-07:00,5.194805194805195
2022-02-05T14:00-07:00,19.91758241758242
2022-02-05T14:15-07:00,8.853410740203199
2022-02-05T14:30-07:00,5.548037889039238
2022-02-05T14:45-07:00,4.055944055944051
2022-02-05T15:00-07:00,10.2880658436214
2022-02-05T15:15-07:00,8.555399719495096
2022-02-05T15:30-07:00,11.814345991561181
2022-02-05T15:45-07:00,4.513399153737654
2022-02-05T16:00-07:00,2.4516129032257994
2022-02-05T16:15-07:00,12.609970674486798
2022-02-05T16:30-07:00,10.080645161290322
2022-02-05T16:45-07:00,8.599167822468788
2022-02-05T17:00-07:00,8.16326530612245
2022-02-05T17:15-07:00,1.2345679012345678
2022-02-05T17:30-07:00,16.170212765957448
2022-02-05T17:45-07:00,4.328358208955219
2022-02-05T18:00-07:00,11.126187245590236
2022-02-05T18:15-07:00,7.5396825396825395
2022-02-05T18:30-07:00,7.755102040816326
2022-02-05T18:45-07:00,10.09957325746799
2022-02-05T19:00-07:00,12.661870503597127
2022-02-05T19:15-07:00,9.956709956709958
2022-02-05T19:30-07:00,1.000000000000004
2022-02-05T19:45-07:00,12.998522895125559
2022-02-05T20:00-07:00,11.47776183644189
2022-02-05T20:15-07:00,14.830508474576272
2022-02-05T20:30-07:00,12.48185776487663
2022-02-05T20:45-07:00,8.695652173913043
2022-02-05T21:00-07:00,14.809384164222868
2022-02-05T21:15-07:00,15.481171548117155
2022-02-05T21:30-07:00,11.684370257966611
2022-02-05T21:45-07:00,12.185430463576155
2022-02-05T22:00-07:00,13.489736070381227
2022-02-05T22:15-07:00,17.744360902255643
2022-02-05T22:30-07:00,13.505311077389981
2022-02-05T22:45-07:00,12.236286919831224
2022-02-05T23:00-07:00,6.312769010043037
2022-02-05T23:15-07:00,18.842729970326413
2022-02-05T23:30-07:00,13.728323699421962
2022-02-05T23:45-07:00,13.642960812772138
2022-02-06T00:00-07:00,8.356164383561648
2022-02-06T00:15-07:00,14.077669902912621
2022-02-06T00:30-07:00,15.879828326180258
2022-02-06T00:45-07:00,9.959623149394343
2022-02-06T01:00-07:00,15.121255349500718
2022-02-06T01:15-07:00,12.951807228915657
2022-02-06T01:30-07:00,13.731343283582085
2022-02-06T01:45-07:00,7.000000000000004
2022-02-06T02:00-07:00,13.862718707940786
2022-02-06T02:15-07:00,16.918429003021153
2022-02-06T02:30-07:00,13.587786259541978
2022-02-06T02:45-07:00,7.310344827586203
2022-02-06T03:00-07:00,12.820512820512821
2022-02-06T03:15-07:00,13.012729844413009
2022-02-06T03:30-07:00,18.58407079646018
2022-02-06T03:45-07:00,12.820512820512821
2022-02-06T04:00-07:00,9.745762711864407
2022-02-06T04:15-07:00,7.555555555555555
2022-02-06T04:30-07:00,17.485549132947984
2022-02-06T04:45-07:00,15.981735159817351
2022-02-06T05:00-07:00,13.896848137535821
2022-02-06T05:15-07:00,12.285714285714281
2022-02-06T05:30-07:00,12.464589235127482
2022-02-06T05:45-07:00,18.220338983050848
2022-02-06T06:00-07:00,10.296191819464038
2022-02-06T06:15-07:00,13.544668587896258
2022-02-06T06:30-07:00,14.950634696755998
2022-02-06T06:45-07:00,21.57434402332362
2022-02-06T07:00-07:00,5.1983584131326905
2022-02-06T07:15-07:00,13.14623338257016
2022-02-06T07:30-07:00,6.882591093117409
2022-02-06T07:45-07:00,16.01671309192201
2022-02-06T08:00-07:00,9.76253298153034
2022-02-06T08:15-07:00,17.79411764705883
2022-02-06T08:30-07:00,12.71428571428571
2022-02-06T08:45-07:00,9.658246656760767
2022-02-06T09:00-07:00,6.866952789699571
2022-02-06T09:15-07:00,19.392185238784368
2022-02-06T09:30-07:00,12.669683257918551
2022-02-06T09:45-07:00,12.5
2022-02-06T10:00-07:00,7.660738714090283
2022-02-06T10:15-07:00,11.451398135818904
2022-02-06T10:30-07:00,13.918305597579419
2022-02-06T10:45-07:00,10.59322033898305
2022-02-06T11:00-07:00,10.0
2022-02-06T11:15-07:00,8.344198174706653
2022-02-06T11:30-07:00,12.867132867132861
2022-02-06T11:45-07:00,10.059171597633132
2022-02-06T12:00-07:00,15.751445086705207
2022-02-06T12:15-07:00,8.308605341246286
2022-02-06T12:30-07:00,14.4
2022-02-06T12:45-07:00,9.649122807017545
2022-02-06T13:00-07:00,17.888563049853367
2022-02-06T13:15-07:00,15.014577259475224
2022-02-06T13:30-07:00,11.790393013100436
2022-02-06T13:45-07:00,15.186246418338113
2022-02-06T14:00-07:00,15.754339118825104
2022-02-06T14:15-07:00,13.278008298755188
2022-02-06T14:30-07:00,12.8935532233883
2022-02-06T14:45-07:00,10.854816824966075
2022-02-06T15:00-07:00,14.462809917355372
2022-02-06T15:15-07:00,14.718614718614718
2022-02-06T15:30-07:00,6.29820051413881
2022-02-06T15:45-07:00,15.77464788732395
2022-02-06T16:00-07:00,8.46774193548387
2022-02-06T16:15-07:00,13.916786226685801
2022-02-06T16:30-07:00,10.413694721825967
2022-02-06T16:45-07:00,7.50341064120055
2022-02-06T17:00-07:00,10.317460317460318
2022-02-06T17:15-07:00,10.911602209944755
2022-02-06T17:30-07:00,6.9105691056910565
2022-02-06T17:45-07:00,4.291845493562231
2022-02-06T18:00-07:00,15.754339118825104
2022-02-06T18:15-07:00,8.032128514056225
2022-02-06T18:30-07:00,16.320474777448066
2022-02-06T18:45-07:00,14.940828402366858
2022-02-06T19:00-07:00,16.71597633136094
2022-02-06T19:15-07:00,10.358565737051793
2022-02-06T19:30-07:00,8.658008658008658
2022-02-06T19:45-07:00,18.397626112759646
2022-02-06T20:00-07:00,14.28571428571429
2022-02-06T20:15-07:00,15.450643776824034
2022-02-06T20:30-07:00,10.52631578947369
2022-02-06T20:45-07:00,15.450643776824034
2022-02-06T21:00-07:00,14.349775784753364
2022-02-06T21:15-07:00,17.638483965014583
2022-02-06T21:30-07:00,9.730538922155684
2022-02-06T21:45-07:00,10.040705563093619
2022-02-06T22:00-07:00,17.603550295857982
2022-02-06T22:15-07:00,9.31232091690544
2022-02-06T22:30-07:00,14.479638009049774
2022-02-06T22:45-07:00,16.005665722379597
2022-02-06T23:00-07:00,11.016949152542374
2022-02-06T23:15-07:00,22.00303490136571
2022-02-06T23:30-07:00,11.45374449339207
2022-02-06T23:45-07:00,15.469613259668511
2022-02-07T00:00-07:00,7.766990291262132
2022-02-07T00:15-07:00,10.280373831775702
2022-02-07T00:30-07:00,16.61971830985916
2022-02-07T00:45-07:00,17.083946980854193
2022-02-07T01:00-07:00,9.83379501385041
2022-02-07T01:15-07:00,13.589364844903985
2022-02-07T01:30-07:00,14.242878560719635
2022-02-07T01:45-07:00,13.469985358711563
2022-02-07T02:00-07:00,13.037249283667627
2022-02-07T02:15-07:00,5.976676384839646
2022-02-07T02:30-07:00,11.210762331838565
2022-02-07T02:45-07:00,16.045845272206307
2022-02-07T03:00-07:00,10.13215859030837
2022-02-07T03:15-07:00,6.3772048846675675
2022-02-07T03:30-07:00,16.571428571428566
2022-02-07T03:45-07:00,15.214180206794687
2022-02-07T04:00-07:00,7.994186046511632
2022-02-07T04:15-07:00,6.837606837606837
2022-02-07T04:30-07:00,21.71428571428571
2022-02-07T04:45-07:00,20.679468242245196
2022-02-07T05:00-07:00,12.884333821376286
2022-02-07T05:15-07:00,7.823613086770986
2022-02-07T05:30-07:00,17.734724292101337
2022-02-07T05:45-07:00,13.10751104565537
2022-02-07T06:00-07:00,12.612612612612613
2022-02-07T06:15-07:00,9.39226519337016
2022-02-07T06:30-07:00,17.761194029850742
2022-02-07T06:45-07:00,10.81081081081081
2022-02-07T07:00-07:00,14.28571428571429
2022-02-07T07:15-07:00,13.524590163934427
2022-02-07T07:30-07:00,8.51063829787234
2022-02-07T07:45-07:00,16.52173913043478
2022-02-07T08:00-07:00,9.745762711864407
2022-02-07T08:15-07:00,10.403120936280894
2022-02-07T08:30-07:00,10.081743869209806
2022-02-07T08:45-07:00,15.889212827988343
2022-02-07T09:00-07:00,9.243697478991596
2022-02-07T09:15-07:00,7.343124165554077
2022-02-07T09:30-07:00,8.71369294605809
2022-02-07T09:45-07:00,10.16260162601626
2022-02-07T10:00-07:00,7.232267037552161
2022-02-07T10:15-07:00,11.155378486055778
2022-02-07T10:30-07:00,4.597701149425287
2022-02-07T10:45-07:00,12.793733681462136
2022-02-07T11:00-07:00,15.686274509803921
2022-02-07T11:15-07:00,8.778625954198473
2022-02-07T11:30-07:00,10.762942779291558
2022-02-07T11:45-07:00,4.230769230769231
2022-02-07T12:00-07:00,18.29268292682927
2022-02-07T12:15-07:00,13.918918918918925
2022-02-07T12:30-07:00,13.807531380753138
2022-02-07T12:45-07:00,13.261163734776721
2022-02-07T13:00-07:00,15.354330708661417
2022-02-07T13:15-07:00,10.671936758893281
2022-02-07T13:30-07:00,15.208613728129203
2022-02-07T13:45-07:00,9.583333333333334
2022-02-07T14:00-07:00,16.317991631799163
2022-02-07T14:15-07:00,11.55378486055777
2022-02-07T14:30-07:00,9.113300492610845
2022-02-07T14:45-07:00,7.642487046632132
2022-02-07T15:00-07:00,9.34210526315789
2022-02-07T15:15-07:00,12.550607287449393
2022-02-07T15:30-07:00,21.145975443383353
2022-02-07T15:45-07:00,11.221590909090914
2022-02-07T16:00-07:00,11.340206185567002
2022-02-07T16:15-07:00,11.563731931668862
2022-02-07T16:30-07:00,11.23139377537212
2022-02-07T16:45-07:00,11.911357340720217
2022-02-07T17:00-07:00,16.949152542372882
2022-02-07T17:15-07:00,8.169014084507047
2022-02-07T17:30-07:00,8.740359897172246
2022-02-07T17:45-07:00,8.204334365325073
2022-02-07T18:00-07:00,18.465909090909093
2022-02-07T18:15-07:00,5.1748251748251795
2022-02-07T18:30-07:00,14.52991452991453
2022-02-07T18:45-07:00,5.586592178770954
2022-02-07T19:00-07:00,16.964285714285715
2022-02-07T19:15-07:00,12.921348314606737
2022-02-07T19:30-07:00,10.889570552147234
2022-02-07T19:45-07:00,10.225563909774431
2022-02-07T20:00-07:00,10.638297872340425
2022-02-07T20:15-07:00,14.874815905743736
2022-02-07T20:30-07:00,12.946428571428571
2022-02-07T20:45-07:00,10.822510822510823
2022-02-07T21:00-07:00,16.80672268907563
2022-02-07T21:15-07:00,12.033195020746888
2022-02-07T21:30-07:00,17.201166180758023
2022-02-07T21:45-07:00,17.062937062937056
2022-02-07T22:00-07:00,12.630014858841015
2022-02-07T22:15-07:00,13.191489361702128
2022-02-07T22:30-07:00,5.354558610709121
2022-02-07T22:45-07:00,15.285714285714281
2022-02-07T23:00-07:00,18.768328445747798
2022-02-07T23:15-07:00,16.666666666666668
2022-02-07T23:30-07:00,4.022191400832173
2022-02-07T23:45-07:00,14.666666666666666
2022-02-08T00:00-07:00,13.681241184767282
2022-02-08T00:15-07:00,21.00139082058415
2022-02-08T00:30-07:00,6.751054852320675
2022-02-08T00:45-07:00,10.958904109589037
2022-02-08T01:00-07:00,15.750371471025264
2022-02-08T01:15-07:00,13.918305597579419
2022-02-08T01:30-07:00,17.748917748917748
2022-02-08T01:45-07:00,14.16549789621318
2022-02-08T02:00-07:00,18.181818181818183
2022-02-08T02:15-07:00,15.246636771300448
2022-02-08T02:30-07:00,18.590704647676162
2022-02-08T02:45-07:00,12.654745529573585
2022-02-08T03:00-07:00,15.720524017467248
2022-02-08T03:15-07:00,12.625538020086088
2022-02-08T03:30-07:00,18.003025718608164
2022-02-08T03:45-07:00,12.396694214876034
2022-02-08T04:00-07:00,14.42441054091539
2022-02-08T04:15-07:00,17.24137931034483
2022-02-08T04:30-07:00,21.145374449339208
2022-02-08T04:45-07:00,13.908205841446458
2022-02-08T05:00-07:00,10.904255319148941
2022-02-08T05:15-07:00,15.970149253731337
2022-02-08T05:30-07:00,16.119828815977172
2022-02-08T05:45-07:00,10.94182825484765
2022-02-08T06:00-07:00,8.35694050991501
2022-02-08T06:15-07:00,15.251798561151084
2022-02-08T06:30-07:00,14.666666666666666
2022-02-08T06:45-07:00,16.85552407932011
2022-02-08T07:00-07:00,10.526315789473685
2022-02-08T07:15-07:00,12.727272727272732
2022-02-08T07:30-07:00,12.653061224489797
2022-02-08T07:45-07:00,13.409415121255355
2022-02-08T08:00-07:00,7.421875
2022-02-08T08:15-07:00,17.265193370165743
2022-02-08T08:30-07:00,13.061224489795919
2022-02-08T08:45-07:00,13.101604278074861
2022-02-08T09:00-07:00,5.525606469002691
2022-02-08T09:15-07:00,17.232021709633653
2022-02-08T09:30-07:00,9.817671809256668
2022-02-08T09:45-07:00,14.227642276422765
2022-02-08T10:00-07:00,8.42911877394636
2022-02-08T10:15-07:00,13.222079589216936
2022-02-08T10:30-07:00,17.786561264822133
2022-02-08T10:45-07:00,16.31016042780748
2022-02-08T11:00-07:00,10.989010989010985
2022-02-08T11:15-07:00,12.640801001251573
2022-02-08T11:30-07:00,11.39240506329114
2022-02-08T11:45-07:00,16.578249336870023
2022-02-08T12:00-07:00,16.50879566982408
2022-02-08T12:15-07:00,15.899581589958158
2022-02-08T12:30-07:00,10.354223433242511
2022-02-08T12:45-07:00,13.468869123252851
2022-02-08T13:00-07:00,14.100905562742552
2022-02-08T13:15-07:00,13.114754098360656
2022-02-08T13:30-07:00,16.57963446475196
2022-02-08T13:45-07:00,15.508021390374326
2022-02-08T14:00-07:00,17.695473251028808
2022-02-08T14:15-07:00,10.485933503836309
2022-02-08T14:30-07:00,17.142857142857142
2022-02-08T14:45-07:00,19.583333333333332
2022-02-08T15:00-07:00,16.17076326002588
2022-02-08T15:15-07:00,9.454061251664443
2022-02-08T15:30-07:00,14.516129032258064
2022-02-08T15:45-07:00,9.84251968503937
2022-02-08T16:00-07:00,12.185430463576155
2022-02-08T16:15-07:00,12.385919165580178
2022-02-08T16:30-07:00,17.80104712041885
2022-02-08T16:45-07:00,11.354309165526672
2022-02-08T17:00-07:00,12.5
2022-02-08T17:15-07:00,7.934336525307802
2022-02-08T17:30-07:00,15.601965601965595
2022-02-08T17:45-07:00,17.354196301564716
2022-02-08T18:00-07:00,15.056818181818187
2022-02-08T18:15-07:00,10.256410256410257
2022-02-08T18:30-07:00,9.243697478991596
2022-02-08T18:45-07:00,15.754339118825104
2022-02-08T19:00-07:00,10.896551724137936
2022-02-08T19:15-07:00,16.23465211459754
2022-02-08T19:30-07:00,12.669683257918551
2022-02-08T19:45-07:00,7.702888583218702
2022-02-08T20:00-07:00,7.913669064748206
2022-02-08T20:15-07:00,19.648093841642225
2022-02-08T20:30-07:00,12.215909090909086
2022-02-08T20:45-07:00,14.61649782923299
2022-02-08T21:00-07:00,9.243697478991596
2022-02-08T21:15-07:00,16.01208459214502
2022-02-08T21:30-07:00,14.15929203539823
2022-02-08T21:45-07:00,21.751824817518244
2022-02-08T22:00-07:00,12.280701754385966
2022-02-08T22:15-07:00,11.927877947295418
2022-02-08T22:30-07:00,11.465892597968075
2022-02-08T22:45-07:00,18.96551724137931
2022-02-08T23:00-07:00,15.929203539823009
2022-02-08T23:15-07:00,13.547486033519558
2022-02-08T23:30-07:00,4.469273743016756
2022-02-08T23:45-07:00,10.209790209790214
2022-02-09T00:00-07:00,13.224368499257052
2022-02-09T00:15-07:00,16.029411764705888
2022-02-09T00:30-07:00,5.531914893617022
2022-02-09T00:45-07:00,15.48295454545455
2022-02-09T01:00-07:00,19.49025487256372
2022-02-09T01:15-07:00,9.766763848396506
2022-02-09T01:30-07:00,9.465020576131687
2022-02-09T01:45-07:00,14.462809917355372
2022-02-09T02:00-07:00,13.837375178316696
2022-02-09T02:15-07:00,10.599078341013826
2022-02-09T02:30-07:00,18.181818181818183
2022-02-09T02:45-07:00,7.053941908713693
2022-02-09T03:00-07:00,19.736842105263158
2022-02-09T03:15-07:00,12.445095168374822
2022-02-09T03:30-07:00,16.344725111441303
2022-02-09T03:45-07:00,7.916666666666667
2022-02-09T04:00-07:00,10.095497953615276
2022-02-09T04:15-07:00,14.949201741654576
2022-02-09T04:30-07:00,18.08972503617945
2022-02-09T04:45-07:00,10.55634807417974
2022-02-09T05:00-07:00,4.676753782668505
2022-02-09T05:15-07:00,16.56534954407295
2022-02-09T05:30-07:00,13.629842180774745
2022-02-09T05:45-07:00,15.220483641536267
2022-02-09T06:00-07:00,7.350901525658802
2022-02-09T06:15-07:00,12.5
2022-02-09T06:30-07:00,11.048951048951054
2022-02-09T06:45-07:00,11.901306240928887
2022-02-09T07:00-07:00,4.341926729986428
2022-02-09T07:15-07:00,12.663755458515285
2022-02-09T07:30-07:00,10.014104372355426
2022-02-09T07:45-07:00,10.497237569060777
2022-02-09T08:00-07:00,7.671232876712324
2022-02-09T08:15-07:00,7.8005115089513986
2022-02-09T08:30-07:00,13.445378151260504
2022-02-09T08:45-07:00,11.627906976744185
2022-02-09T09:00-07:00,11.798561151079141
2022-02-09T09:15-07:00,9.63855421686747
2022-02-09T09:30-07:00,7.53424657534247
2022-02-09T09:45-07:00,14.07307171853856
2022-02-09T10:00-07:00,12.903225806451612
2022-02-09T10:15-07:00,15.603799185888743
2022-02-09T10:30-07:00,12.201591511936336
2022-02-09T10:45-07:00,11.952191235059761
2022-02-09T11:00-07:00,10.65918653576438
2022-02-09T11:15-07:00,15.82446808510638
2022-02-09T11:30-07:00,15.256588072122048
2022-02-09T11:45-07:00,11.522633744855968
2022-02-09T12:00-07:00,9.660574412532632
2022-02-09T12:15-07:00,4.768392370572203
2022-02-09T12:30-07:00,12.877792378449405
2022-02-09T12:45-07:00,17.98657718120805
2022-02-09T13:00-07:00,11.271297509829616
2022-02-09T13:15-07:00,11.971830985915497
2022-02-09T13:30-07:00,9.53678474114442
2022-02-09T13:45-07:00,9.685863874345547
2022-02-09T14:00-07:00,13.061224489795919
2022-02-09T14:15-07:00,16.46090534979424
2022-02-09T14:30-07:00,13.289473684210522
2022-02-09T14:45-07:00,14.410480349344978
2022-02-09T15:00-07:00,18.0
2022-02-09T15:15-07:00,9.243697478991596
2022-02-09T15:30-07:00,16.26984126984127
2022-02-09T15:45-07:00,3.0651340996168583
2022-02-09T16:00-07:00,11.11111111111111
2022-02-09T16:15-07:00,10.8
2022-02-09T16:30-07:00,11.171662125340605
2022-02-09T16:45-07:00,13.049450549450546
2022-02-09T17:00-07:00,12.73458445040214
2022-02-09T17:15-07:00,9.623430962343097
2022-02-09T17:30-07:00,4.823989569752286
2022-02-09T17:45-07:00,11.885245901639344
2022-02-09T18:00-07:00,12.01157742402315
2022-02-09T18:15-07:00,10.206896551724133
2022-02-09T18:30-07:00,8.288043478260873
2022-02-09T18:45-07:00,15.91895803183791
2022-02-09T19:00-07:00,11.016949152542374
2022-02-09T19:15-07:00,11.706629055007047
2022-02-09T19:30-07:00,14.413075780089157
2022-02-09T19:45-07:00,14.139941690962104
2022-02-09T20:00-07:00,15.208034433285514
2022-02-09T20:15-07:00,10.439560439560445
2022-02-09T20:30-07:00,15.454545454545455
2022-02-09T20:45-07:00,15.11111111111111
2022-02-09T21:00-07:00,16.666666666666668
2022-02-09T21:15-07:00,15.657311669128514
2022-02-09T21:30-07:00,9.44206008583691
2022-02-09T21:45-07:00,13.649025069637878
2022-02-09T22:00-07:00,12.112676056338024
2022-02-09T22:15-07:00,20.63732928679818
2022-02-09T22:30-07:00,13.043478260869565
2022-02-09T22:45-07:00,8.51063829787234
2022-02-09T23:00-07:00,7.851239669421488
2022-02-09T23:15-07:00,10.504201680672269
2022-02-09T23:30-07:00,13.731343283582085
2022-02-09T23:45-07:00,9.726443768996965
2022-02-10T00:00-07:00,13.40361445783132
2022-02-10T00:15-07:00,12.997347480106097
2022-02-10T00:30-07:00,18.22222222222222
2022-02-10T00:45-07:00,15.982404692082115
2022-02-10T01:00-07:00,15.128593040847205
2022-02-10T01:15-07:00,11.82197496522949
2022-02-10T01:30-07:00,7.627118644067797
2022-02-10T01:45-07:00,14.641288433382142
2022-02-10T02:00-07:00,17.647058823529413
2022-02-10T02:15-07:00,12.332838038632982
2022-02-10T02:30-07:00,16.6421207658321
2022-02-10T02:45-07:00,9.449929478138227
2022-02-10T03:00-07:00,17.173252279635253
2022-02-10T03:15-07:00,13.441654357459385
2022-02-10T03:30-07:00,20.186335403726712
2022-02-10T03:45-07:00,7.851239669421488
2022-02-10T04:00-07:00,8.169014084507047
2022-02-10T04:15-07:00,14.428571428571423
2022-02-10T04:30-07:00,18.01152737752161
2022-02-10T04:45-07:00,11.465892597968075
2022-02-10T05:00-07:00,10.32531824611033
2022-02-10T05:15-07:00,9.361702127659575
2022-02-10T05:30-07:00,11.504424778761061
2022-02-10T05:45-07:00,16.390977443609028
2022-02-10T06:00-07:00,9.178082191780826
2022-02-10T06:15-07:00,13.778990450204633
2022-02-10T06:30-07:00,11.189801699716718
2022-02-10T06:45-07:00,18.028169014084504
2022-02-10T07:00-07:00,4.999999999999996
2022-02-10T07:15-07:00,19.35483870967742
2022-02-10T07:30-07:00,3.650586701434163
2022-02-10T07:45-07:00,14.173228346456693
2022-02-10T08:00-07:00,14.047287899860914
2022-02-10T08:15-07:00,13.929040735873855
2022-02-10T08:30-07:00,6.233421750663125
2022-02-10T08:45-07:00,7.908163265306131
2022-02-10T09:00-07:00,15.577190542420032
2022-02-10T09:15-07:00,16.62303664921466
2022-02-10T09:30-07:00,7.080924855491334
2022-02-10T09:45-07:00,16.194331983805668
2022-02-10T10:00-07:00,6.388526727509783
2022-02-10T10:15-07:00,9.346991037131875
2022-02-10T10:30-07:00,11.203319502074688
2022-02-10T10:45-07:00,11.843876177658148
2022-02-10T11:00-07:00,8.235294117647058
2022-02-10T11:15-07:00,9.184993531694703
2022-02-10T11:30-07:00,2.6212319790301404
2022-02-10T11:45-07:00,7.6398362892223695
2022-02-10T12:00-07:00,13.049267643142471
2022-02-10T12:15-07:00,10.817941952506601
2022-02-10T12:30-07:00,11.81818181818181
2022-02-10T12:45-07:00,3.8157894736842066
2022-02-10T13:00-07:00,12.105263157894733
2022-02-10T13:15-07:00,3.4210526315789433
2022-02-10T13:30-07:00,13.54581673306773
2022-02-10T13:45-07:00,12.698412698412698
2022-02-10T14:00-07:00,10.568031704095107
2022-02-10T14:15-07:00,13.722826086956516
2022-02-10T14:30-07:00,9.6
2022-02-10T14:45-07:00,15.810276679841897
2022-02-10T15:00-07:00,12.500000000000009
2022-02-10T15:15-07:00,5.204460966542751
2022-02-10T15:30-07:00,14.854111405835548
2022-02-10T15:45-07:00,10.41948579161028
2022-02-10T16:00-07:00,17.914438502673793
2022-02-10T16:15-07:00,8.531468531468535
2022-02-10T16:30-07:00,12.048192771084338
2022-02-10T16:45-07:00,7.542262678803635
2022-02-10T17:00-07:00,12.078651685393254
2022-02-10T17:15-07:00,4.016064257028113
2022-02-10T17:30-07:00,6.506364922206511
2022-02-10T17:45-07:00,7.577807848443839
2022-02-10T18:00-07:00,9.140518417462486
2022-02-10T18:15-07:00,10.935251798561156
2022-02-10T18:30-07:00,10.238429172510523
2022-02-10T18:45-07:00,0.8860759493670815
2022-02-10T19:00-07:00,8.563535911602205
2022-02-10T19:15-07:00,10.09174311926605
2022-02-10T19:30-07:00,10.178817056396143
2022-02-10T19:45-07:00,9.243697478991596
2022-02-10T20:00-07:00,7.894736842105263
2022-02-10T20:15-07:00,8.333333333333334
2022-02-10T20:30-07:00,12.884333821376286
2022-02-10T20:45-07:00,20.92696629213483
2022-02-10T21:00-07:00,14.329268292682933
2022-02-10T21:15-07:00,15.0
2022-02-10T21:30-07:00,14.83443708609272
2022-02-10T21:45-07:00,18.195488721804516
2022-02-10T22:00-07:00,12.162162162162161
2022-02-10T22:15-07:00,23.275862068965516
2022-02-10T22:30-07:00,9.82905982905983
2022-02-10T22:45-07:00,15.352697095435685
2022-02-10T23:00-07:00,11.143695014662761
2022-02-10T23:15-07:00,18.23529411764706
2022-02-10T23:30-07:00,11.578947368421048
2022-02-10T23:45-07:00,17.32954545454545
2022-02-11T00:00-07:00,13.114754098360656
2022-02-11T00:15-07:00,11.714285714285719
2022-02-11T00:30-07:00,13.239436619718315
2022-02-11T00:45-07:00,10.36036036036036
2022-02-11T01:00-07:00,20.028818443804035
2022-02-11T01:15-07:00,11.310344827586212
2022-02-11T01:30-07:00,18.290854572713638
2022-02-11T01:45-07:00,18.491124260355026
2022-02-11T02:00-07:00,20.72072072072072
2022-02-11T02:15-07:00,8.038147138964574
2022-02-11T02:30-07:00,15.929203539823009
2022-02-11T02:45-07:00,12.863070539419088
2022-02-11T03:00-07:00,15.38461538461539
2022-02-11T03:15-07:00,11.815561959654183
2022-02-11T03:30-07:00,7.260273972602735
2022-02-11T03:45-07:00,17.748917748917748
2022-02-11T04:00-07:00,16.617210682492587
2022-02-11T04:15-07:00,12.133891213389122
2022-02-11T04:30-07:00,14.226519337016578
2022-02-11T04:45-07:00,7.264957264957265
2022-02-11T05:00-07:00,14.307228915662645
2022-02-11T05:15-07:00,14.88439306358382
2022-02-11T05:30-07:00,18.94273127753304
2022-02-11T05:45-07:00,13.157894736842104
2022-02-11T06:00-07:00,7.659574468085107
2022-02-11T06:15-07:00,18.07580174927114
2022-02-11T06:30-07:00,11.143270622286536
2022-02-11T06:45-07:00,13.315217391304342
2022-02-11T07:00-07:00,12.661870503597127
2022-02-11T07:15-07:00,15.937940761636103
2022-02-11T07:30-07:00,12.141882673942696
2022-02-11T07:45-07:00,12.960436562073665
2022-02-11T08:00-07:00,6.536856745479829
2022-02-11T08:15-07:00,14.107883817427386
2022-02-11T08:30-07:00,14.040114613180512
2022-02-11T08:45-07:00,14.32432432432433
2022-02-11T09:00-07:00,4.683544303797461
2022-02-11T09:15-07:00,12.75510204081632
2022-02-11T09:30-07:00,10.931174089068826
2022-02-11T09:45-07:00,12.4
2022-02-11T10:00-07:00,16.430594900849854
2022-02-11T10:15-07:00,11.904761904761905
2022-02-11T10:30-07:00,9.831824062095722
2022-02-11T10:45-07:00,9.594594594594591
2022-02-11T11:00-07:00,8.144192256341794
2022-02-11T11:15-07:00,14.762516046213085
2022-02-11T11:30-07:00,13.654618473895582
2022-02-11T11:45-07:00,12.201591511936336
2022-02-11T12:00-07:00,8.144192256341794
2022-02-11T12:15-07:00,8.979591836734693
2022-02-11T12:30-07:00,13.671875
2022-02-11T12:45-07:00,12.14953271028038
2022-02-11T13:00-07:00,19.842312746386337
2022-02-11T13:15-07:00,10.714285714285714
2022-02-11T13:30-07:00,12.452830188679245
2022-02-11T13:45-07:00,4.651162790697675
2022-02-11T14:00-07:00,15.900131406044682
2022-02-11T14:15-07:00,13.286713286713281
2022-02-11T14:30-07:00,13.428943937418518
2022-02-11T14:45-07:00,17.280453257790363
2022-02-11T15:00-07:00,8.59375
2022-02-11T15:15-07:00,13.324175824175828
2022-02-11T15:30-07:00,11.081081081081086
2022-02-11T15:45-07:00,11.475409836065573
2022-02-11T16:00-07:00,15.139442231075698
2022-02-11T16:15-07:00,12.704918032786885
2022-02-11T16:30-07:00,14.008321775312062
2022-02-11T16:45-07:00,4.237288135593221
2022-02-11T17:00-07:00,12.585499316005468
2022-02-11T17:15-07:00,11.756373937677049
2022-02-11T17:30-07:00,7.230559345156885
2022-02-11T17:45-07:00,6.005221932114886
2022-02-11T18:00-07:00,14.224137931034482
2022-02-11T18:15-07:00,13.75
2022-02-11T18:30-07:00,14.042553191489361
2022-02-11T18:45-07:00,14.957264957264957
2022-02-11T19:00-07:00,4.545454545454546
2022-02-11T19:15-07:00,13.223140495867769
2022-02-11T19:30-07:00,13.10751104565537
2022-02-11T19:45-07:00,13.445378151260504
2022-02-11T20:00-07:00,10.434782608695652
2022-02-11T20:15-07:00,17.31843575418995
2022-02-11T20:30-07:00,8.425414364640888
2022-02-11T20:45-07:00,10.0418410041841
2022-02-11T21:00-07:00,10.195530726256989
2022-02-11T21:15-07:00,10.822510822510823
2022-02-11T21:30-07:00,14.630681818181824
2022-02-11T21:45-07:00,7.651715039577841
2022-02-11T22:00-07:00,7.832167832167827
2022-02-11T22:15-07:00,22.580645161290324
2022-02-11T22:30-07:00,12.340425531914894
2022-02-11T22:45-07:00,21.58590308370044
2022-02-11T23:00-07:00,6.327372764786799
2022-02-11T23:15-07:00,18.273381294964032
2022-02-11T23:30-07:00,12.81690140845071
2022-02-11T23:45-07:00,11.403508771929825
2022-02-12T00:00-07:00,7.468879668049793
2022-02-12T00:15-07:00,5.37482319660537
2022-02-12T00:30-07:00,14.804469273743022
2022-02-12T00:45-07:00,9.241379310344833
2022-02-12T01:00-07:00,18.989280245022975
2022-02-12T01:15-07:00,8.502024291497976
2022-02-12T01:30-07:00,11.45374449339207
2022-02-12T01:45-07:00,13.670133729569088
2022-02-12T02:00-07:00,17.8517397881997
2022-02-12T02:15-07:00,9.49720670391061
2022-02-12T02:30-07:00,18.62464183381089
2022-02-12T02:45-07:00,10.339734121122605
2022-02-12T03:00-07:00,18.676470588235297
2022-02-12T03:15-07:00,5.3097345132743365
2022-02-12T03:30-07:00,11.030478955007261
2022-02-12T03:45-07:00,6.954102920723223
2022-02-12T04:00-07:00,16.75675675675676
2022-02-12T04:15-07:00,11.390532544378694
2022-02-12T04:30-07:00,13.636363636363637
2022-02-12T04:45-07:00,8.034433285509321
2022-02-12T05:00-07:00,15.555555555555555
2022-02-12T05:15-07:00,17.630057803468205
2022-02-12T05:30-07:00,16.289592760180994
2022-02-12T05:45-07:00,5.603448275862069
2022-02-12T06:00-07:00,16.371681415929203
2022-02-12T06:15-07:00,12.555391432791733
2022-02-12T06:30-07:00,10.540915395284332
2022-02-12T06:45-07:00,6.872370266479668
2022-02-12T07:00-07:00,7.856191744340874
2022-02-12T07:15-07:00,16.289592760180994
2022-02-12T07:30-07:00,3.8922155688622713
2022-02-12T07:45-07:00,13.642960812772138
2022-02-12T08:00-07:00,8.069164265129679
2022-02-12T08:15-07:00,14.306569343065688
2022-02-12T08:30-07:00,10.822510822510823
2022-02-12T08:45-07:00,15.384615384615385
2022-02-12T09:00-07:00,8.648648648648653
2022-02-12T09:15-07:00,6.1797752808988715
2022-02-12T09:30-07:00,12.205882352941172
2022-02-12T09:45-07:00,15.841584158415847
2022-02-12T10:00-07:00,14.786585365853664
2022-02-12T10:15-07:00,13.286713286713281
2022-02-12T10:30-07:00,9.956709956709958
2022-02-12T10:45-07:00,13.617021276595745
2022-02-12T11:00-07:00,11.834319526627214
2022-02-12T11:15-07:00,15.056818181818187
2022-02-12T11:30-07:00,14.847161572052402
2022-02-12T11:45-07:00,17.22689075630252
2022-02-12T12:00-07:00,4.602510460251046
2022-02-12T12:15-07:00,6.675749318801095
2022-02-12T12:30-07:00,12.017167381974248
2022-02-12T12:45-07:00,14.940828402366858
2022-02-12T13:00-07:00,14.84049930651872
2022-02-12T13:15-07:00,10.802919708029192
2022-02-12T13:30-07:00,11.544227886056966
2022-02-12T13:45-07:00,8.203677510608209
2022-02-12T14:00-07:00,11.382113821138212
2022-02-12T14:15-07:00,7.651715039577841
2022-02-12T14:30-07:00,16.155988857938713
2022-02-12T14:45-07:00,14.693295292439377
2022-02-12T15:00-07:00,10.07194244604317
2022-02-12T15:15-07:00,15.789473684210526
2022-02-12T15:30-07:00,10.49046321525885
2022-02-12T15:45-07:00,10.526315789473685
2022-02-12T16:00-07:00,14.490674318507885
2022-02-12T16:15-07:00,7.202216066481999
2022-02-12T16:30-07:00,15.256588072122048
2022-02-12T16:45-07:00,7.1633237822349525
2022-02-12T17:00-07:00,17.15481171548117
2022-02-12T17:15-07:00,8.169014084507047
2022-02-12T17:30-07:00,7.792207792207792
2022-02-12T17:45-07:00,14.388489208633098
2022-02-12T18:00-07:00,22.727272727272723
2022-02-12T18:15-07:00,3.23834196891191
2022-02-12T18:30-07:00,13.559322033898304
2022-02-12T18:45-07:00,8.771929824561404
2022-02-12T19:00-07:00,13.142857142857137
2022-02-12T19:15-07:00,9.722222222222221
2022-02-12T19:30-07:00,17.699115044247787
2022-02-12T19:45-07:00,4.293628808864271
2022-02-12T20:00-07:00,14.490674318507885
2022-02-12T20:15-07:00,15.316642120765827
2022-02-12T20:30-07:00,18.76971608832807
2022-02-12T20:45-07:00,12.5
2022-02-12T21:00-07:00,14.55331412103746
2022-02-12T21:15-07:00,13.478260869565217
2022-02-12T21:30-07:00,13.90134529147982
2022-02-12T21:45-07:00,9.47867298578199
2022-02-12T22:00-07:00,12.957317073170737
2022-02-12T22:15-07:00,10.619469026548673
2022-02-12T22:30-07:00,6.3559322033898304
2022-02-12T22:45-07:00,19.650655021834062
2022-02-12T23:00-07:00,14.224137931034482
2022-02-12T23:15-07:00,14.115898959881124
2022-02-12T23:30-07:00,9.45945945945946
2022-02-12T23:45-07:00,14.668547249647386
2022-02-13T00:00-07:00,3.7815126050420167
2022-02-13T00:15-07:00,18.22222222222222
2022-02-13T00:30-07:00,12.116788321167878
2022-02-13T00:45-07:00,18.24817518248175
2022-02-13T01:00-07:00,9.447674418604645
2022-02-13T01:15-07:00,8.912386706948636
2022-02-13T01:30-07:00,13.464447806354004
2022-02-13T01:45-07:00,17.042253521126767
2022-02-13T02:00-07:00,14.456035767511183
2022-02-13T02:15-07:00,6.25
2022-02-13T02:30-07:00,16.790490341753337
2022-02-13T02:45-07:00,18.03278688524591
2022-02-13T03:00-07:00,15.797317436661704
2022-02-13T03:15-07:00,13.76404494382022
2022-02-13T03:30-07:00,6.657018813314042
2022-02-13T03:45-07:00,13.010590015128587
2022-02-13T04:00-07:00,15.668202764976959
2022-02-13T04:15-07:00,15.765765765765765
2022-02-13T04:30-07:00,8.187919463087253
2022-02-13T04:45-07:00,18.098159509202457
2022-02-13T05:00-07:00,16.690240452616695
2022-02-13T05:15-07:00,11.922503725782411
2022-02-13T05:30-07:00,10.724233983286902
2022-02-13T05:45-07:00,8.733624454148472
2022-02-13T06:00-07:00,11.617647058823534
2022-02-13T06:15-07:00,17.919075144508675
2022-02-13T06:30-07:00,9.490084985835699
2022-02-13T06:45-07:00,6.796116504854373
2022-02-13T07:00-07:00,11.240875912408754
2022-02-13T07:15-07:00,11.538461538461538
2022-02-13T07:30-07:00,11.063829787234043
2022-02-13T07:45-07:00,5.570652173913039
2022-02-13T08:00-07:00,16.23931623931624
2022-02-13T08:15-07:00,10.120845921450156
2022-02-13T08:30-07:00,14.163090128755364
2022-02-13T08:45-07:00,12.738853503184707
2022-02-13T09:00-07:00,8.403361344537815
2022-02-13T09:15-07:00,12.669683257918551
2022-02-13T09:30-07:00,10.597014925373129
2022-02-13T09:45-07:00,14.949201741654576
2022-02-13T10:00-07:00,7.879656160458458
2022-02-13T10:15-07:00,7.531380753138075
2022-02-13T10:30-07:00,11.33540372670808
2022-02-13T10:45-07:00,11.849710982658964
2022-02-13T11:00-07:00,8.972503617945002
2022-02-13T11:15-07:00,8.781869688385264
2022-02-13T11:30-07:00,12.769010043041602
2022-02-13T11:45-07:00,6.914893617021281
2022-02-13T12:00-07:00,5.359661495063465
2022-02-13T12:15-07:00,14.450867052023126
2022-02-13T12:30-07:00,7.132667617689012
2022-02-13T12:45-07:00,14.820143884892092
2022-02-13T13:00-07:00,6.0344827586206895
2022-02-13T13:15-07:00,12.760055478502075
2022-02-13T13:30-07:00,6.877579092159555
2022-02-13T13:45-07:00,9.876543209876543
2022-02-13T14:00-07:00,10.869565217391305
2022-02-13T14:15-07:00,9.745127436281853
2022-02-13T14:30-07:00,8.474576271186441
2022-02-13T14:45-07:00,16.157205240174672
2022-02-13T15:00-07:00,9.31506849315068
2022-02-13T15:15-07:00,12.5
2022-02-13T15:30-07:00,2.9891304347826124
2022-02-13T15:45-07:00,7.033248081841425
2022-02-13T16:00-07:00,3.1390134529147984
2022-02-13T16:15-07:00,13.103448275862066
2022-02-13T16:30-07:00,11.143270622286536
2022-02-13T16:45-07:00,9.745762711864407
2022-02-13T17:00-07:00,12.16407355021216
2022-02-13T17:15-07:00,5.726872246696035
2022-02-13T17:30-07:00,4.582210242587605
2022-02-13T17:45-07:00,11.318051575931237
2022-02-13T18:00-07:00,9.598853868194848
2022-02-13T18:15-07:00,8.417997097242385
2022-02-13T18:30-07:00,13.223140495867769
2022-02-13T18:45-07:00,4.733727810650882
2022-02-13T19:00-07:00,16.417910447761198
2022-02-13T19:15-07:00,1.639344262295082
2022-02-13T19:30-07:00,11.77347242921014
2022-02-13T19:45-07:00,11.64901664145234
2022-02-13T20:00-07:00,15.805471124620055
2022-02-13T20:15-07:00,14.20454545454546
2022-02-13T20:30-07:00,11.221590909090914
2022-02-13T20:45-07:00,12.924071082390947
2022-02-13T21:00-07:00,13.994565217391308
2022-02-13T21:15-07:00,13.029827315541596
2022-02-13T21:30-07:00,15.870786516853927
2022-02-13T21:45-07:00,6.1946902654867255
2022-02-13T22:00-07:00,18.523878437047752
2022-02-13T22:15-07:00,13.829787234042557
2022-02-13T22:30-07:00,13.808801213960551
2022-02-13T22:45-07:00,13.100436681222707
2022-02-13T23:00-07:00,9.06389301634473
2022-02-13T23:15-07:00,14.637904468412938
2022-02-13T23:30-07:00,17.08766716196137
2022-02-13T23:45-07:00,16.666666666666668
2022-02-14T00:00-07:00,12.48185776487663
2022-02-14T00:15-07:00,12.588401697312584
2022-02-14T00:30-07:00,9.212481426448733
2022-02-14T00:45-07:00,16.763848396501462
2022-02-14T01:00-07:00,8.30815709969789
2022-02-14T01:15-07:00,10.704225352112681
2022-02-14T01:30-07:00,8.48920863309352
2022-02-14T01:45-07:00,14.809384164222868
2022-02-14T02:00-07:00,15.919629057187022
2022-02-14T02:15-07:00,14.626865671641786
2022-02-14T02:30-07:00,9.205020920502092
2022-02-14T02:45-07:00,13.037249283667627
2022-02-14T03:00-07:00,15.170278637770892
2022-02-14T03:15-07:00,14.977973568281937
2022-02-14T03:30-07:00,7.832167832167827
2022-02-14T03:45-07:00,12.719298245614034
2022-02-14T04:00-07:00,15.068493150684931
2022-02-14T04:15-07:00,18.53448275862069
2022-02-14T04:30-07:00,16.344725111441303
2022-02-14T04:45-07:00,8.635097493036207
2022-02-14T05:00-07:00,6.584992343032164
2022-02-14T05:15-07:00,12.443095599393025
2022-02-14T05:30-07:00,11.46408839779005
2022-02-14T05:45-07:00,8.134642356241239
2022-02-14T06:00-07:00,12.946428571428571
2022-02-14T06:15-07:00,12.816691505216092
2022-02-14T06:30-07:00,17.84172661870504
2022-02-14T06:45-07:00,9.205020920502092
2022-02-14T07:00-07:00,9.888579387186624
2022-02-14T07:15-07:00,8.284023668639048
2022-02-14T07:30-07:00,16.54676258992806
2022-02-14T07:45-07:00,12.661870503597127
2022-02-14T08:00-07:00,10.78838174273859
2022-02-14T08:15-07:00,10.755813953488367
2022-02-14T08:30-07:00,10.027472527472533
2022-02-14T08:45-07:00,12.101063829787238
2022-02-14T09:00-07:00,12.698412698412698
2022-02-14T09:15-07:00,10.081743869209806
2022-02-14T09:30-07:00,9.271523178807952
2022-02-14T09:45-07:00,12.290502793296094
2022-02-14T10:00-07:00,16.55540720961282
2022-02-14T10:15-07:00,8.000000000000009
2022-02-14T10:30-07:00,8.575031525851207
2022-02-14T10:45-07:00,4.8979591836734695
2022-02-14T11:00-07:00,12.292817679558006
2022-02-14T11:15-07:00,9.54356846473029
2022-02-14T11:30-07:00,10.116731517509727
2022-02-14T11:45-07:00,10.911424903722713
2022-02-14T12:00-07:00,8.205841446453404
2022-02-14T12:15-07:00,13.959731543624157
2022-02-14T12:30-07:00,4.918032786885246
2022-02-14T12:45-07:00,12.894736842105258
2022-02-14T13:00-07:00,17.142857142857142
2022-02-14T13:15-07:00,13.74233128834355
2022-02-14T13:30-07:00,0.9395973154362454
2022-02-14T13:45-07:00,13.66711772665764
2022-02-14T14:00-07:00,7.01986754966887
2022-02-14T14:15-07:00,14.325452016689852
2022-02-14T14:30-07:00,13.142857142857137
2022-02-14T14:45-07:00,16.31016042780748
2022-02-14T15:00-07:00,5.394736842105258
2022-02-14T15:15-07:00,12.198391420911532
2022-02-14T15:30-07:00,14.985590778097977
2022-02-14T15:45-07:00,12.863070539419088
2022-02-14T16:00-07:00,10.481586402266284
2022-02-14T16:15-07:00,12.285714285714281
2022-02-14T16:30-07:00,7.142857142857148
2022-02-14T16:45-07:00,5.579399141630901
2022-02-14T17:00-07:00,8.189655172413794
2022-02-14T17:15-07:00,14.874815905743736
2022-02-14T17:30-07:00,11.690140845070419
2022-02-14T17:45-07:00,2.793296089385471
2022-02-14T18:00-07:00,7.53911806543385
2022-02-14T18:15-07:00,15.419161676646713
2022-02-14T18:30-07:00,13.843888070692199
2022-02-14T18:45-07:00,7.6923076923076925
2022-02-14T19:00-07:00,15.451895043731783
2022-02-14T19:15-07:00,10.834553440702777
2022-02-14T19:30-07:00,15.251798561151084
2022-02-14T19:45-07:00,13.642960812772138
2022-02-14T20:00-07:00,8.547008547008547
2022-02-14T20:15-07:00,13.500784929356353
2022-02-14T20:30-07:00,14.556962025316452
2022-02-14T20:45-07:00,14.12520064205458
2022-02-14T21:00-07:00,10.549132947976883
2022-02-14T21:15-07:00,8.936825885978433
2022-02-14T21:30-07:00,16.894977168949772
2022-02-14T21:45-07:00,11.128775834658192
2022-02-14T22:00-07:00,9.365994236311234
2022-02-14T22:15-07:00,11.162790697674419
2022-02-14T22:30-07:00,12.338593974175032
2022-02-14T22:45-07:00,10.120845921450156
2022-02-14T23:00-07:00,4.564315352697095
2022-02-14T23:15-07:00,15.91895803183791
2022-02-14T23:30-07:00,13.165680473372776
2022-02-14T23:45-07:00,5.934718100890213
2022-02-15T00:00-07:00,8.51063829787234
2022-02-15T00:15-07:00,16.563467492260056
2022-02-15T00:30-07:00,14.008941877794342
2022-02-15T00:45-07:00,9.776536312849167
2022-02-15T01:00-07:00,7.44985673352436
2022-02-15T01:15-07:00,8.357348703170032
2022-02-15T01:30-07:00,15.522388059701488
2022-02-15T01:45-07:00,16.64335664335664
2022-02-15T02:00-07:00,4.353932584269667
2022-02-15T02:15-07:00,14.479638009049774
2022-02-15T02:30-07:00,7.819548872180456
2022-02-15T02:45-07:00,11.11111111111111
2022-02-15T03:00-07:00,19.202363367799116
2022-02-15T03:15-07:00,12.446958981612452
2022-02-15T03:30-07:00,12.26114649681528
2022-02-15T03:45-07:00,7.649513212795554
2022-02-15T04:00-07:00,13.333333333333334
2022-02-15T04:15-07:00,16.666666666666668
2022-02-15T04:30-07:00,6.8513119533527655
2022-02-15T04:45-07:00,9.940652818991103
2022-02-15T05:00-07:00,13.670133729569088
2022-02-15T05:15-07:00,7.947976878612722
2022-02-15T05:30-07:00,9.401709401709402
2022-02-15T05:45-07:00,10.477657935285048
2022-02-15T06:00-07:00,12.397820163487744
2022-02-15T06:15-07:00,12.443778110944523
2022-02-15T06:30-07:00,11.277173913043473
2022-02-15T06:45-07:00,11.764705882352946
2022-02-15T07:00-07:00,10.977443609022561
2022-02-15T07:15-07:00,7.386363636363641
2022-02-15T07:30-07:00,5.508474576271187
2022-02-15T07:45-07:00,15.820029027576203
2022-02-15T08:00-07:00,12.55172413793104
2022-02-15T08:15-07:00,9.243697478991596
2022-02-15T08:30-07:00,5.787348586810233
2022-02-15T08:45-07:00,2.766798418972332
2022-02-15T09:00-07:00,3.9603960396039604
2022-02-15T09:15-07:00,7.407407407407407
2022-02-15T09:30-07:00,5.882352941176463
2022-02-15T09:45-07:00,8.049113233287853
2022-02-15T10:00-07:00,11.570247933884298
2022-02-15T10:15-07:00,6.0728744939271255
2022-02-15T10:30-07:00,15.13513513513514
2022-02-15T10:45-07:00,6.127770534550192
2022-02-15T11:00-07:00,9.459459459459465
2022-02-15T11:15-07:00,5.366492146596855
2022-02-15T11:30-07:00,8.957219251336902
2022-02-15T11:45-07:00,6.024096385542169
2022-02-15T12:00-07:00,16.40513552068474
2022-02-15T12:15-07:00,5.562273276904467
2022-02-15T12:30-07:00,11.37980085348506
2022-02-15T12:45-07:00,8.870292887029283
2022-02-15T13:00-07:00,14.655172413793103
2022-02-15T13:15-07:00,6.923076923076923
2022-02-15T13:30-07:00,12.875536480686696
2022-02-15T13:45-07:00,8.83152173913043
2022-02-15T14:00-07:00,3.4620505992010613
2022-02-15T14:15-07:00,13.848202396804256
2022-02-15T14:30-07:00,8.169014084507047
2022-02-15T14:45-07:00,10.89193825042881
2022-02-15T15:00-07:00,4.679144385026733
2022-02-15T15:15-07:00,10.568031704095107
2022-02-15T15:30-07:00,16.573816155988855
2022-02-15T15:45-07:00,14.40329218106996
2022-02-15T16:00-07:00,3.3692722371967694
2022-02-15T16:15-07:00,12.941176470588236
2022-02-15T16:30-07:00,8.583690987124463
2022-02-15T16:45-07:00,13.807531380753138
2022-02-15T17:00-07:00,0.24937655860349128
2022-02-15T17:15-07:00,13.478260869565217
2022-02-15T17:30-07:00,10.178817056396143
2022-02-15T17:45-07:00,5.068493150684936
2022-02-15T18:00-07:00,9.947643979057597
2022-02-15T18:15-07:00,6.306306306306307
2022-02-15T18:30-07:00,17.50358680057388
2022-02-15T18:45-07:00,5.857142857142852
2022-02-15T19:00-07:00,14.263322884012545
2022-02-15T19:15-07:00,15.22693997071742
2022-02-15T19:30-07:00,19.538461538461544
2022-02-15T19:45-07:00,8.628005657708632
2022-02-15T20:00-07:00,11.320754716981131
2022-02-15T20:15-07:00,18.454935622317596
2022-02-15T20:30-07:00,5.563282336578586
2022-02-15T20:45-07:00,12.01157742402315
2022-02-15T21:00-07:00,15.767634854771785
2022-02-15T21:15-07:00,18.71428571428571
2022-02-15T21:30-07:00,12.827988338192425
2022-02-15T21:45-07:00,15.558912386706954
2022-02-15T22:00-07:00,10.126582278481013
2022-02-15T22:15-07:00,8.640226628895189
2022-02-15T22:30-07:00,12.863070539419088
2022-02-15T22:45-07:00,17.180616740088105
2022-02-15T23:00-07:00,17.857142857142858
2022-02-15T23:15-07:00,11.37980085348506
2022-02-15T23:30-07:00,8.146067415730338
2022-02-15T23:45-07:00,14.46991404011461
2022-02-16T00:00-07:00,0.851063829787234
2022-02-16T00:15-07:00,8.251748251748246
2022-02-16T00:30-07:00,13.464447806354004
2022-02-16T00:45-07:00,15.490797546012264
2022-02-16T01:00-07:00,10.65918653576438
2022-02-16T01:15-07:00,10.572687224669604
2022-02-16T01:30-07:00,12.66766020864382
2022-02-16T01:45-07:00,8.251748251748246
2022-02-16T02:00-07:00,6.618705035971228
2022-02-16T02:15-07:00,11.394302848575716
2022-02-16T02:30-07:00,12.022630834512027
2022-02-16T02:45-07:00,6.676342525399134
2022-02-16T03:00-07:00,12.017167381974248
2022-02-16T03:15-07:00,11.81683899556868
2022-02-16T03:30-07:00,14.992927864214998
2022-02-16T03:45-07:00,7.053941908713693
2022-02-16T04:00-07:00,23.82397572078908
2022-02-16T04:15-07:00,8.972503617945002
2022-02-16T04:30-07:00,12.230215827338135
2022-02-16T04:45-07:00,12.292817679558006
2022-02-16T05:00-07:00,15.419161676646713
2022-02-16T05:15-07:00,13.916786226685801
2022-02-16T05:30-07:00,7.50341064120055
2022-02-16T05:45-07:00,14.395099540581935
2022-02-16T06:00-07:00,8.77659574468085
2022-02-16T06:15-07:00,9.090909090909086
2022-02-16T06:30-07:00,10.62068965517241
2022-02-16T06:45-07:00,10.830860534124634
2022-02-16T07:00-07:00,9.129213483146062
2022-02-16T07:15-07:00,9.883720930232553
2022-02-16T07:30-07:00,10.434782608695652
2022-02-16T07:45-07:00,7.014542343883655
2022-02-16T08:00-07:00,6.077348066298338
2022-02-16T08:15-07:00,14.972527472527478
2022-02-16T08:30-07:00,10.810810810810807
2022-02-16T08:45-07:00,18.376068376068375
2022-02-16T09:00-07:00,12.55172413793104
2022-02-16T09:15-07:00,8.31062670299728
2022-02-16T09:30-07:00,10.620220900594738
2022-02-16T09:45-07:00,13.210039630118894
2022-02-16T10:00-07:00,16.170212765957448
2022-02-16T10:15-07:00,5.2825552825552755
2022-02-16T10:30-07:00,8.130081300813009
2022-02-16T10:45-07:00,8.73015873015873
2022-02-16T11:00-07:00,2.6634382566585955
2022-02-16T11:15-07:00,4.425837320574155
2022-02-16T11:30-07:00,8.701298701298692
2022-02-16T11:45-07:00,8.461538461538462
2022-02-16T12:00-07:00,8.62068965517241
2022-02-16T12:15-07:00,6.7164179104477615
2022-02-16T12:30-07:00,5.858854860186414
2022-02-16T12:45-07:00,5.988023952095802
2022-02-16T13:00-07:00,12.696148359486443
2022-02-16T13:15-07:00,9.046454767726168
2022-02-16T13:30-07:00,5.447470817120623
2022-02-16T13:45-07:00,9.72602739726027
2022-02-16T14:00-07:00,13.154362416107379
2022-02-16T14:15-07:00,11.047345767575317
2022-02-16T14:30-07:00,8.076923076923077
2022-02-16T14:45-07:00,9.137931034482753
2022-02-16T15:00-07:00,14.039735099337753
2022-02-16T15:15-07:00,11.772853185595572
2022-02-16T15:30-07:00,9.644670050761412
2022-02-16T15:45-07:00,4.129032258064524
2022-02-16T16:00-07:00,10.063694267515915
2022-02-16T16:15-07:00,17.187500000000004
2022-02-16T16:30-07:00,8.276450511945386
2022-02-16T16:45-07:00,5.925925925925926
2022-02-16T17:00-07:00,13.722826086956516
2022-02-16T17:15-07:00,5.852417302798982
2022-02-16T17:30-07:00,13.256484149855902
2022-02-16T17:45-07:00,3.6363636363636287
2022-02-16T18:00-07:00,12.054794520547949
2022-02-16T18:15-07:00,11.566617862371894
2022-02-16T18:30-07:00,13.821138211382113
2022-02-16T18:45-07:00,10.013531799729359
2022-02-16T19:00-07:00,12.195121951219512
2022-02-16T19:15-07:00,10.725075528700902
2022-02-16T19:30-07:00,20.826952526799392
2022-02-16T19:45-07:00,5.371900826446281
2022-02-16T20:00-07:00,15.021459227467812
2022-02-16T20:15-07:00,3.4482758620689653
2022-02-16T20:30-07:00,19.457013574660632
2022-02-16T20:45-07:00,3.883495145631073
2022-02-16T21:00-07:00,7.59312320916905
2022-02-16T21:15-07:00,15.453194650817231
2022-02-16T21:30-07:00,11.428571428571434
2022-02-16T21:45-07:00,15.899581589958158
2022-02-16T22:00-07:00,7.725321888412017
2022-02-16T22:15-07:00,12.076583210603834
2022-02-16T22:30-07:00,11.73913043478261
2022-02-16T22:45-07:00,11.304347826086957
2022-02-16T23:00-07:00,3.3755274261603376
2022-02-16T23:15-07:00,18.62464183381089
2022-02-16T23:30-07:00,15.384615384615385
2022-02-16T23:45-07:00,11.495844875346256
2022-02-17T00:00-07:00,0.8695652173913043
2022-02-17T00:15-07:00,19.033674963396784
2022-02-17T00:30-07:00,7.863501483679521
2022-02-17T00:45-07:00,16.591928251121075
2022-02-17T01:00-07:00,12.017167381974248
2022-02-17T01:15-07:00,10.572687224669604
2022-02-17T01:30-07:00,14.347826086956522
2022-02-17T01:45-07:00,19.02654867256637
2022-02-17T02:00-07:00,12.223858615611189
2022-02-17T02:15-07:00,12.735166425470338
2022-02-17T02:30-07:00,13.537117903930131
2022-02-17T02:45-07:00,11.872146118721462
2022-02-17T03:00-07:00,13.080168776371307
2022-02-17T03:15-07:00,15.946348733233975
2022-02-17T03:30-07:00,16.918429003021153
2022-02-17T03:45-07:00,10.166919575113814
2022-02-17T04:00-07:00,13.23119777158774
2022-02-17T04:15-07:00,10.895522388059705
2022-02-17T04:30-07:00,18.731117824773417
2022-02-17T04:45-07:00,12.280701754385966
2022-02-17T05:00-07:00,17.916666666666668
2022-02-17T05:15-07:00,12.268188302425102
2022-02-17T05:30-07:00,24.477611940298505
2022-02-17T05:45-07:00,11.976047904191612
2022-02-17T06:00-07:00,12.550066755674237
2022-02-17T06:15-07:00,4.999999999999996
2022-02-17T06:30-07:00,11.197916666666666
2022-02-17T06:45-07:00,4.166666666666667
2022-02-17T07:00-07:00,10.687022900763358
2022-02-17T07:15-07:00,12.22707423580786
2022-02-17T07:30-07:00,8.19672131147541
2022-02-17T07:45-07:00,8.423913043478256
2022-02-17T08:00-07:00,9.329829172141915
2022-02-17T08:15-07:00,11.297071129707113
2022-02-17T08:30-07:00,13.467048710601725
2022-02-17T08:45-07:00,11.063829787234043
2022-02-17T09:00-07:00,5.256241787122212
2022-02-17T09:15-07:00,12.711864406779661
2022-02-17T09:30-07:00,8.62510674637063
2022-02-17T09:45-07:00,17.58389261744966
2022-02-17T10:00-07:00,1.5873015873015872
2022-02-17T10:15-07:00,9.15934755332496
2022-02-17T10:30-07:00,10.52631578947368
2022-02-17T10:45-07:00,16.37583892617449
2022-02-17T11:00-07:00,11.693548387096774
2022-02-17T11:15-07:00,7.8125
2022-02-17T11:30-07:00,10.263522884882104
2022-02-17T11:45-07:00,13.877551020408163
2022-02-17T12:00-07:00,7.968476357267945
2022-02-17T12:15-07:00,10.627400768245847
2022-02-17T12:30-07:00,11.023622047244094
2022-02-17T12:45-07:00,12.295081967213115
2022-02-17T13:00-07:00,16.255442670537015
2022-02-17T13:15-07:00,10.403120936280894
2022-02-17T13:30-07:00,2.7237354085603114
2022-02-17T13:45-07:00,14.492753623188406
2022-02-17T14:00-07:00,13.067400275103159
2022-02-17T14:15-07:00,7.642487046632132
2022-02-17T14:30-07:00,8.222811671087529
2022-02-17T14:45-07:00,5.859375
2022-02-17T15:00-07:00,2.5477707006369497
2022-02-17T15:15-07:00,18.76712328767123
2022-02-17T15:30-07:00,5.115089514066488
2022-02-17T15:45-07:00,10.43723554301833
2022-02-17T16:00-07:00,6.746031746031746
2022-02-17T16:15-07:00,5.584415584415576
2022-02-17T16:30-07:00,8.724832214765096
2022-02-17T16:45-07:00,5.080213903743311
2022-02-17T17:00-07:00,10.568031704095107
2022-02-17T17:15-07:00,5.1675977653631335
2022-02-17T17:30-07:00,8.000000000000009
2022-02-17T17:45-07:00,8.238636363636369
2022-02-17T18:00-07:00,10.756972111553784
2022-02-17T18:15-07:00,8.413793103448281
2022-02-17T18:30-07:00,6.8212824010914
2022-02-17T18:45-07:00,10.970464135021096
2022-02-17T19:00-07:00,12.391930835734865
2022-02-17T19:15-07:00,11.403508771929825
2022-02-17T19:30-07:00,14.084507042253525
2022-02-17T19:45-07:00,1.2096774193548387
2022-02-17T20:00-07:00,8.264462809917354
2022-02-17T20:15-07:00,8.180535966149511
2022-02-17T20:30-07:00,4.385964912280702
2022-02-17T20:45-07:00,12.283236994219658
2022-02-17T21:00-07:00,7.954545454545451
2022-02-17T21:15-07:00,14.944134078212286
2022-02-17T21:30-07:00,13.848396501457723
2022-02-17T21:45-07:00,13.852813852813853
2022-02-17T22:00-07:00,8.088235294117652
2022-02-17T22:15-07:00,10.78838174273859
2022-02-17T22:30-07:00,12.048192771084333
2022-02-17T22:45-07:00,15.486725663716815
2022-02-17T23:00-07:00,8.333333333333334
2022-02-17T23:15-07:00,14.626865671641786
2022-02-17T23:30-07:00,10.248901903367502
2022-02-17T23:45-07:00,17.84107946026986
2022-02-18T00:00-07:00,12.34939759036145
2022-02-18T00:15-07:00,9.012875536480687
2022-02-18T00:30-07:00,10.995542347696874
2022-02-18T00:45-07:00,20.87591240875912
2022-02-18T01:00-07:00,13.798008534850645
2022-02-18T01:15-07:00,8.196721311475414
2022-02-18T01:30-07:00,15.620437956204375
2022-02-18T01:45-07:00,17.732558139534877
2022-02-18T02:00-07:00,12.962962962962964
2022-02-18T02:15-07:00,13.793103448275858
2022-02-18T02:30-07:00,12.443095599393025
2022-02-18T02:45-07:00,17.027863777089777
2022-02-18T03:00-07:00,12.785388127853881
2022-02-18T03:15-07:00,8.563535911602205
2022-02-18T03:30-07:00,17.611026033690663
2022-02-18T03:45-07:00,8.9051094890511
2022-02-18T04:00-07:00,11.826347305389227
2022-02-18T04:15-07:00,7.821229050279325
2022-02-18T04:30-07:00,16.568914956011724
2022-02-18T04:45-07:00,12.55474452554744
2022-02-18T05:00-07:00,18.729641693811082
2022-02-18T05:15-07:00,8.827586206896557
2022-02-18T05:30-07:00,4.49927431059507
2022-02-18T05:45-07:00,8.605341246290806
2022-02-18T06:00-07:00,15.552325581395344
2022-02-18T06:15-07:00,6.967213114754099
2022-02-18T06:30-07:00,11.344537815126051
2022-02-18T06:45-07:00,5.47945205479452
2022-02-18T07:00-07:00,14.977973568281937
2022-02-18T07:15-07:00,2.467343976777935
2022-02-18T07:30-07:00,9.497964721845323
2022-02-18T07:45-07:00,15.384615384615385
2022-02-18T08:00-07:00,9.847434119278775
2022-02-18T08:15-07:00,12.5
2022-02-18T08:30-07:00,10.054347826086952
2022-02-18T08:45-07:00,7.860262008733624
2022-02-18T09:00-07:00,11.404728789986097
2022-02-18T09:15-07:00,10.13698630136986
2022-02-18T09:30-07:00,4.230769230769231
2022-02-18T09:45-07:00,12.55474452554744
2022-02-18T10:00-07:00,8.064516129032258
2022-02-18T10:15-07:00,10.439560439560445
2022-02-18T10:30-07:00,5.039787798408484
2022-02-18T10:45-07:00,7.770700636942667
2022-02-18T11:00-07:00,11.693548387096774
2022-02-18T11:15-07:00,14.285714285714286
2022-02-18T11:30-07:00,14.55331412103746
2022-02-18T11:45-07:00,11.59235668789808
2022-02-18T12:00-07:00,9.7165991902834
2022-02-18T12:15-07:00,15.6578947368421
2022-02-18T12:30-07:00,10.755813953488367
2022-02-18T12:45-07:00,16.015625
2022-02-18T13:00-07:00,13.01369863013698
2022-02-18T13:15-07:00,9.72404730617608
2022-02-18T13:30-07:00,16.976127320954905
2022-02-18T13:45-07:00,10.649350649350641
2022-02-18T14:00-07:00,10.43723554301833
2022-02-18T14:15-07:00,4.12782956058589
2022-02-18T14:30-07:00,7.086614173228346
2022-02-18T14:45-07:00,15.352697095435685
2022-02-18T15:00-07:00,11.142061281337043
2022-02-18T15:15-07:00,13.360323886639677
2022-02-18T15:30-07:00,6.54205607476636
2022-02-18T15:45-07:00,6.865284974093272
2022-02-18T16:00-07:00,5.832147937411091
2022-02-18T16:15-07:00,9.28882438316401
2022-02-18T16:30-07:00,5.508474576271187
2022-02-18T16:45-07:00,12.711864406779661
2022-02-18T17:00-07:00,2.42914979757085
2022-02-18T17:15-07:00,7.547169811320759
2022-02-18T17:30-07:00,4.299583911234401
2022-02-18T17:45-07:00,10.52631578947368
2022-02-18T18:00-07:00,3.94366197183099
2022-02-18T18:15-07:00,4.238410596026486
2022-02-18T18:30-07:00,14.456035767511183
2022-02-18T18:45-07:00,7.8984485190408975
2022-02-18T19:00-07:00,12.936046511627902
2022-02-18T19:15-07:00,12.946428571428571
2022-02-18T19:30-07:00,14.325452016689852
2022-02-18T19:45-07:00,7.798165137614679
2022-02-18T20:00-07:00,12.987012987012987
2022-02-18T20:15-07:00,10.714285714285714
2022-02-18T20:30-07:00,8.739255014326652
2022-02-18T20:45-07:00,5.300859598853873
2022-02-18T21:00-07:00,15.38461538461538
2022-02-18T21:15-07:00,13.684210526315795
2022-02-18T21:30-07:00,10.977443609022561
2022-02-18T21:45-07:00,4.963503649635041
2022-02-18T22:00-07:00,15.83710407239819
2022-02-18T22:15-07:00,9.523809523809524
2022-02-18T22:30-07:00,19.81707317073171
2022-02-18T22:45-07:00,8.27679782903664
2022-02-18T23:00-07:00,16.475644699140407
2022-02-18T23:15-07:00,13.076923076923082
2022-02-18T23:30-07:00,10.410557184750727
2022-02-18T23:45-07:00,2.478134110787168
2022-02-19T00:00-07:00,12.5
2022-02-19T00:15-07:00,16.496350364963497
2022-02-19T00:30-07:00,7.004470938897164
2022-02-19T00:45-07:00,13.434903047091417
2022-02-19T01:00-07:00,5.547445255474448
2022-02-19T01:15-07:00,19.906687402799374
2022-02-19T01:30-07:00,5.829596412556054
2022-02-19T01:45-07:00,10.88825214899714
2022-02-19T02:00-07:00,12.552301255230125
2022-02-19T02:15-07:00,19.14285714285714
2022-02-19T02:30-07:00,12.374100719424456
2022-02-19T02:45-07:00,12.85140562248996
2022-02-19T03:00-07:00,10.274963820549923
2022-02-19T03:15-07:00,14.871016691957507
2022-02-19T03:30-07:00,13.91304347826087
2022-02-19T03:45-07:00,9.014084507042257
2022-02-19T04:00-07:00,11.596385542168669
2022-02-19T04:15-07:00,15.246636771300448
2022-02-19T04:30-07:00,12.74362818590705
2022-02-19T04:45-07:00,10.78286558345643
2022-02-19T05:00-07:00,6.10795454545455
2022-02-19T05:15-07:00,10.138248847926267
2022-02-19T05:30-07:00,15.652173913043478
2022-02-19T05:45-07:00,6.866952789699571
2022-02-19T06:00-07:00,14.40677966101695
2022-02-19T06:15-07:00,5.982905982905983
2022-02-19T06:30-07:00,13.239436619718315
2022-02-19T06:45-07:00,6.491712707182316
2022-02-19T07:00-07:00,6.6115702479338845
2022-02-19T07:15-07:00,9.337349397590357
2022-02-19T07:30-07:00,17.265193370165743
2022-02-19T07:45-07:00,2.479338842975207
2022-02-19T08:00-07:00,6.675749318801095
2022-02-19T08:15-07:00,18.859649122807017
2022-02-19T08:30-07:00,10.571428571428566
2022-02-19T08:45-07:00,14.045801526717552
2022-02-19T09:00-07:00,7.052186177715087
2022-02-19T09:15-07:00,9.45945945945946
2022-02-19T09:30-07:00,14.46991404011461
2022-02-19T09:45-07:00,3.8291605301914537
2022-02-19T10:00-07:00,8.660351826792967
2022-02-19T10:15-07:00,6.714285714285709
2022-02-19T10:30-07:00,10.860366713681236
2022-02-19T10:45-07:00,9.325681492109034
2022-02-19T11:00-07:00,9.170305676855895
2022-02-19T11:15-07:00,5.449591280653956
2022-02-19T11:30-07:00,10.068965517241384
2022-02-19T11:45-07:00,12.97071129707113
2022-02-19T12:00-07:00,14.507042253521131
2022-02-19T12:15-07:00,16.54978962131838
2022-02-19T12:30-07:00,9.745127436281853
2022-02-19T12:45-07:00,3.083109919571042
2022-02-19T13:00-07:00,12.827988338192425
2022-02-19T13:15-07:00,12.181303116147303
2022-02-19T13:30-07:00,11.508553654743386
2022-02-19T13:45-07:00,14.017341040462433
2022-02-19T14:00-07:00,11.210762331838565
2022-02-19T14:15-07:00,8.100558659217882
2022-02-19T14:30-07:00,15.214180206794687
2022-02-19T14:45-07:00,14.985590778097977
2022-02-19T15:00-07:00,12.716763005780352
2022-02-19T15:15-07:00,6.906077348066294
2022-02-19T15:30-07:00,11.318051575931237
2022-02-19T15:45-07:00,13.01369863013698
2022-02-19T16:00-07:00,5.240793201133148
2022-02-19T16:15-07:00,18.167938931297705
2022-02-19T16:30-07:00,8.733624454148472
2022-02-19T16:45-07:00,14.54545454545454
2022-02-19T17:00-07:00,4.166666666666667
2022-02-19T17:15-07:00,8.104196816208388
2022-02-19T17:30-07:00,9.142857142857148
2022-02-19T17:45-07:00,17.549167927382747
2022-02-19T18:00-07:00,7.205882352941181
2022-02-19T18:15-07:00,4.748603351955312
2022-02-19T18:30-07:00,7.112970711297071
2022-02-19T18:45-07:00,9.243697478991596
2022-02-19T19:00-07:00,14.33070866141733
2022-02-19T19:15-07:00,6.952662721893486
2022-02-19T19:30-07:00,8.46774193548387
2022-02-19T19:45-07:00,8.482142857142858
2022-02-19T20:00-07:00,15.0
2022-02-19T20:15-07:00,11.04651162790698
2022-02-19T20:30-07:00,14.372163388804836
2022-02-19T20:45-07:00,9.724238026124823
2022-02-19T21:00-07:00,14.874815905743736
2022-02-19T21:15-07:00,14.732142857142858
2022-02-19T21:30-07:00,18.328445747800583
2022-02-19T21:45-07:00,3.3285094066570147
2022-02-19T22:00-07:00,11.657303370786511
2022-02-19T22:15-07:00,9.281437125748498
2022-02-19T22:30-07:00,10.120845921450156
2022-02-19T22:45-07:00,11.63859111791731
2022-02-19T23:00-07:00,10.284167794316648
2022-02-19T23:15-07:00,14.199395770392755
2022-02-19T23:30-07:00,16.641452344931917
2022-02-19T23:45-07:00,11.926605504587156
2022-02-20T00:00-07:00,6.90140845070423
2022-02-20T00:15-07:00,6.38606676342525
2022-02-20T00:30-07:00,10.120845921450156
2022-02-20T00:45-07:00,15.349544072948323
2022-02-20T01:00-07:00,8.11965811965812
2022-02-20T01:15-07:00,9.170305676855895
2022-02-20T01:30-07:00,10.714285714285714
2022-02-20T01:45-07:00,11.210762331838565
2022-02-20T02:00-07:00,7.036535859269287
2022-02-20T02:15-07:00,8.744710860366709
2022-02-20T02:30-07:00,10.474631751227502
2022-02-20T02:45-07:00,12.863070539419088
2022-02-20T03:00-07:00,12.616822429906541
2022-02-20T03:15-07:00,11.806543385490748
2022-02-20T03:30-07:00,16.459627329192553
2022-02-20T03:45-07:00,17.748917748917748
2022-02-20T04:00-07:00,12.796208530805687
2022-02-20T04:15-07:00,10.152990264255916
2022-02-20T04:30-07:00,13.778409090909095
2022-02-20T04:45-07:00,17.69115442278861
2022-02-20T05:00-07:00,16.41104294478527
2022-02-20T05:15-07:00,8.583690987124463
2022-02-20T05:30-07:00,10.944527736131938
2022-02-20T05:45-07:00,9.900990099009906
2022-02-20T06:00-07:00,9.174311926605505
2022-02-20T06:15-07:00,5.657708628005662
2022-02-20T06:30-07:00,14.428571428571423
2022-02-20T06:45-07:00,11.030478955007261
2022-02-20T07:00-07:00,17.428571428571423
2022-02-20T07:15-07:00,2.608695652173913
2022-02-20T07:30-07:00,17.07317073170731
2022-02-20T07:45-07:00,9.417040358744394
2022-02-20T08:00-07:00,14.182344428364683
2022-02-20T08:15-07:00,10.769230769230765
2022-02-20T08:30-07:00,7.0556309362279555
2022-02-20T08:45-07:00,14.652567975830822
2022-02-20T09:00-07:00,8.11965811965812
2022-02-20T09:15-07:00,9.167842031029615
2022-02-20T09:30-07:00,11.15702479338843
2022-02-20T09:45-07:00,13.963963963963964
2022-02-20T10:00-07:00,13.399153737658668
2022-02-20T10:15-07:00,6.68563300142247
2022-02-20T10:30-07:00,8.892128279883387
2022-02-20T10:45-07:00,13.976945244956775
2022-02-20T11:00-07:00,11.617647058823534
2022-02-20T11:15-07:00,10.458452722063042
2022-02-20T11:30-07:00,7.507082152974499
2022-02-20T11:45-07:00,8.345978755690446
2022-02-20T12:00-07:00,17.68901569186876
2022-02-20T12:15-07:00,19.495091164095374
2022-02-20T12:30-07:00,6.187050359712235
2022-02-20T12:45-07:00,18.07044410413477
2022-02-20T13:00-07:00,14.327917282127036
2022-02-20T13:15-07:00,16.56626506024096
2022-02-20T13:30-07:00,14.589235127478757
2022-02-20T13:45-07:00,12.654745529573585
2022-02-20T14:00-07:00,12.448700410396722
2022-02-20T14:15-07:00,16.228070175438596
2022-02-20T14:30-07:00,11.240875912408754
2022-02-20T14:45-07:00,13.41991341991342
2022-02-20T15:00-07:00,8.898305084745763
2022-02-20T15:15-07:00,17.59002770083103
2022-02-20T15:30-07:00,12.121212121212121
2022-02-20T15:45-07:00,16.6421207658321
2022-02-20T16:00-07:00,3.94366197183099
2022-02-20T16:15-07:00,7.832167832167827
2022-02-20T16:30-07:00,7.451564828614004
2022-02-20T16:45-07:00,15.086206896551724
2022-02-20T17:00-07:00,7.024793388429752
2022-02-20T17:15-07:00,5.457025920873129
2022-02-20T17:30-07:00,10.029940119760484
2022-02-20T17:45-07:00,5.8015267175572465
2022-02-20T18:00-07:00,3.074866310160424
2022-02-20T18:15-07:00,8.460471567267687
2022-02-20T18:30-07:00,14.307228915662645
2022-02-20T18:45-07:00,8.605341246290806
2022-02-20T19:00-07:00,10.369318181818187
2022-02-20T19:15-07:00,8.81502890173411
2022-02-20T19:30-07:00,13.670133729569088
2022-02-20T19:45-07:00,15.023474178403756
2022-02-20T20:00-07:00,9.999999999999996
2022-02-20T20:15-07:00,10.07874015748032
2022-02-20T20:30-07:00,16.088765603328707
2022-02-20T20:45-07:00,6.927710843373498
2022-02-20T21:00-07:00,10.65918653576438
2022-02-20T21:15-07:00,9.45945945945946
2022-02-20T21:30-07:00,20.26627218934911
2022-02-20T21:45-07:00,5.444126074498563
2022-02-20T22:00-07:00,2.6548672566371683
2022-02-20T22:15-07:00,12.671755725190835
2022-02-20T22:30-07:00,11.312217194570136
2022-02-20T22:45-07:00,10.11560693641619
2022-02-20T23:00-07:00,6.65722379603399
2022-02-20T23:15-07:00,18.335901386748837
2022-02-20T23:30-07:00,12.968749999999995
2022-02-20T23:45-07:00,9.20679886685552
2022-02-21T00:00-07:00,7.327586206896552
2022-02-21T00:15-07:00,15.525114155251142
2022-02-21T00:30-07:00,12.499999999999995
2022-02-21T00:45-07:00,10.78838174273859
2022-02-21T01:00-07:00,5.563689604685208
2022-02-21T01:15-07:00,19.81981981981982
2022-02-21T01:30-07:00,7.72797527047913
2022-02-21T01:45-07:00,11.033519553072631
2022-02-21T02:00-07:00,6.65722379603399
2022-02-21T02:15-07:00,18.83408071748879
2022-02-21T02:30-07:00,8.43373493975903
2022-02-21T02:45-07:00,10.124826629681003
2022-02-21T03:00-07:00,9.658246656760767
2022-02-21T03:15-07:00,13.973799126637555
2022-02-21T03:30-07:00,22.274881516587676
2022-02-21T03:45-07:00,4.867872044506255
2022-02-21T04:00-07:00,12.66766020864382
2022-02-21T04:15-07:00,8.39580209895052
2022-02-21T04:30-07:00,18.454935622317596
2022-02-21T04:45-07:00,8.651026392961871
2022-02-21T05:00-07:00,11.618257261410788
2022-02-21T05:15-07:00,17.37160120845922
2022-02-21T05:30-07:00,18.529862174578874
2022-02-21T05:45-07:00,8.284023668639048
2022-02-21T06:00-07:00,18.83408071748879
2022-02-21T06:15-07:00,14.664586583463343
2022-02-21T06:30-07:00,14.500683994528048
2022-02-21T06:45-07:00,4.936530324400559
2022-02-21T07:00-07:00,19.41747572815534
2022-02-21T07:15-07:00,10.622154779969657
2022-02-21T07:30-07:00,18.465909090909093
2022-02-21T07:45-07:00,7.327586206896552
2022-02-21T08:00-07:00,15.449438202247187
2022-02-21T08:15-07:00,17.411402157164865
2022-02-21T08:30-07:00,4.8090523338048135
2022-02-21T08:45-07:00,10.704225352112681
2022-02-21T09:00-07:00,10.407239819004525
2022-02-21T09:15-07:00,11.23595505617977
2022-02-21T09:30-07:00,10.16260162601626
2022-02-21T09:45-07:00,7.774798927613945
2022-02-21T10:00-07:00,14.606741573033704
2022-02-21T10:15-07:00,17.963224893917968
2022-02-21T10:30-07:00,5.255681818181823
2022-02-21T10:45-07:00,5.352480417754565
2022-02-21T11:00-07:00,9.337349397590357
2022-02-21T11:15-07:00,9.900990099009906
2022-02-21T11:30-07:00,7.172995780590718
2022-02-21T11:45-07:00,9.375
2022-02-21T12:00-07:00,8.474576271186441
2022-02-21T12:15-07:00,12.017167381974248
2022-02-21T12:30-07:00,6.719367588932807
2022-02-21T12:45-07:00,8.13953488372093
2022-02-21T13:00-07:00,15.959004392386536
2022-02-21T13:15-07:00,12.170087976539584
2022-02-21T13:30-07:00,10.461956521739125
2022-02-21T13:45-07:00,5.498721227621476
2022-02-21T14:00-07:00,11.428571428571423
2022-02-21T14:15-07:00,17.159763313609464
2022-02-21T14:30-07:00,2.1361815754339157
2022-02-21T14:45-07:00,10.2880658436214
2022-02-21T15:00-07:00,12.660028449502128
2022-02-21T15:15-07:00,10.666666666666666
2022-02-21T15:30-07:00,3.6
2022-02-21T15:45-07:00,3.9889958734525406
2022-02-21T16:00-07:00,15.11111111111111
2022-02-21T16:15-07:00,5.0228310502283104
2022-02-21T16:30-07:00,7.0844686648501405
2022-02-21T16:45-07:00,5.857740585774058
2022-02-21T17:00-07:00,8.651026392961871
2022-02-21T17:15-07:00,12.173913043478262
2022-02-21T17:30-07:00,6.657608695652178
2022-02-21T17:45-07:00,11.67582417582418
2022-02-21T18:00-07:00,6.10795454545455
2022-02-21T18:15-07:00,13.142857142857137
2022-02-21T18:30-07:00,6.478873239436624
2022-02-21T18:45-07:00,4.417670682730924
2022-02-21T19:00-07:00,18.34862385321101
2022-02-21T19:15-07:00,12.499999999999995
2022-02-21T19:30-07:00,13.808139534883717
2022-02-21T19:45-07:00,4.9295774647887285
2022-02-21T20:00-07:00,18.711656441717786
2022-02-21T20:15-07:00,11.678832116788316
2022-02-21T20:30-07:00,10.041265474552961
2022-02-21T20:45-07:00,16.69085631349783
2022-02-21T21:00-07:00,12.112259970457908
2022-02-21T21:15-07:00,11.340206185567006
2022-02-21T21:30-07:00,4.046242774566478
2022-02-21T21:45-07:00,12.693498452012388
2022-02-21T22:00-07:00,12.5
2022-02-21T22:15-07:00,14.456035767511183
2022-02-21T22:30-07:00,7.821229050279325
2022-02-21T22:45-07:00,17.187499999999993
2022-02-21T23:00-07:00,15.462427745664735
2022-02-21T23:15-07:00,10.95305832147937
2022-02-21T23:30-07:00,5.508474576271187
2022-02-21T23:45-07:00,14.0378548895899
2022-02-22T00:00-07:00,9.734513274336283
2022-02-22T00:15-07:00,10.000000000000004
2022-02-22T00:30-07:00,9.375
2022-02-22T00:45-07:00,17.87296898079764
2022-02-22T01:00-07:00,12.386706948640489
2022-02-22T01:15-07:00,10.09957325746799
2022-02-22T01:30-07:00,7.758620689655173
2022-02-22T01:45-07:00,16.431924882629108
2022-02-22T02:00-07:00,10.572687224669604
2022-02-22T02:15-07:00,11.678832116788316
2022-02-22T02:30-07:00,4.441260744985678
2022-02-22T02:45-07:00,15.080527086383608
2022-02-22T03:00-07:00,11.483253588516746
2022-02-22T03:15-07:00,2.624309392265197
2022-02-22T03:30-07:00,13.656387665198238
2022-02-22T03:45-07:00,10.935251798561156
2022-02-22T04:00-07:00,19.327731092436974
2022-02-22T04:15-07:00,6.268221574344028
2022-02-22T04:30-07:00,24.545454545454547
2022-02-22T04:45-07:00,10.628742514970055
2022-02-22T05:00-07:00,14.652567975830822
2022-02-22T05:15-07:00,11.48936170212766
2022-02-22T05:30-07:00,18.89400921658986
2022-02-22T05:45-07:00,13.501483679525228
2022-02-22T06:00-07:00,9.836065573770492
2022-02-22T06:15-07:00,8.033240997229921
2022-02-22T06:30-07:00,8.39363241678727
2022-02-22T06:45-07:00,12.879884225759763
2022-02-22T07:00-07:00,5.725699067909458
2022-02-22T07:15-07:00,8.69565217391304
2022-02-22T07:30-07:00,9.89660265878878
2022-02-22T07:45-07:00,13.362068965517242
2022-02-22T08:00-07:00,10.142857142857137
2022-02-22T08:15-07:00,11.829436038514437
2022-02-22T08:30-07:00,12.550607287449393
2022-02-22T08:45-07:00,11.684782608695647
2022-02-22T09:00-07:00,5.533596837944664
2022-02-22T09:15-07:00,21.038615179760317
2022-02-22T09:30-07:00,10.505319148936175
2022-02-22T09:45-07:00,18.337730870712406
2022-02-22T10:00-07:00,6.396866840731074
2022-02-22T10:15-07:00,12.033195020746888
2022-02-22T10:30-07:00,8.71369294605809
2022-02-22T10:45-07:00,9.7560975609756
2022-02-22T11:00-07:00,8.919597989949757
2022-02-22T11:15-07:00,17.731421121251632
2022-02-22T11:30-07:00,12.803234501347704
2022-02-22T11:45-07:00,8.030112923462978
2022-02-22T12:00-07:00,9.558823529411764
2022-02-22T12:15-07:00,10.591471801925717
2022-02-22T12:30-07:00,17.391304347826082
2022-02-22T12:45-07:00,5.430463576158936
2022-02-22T13:00-07:00,10.52631578947368
2022-02-22T13:15-07:00,12.299465240641707
2022-02-22T13:30-07:00,20.25495750708215
2022-02-22T13:45-07:00,5.816831683168324
2022-02-22T14:00-07:00,8.355795148247974
2022-02-22T14:15-07:00,10.958904109589037
2022-02-22T14:30-07:00,11.053984575835484
2022-02-22T14:45-07:00,9.196891191709854
2022-02-22T15:00-07:00,9.82142857142858
2022-02-22T15:15-07:00,11.965811965811966
2022-02-22T15:30-07:00,18.81578947368421
2022-02-22T15:45-07:00,10.238429172510523
2022-02-22T16:00-07:00,7.2273324572930395
2022-02-22T16:15-07:00,21.49791955617198
2022-02-22T16:30-07:00,14.428571428571423
2022-02-22T16:45-07:00,10.461956521739125
2022-02-22T17:00-07:00,4.022191400832173
2022-02-22T17:15-07:00,22.253129346314328
2022-02-22T17:30-07:00,10.503597122302164
2022-02-22T17:45-07:00,7.746478873239441
2022-02-22T18:00-07:00,9.53678474114442
2022-02-22T18:15-07:00,14.756446991404017
2022-02-22T18:30-07:00,9.883720930232553
2022-02-22T18:45-07:00,5.226960110041261
2022-02-22T19:00-07:00,13.464447806354004
2022-02-22T19:15-07:00,11.079943899018238
2022-02-22T19:30-07:00,5.46218487394958
2022-02-22T19:45-07:00,5.524861878453043
2022-02-22T20:00-07:00,15.147058823529417
2022-02-22T20:15-07:00,10.850439882697943
2022-02-22T20:30-07:00,8.719346049046326
2022-02-22T20:45-07:00,4.447632711621238
2022-02-22T21:00-07:00,17.215568862275454
2022-02-22T21:15-07:00,13.215859030837004
2022-02-22T21:30-07:00,12.223858615611189
2022-02-22T21:45-07:00,8.587257617728527
2022-02-22T22:00-07:00,11.63859111791731
2022-02-22T22:15-07:00,11.079136690647477
2022-02-22T22:30-07:00,1.7777777777777777
2022-02-22T22:45-07:00,13.2956152758133
2022-02-22T23:00-07:00,10.755813953488367
2022-02-22T23:15-07:00,20.356612184249624
2022-02-22T23:30-07:00,8.620689655172415
2022-02-22T23:45-07:00,15.822784810126588
2022-02-23T00:00-07:00,10.869565217391305
2022-02-23T00:15-07:00,9.39691444600281
2022-02-23T00:30-07:00,9.695290858725766
2022-02-23T00:45-07:00,19.457013574660632
2022-02-23T01:00-07:00,14.09495548961424
2022-02-23T01:15-07:00,9.130434782608695
2022-02-23T01:30-07:00,7.594936708860759
2022-02-23T01:45-07:00,16.760563380281685
2022-02-23T02:00-07:00,18.099547511312217
2022-02-23T02:15-07:00,8.844507845934375
2022-02-23T02:30-07:00,10.428571428571432
2022-02-23T02:45-07:00,16.52173913043478
2022-02-23T03:00-07:00,16.995447647951448
2022-02-23T03:15-07:00,7.230559345156885
2022-02-23T03:30-07:00,12.394366197183103
2022-02-23T03:45-07:00,12.539184952978053
2022-02-23T04:00-07:00,13.293051359516621
2022-02-23T04:15-07:00,3.6775106082036735
2022-02-23T04:30-07:00,17.757009345794394
2022-02-23T04:45-07:00,13.283582089552233
2022-02-23T05:00-07:00,20.826952526799392
2022-02-23T05:15-07:00,8.1043956043956
2022-02-23T05:30-07:00,19.097744360902258
2022-02-23T05:45-07:00,14.391691394658759
2022-02-23T06:00-07:00,7.749627421758574
2022-02-23T06:15-07:00,8.603667136812415
2022-02-23T06:30-07:00,13.100436681222707
2022-02-23T06:45-07:00,16.41104294478527
2022-02-23T07:00-07:00,8.898305084745763
2022-02-23T07:15-07:00,8.753709198813052
2022-02-23T07:30-07:00,15.781922525107598
2022-02-23T07:45-07:00,9.846153846153852
2022-02-23T08:00-07:00,6.849315068493146
2022-02-23T08:15-07:00,6.250000000000004
2022-02-23T08:30-07:00,15.254237288135593
2022-02-23T08:45-07:00,10.270270270270276
2022-02-23T09:00-07:00,3.8314176245210727
2022-02-23T09:15-07:00,4.263565891472868
2022-02-23T09:30-07:00,15.6578947368421
2022-02-23T09:45-07:00,17.561683599419453
2022-02-23T10:00-07:00,6.624203821656043
2022-02-23T10:15-07:00,13.722826086956516
2022-02-23T10:30-07:00,15.647226173541958
2022-02-23T10:45-07:00,11.03896103896103
2022-02-23T11:00-07:00,9.0561224489796
2022-02-23T11:15-07:00,9.511568123393324
2022-02-23T11:30-07:00,9.913793103448276
2022-02-23T11:45-07:00,7.3604060913705505
2022-02-23T12:00-07:00,5.628272251308905
2022-02-23T12:15-07:00,14.993481095176016
2022-02-23T12:30-07:00,15.196743554952516
2022-02-23T12:45-07:00,7.503234152651998
2022-02-23T13:00-07:00,7.456724367509982
2022-02-23T13:15-07:00,12.603878116343495
2022-02-23T13:30-07:00,10.59322033898305
2022-02-23T13:45-07:00,6.234413965087289
2022-02-23T14:00-07:00,4.865556978233042
2022-02-23T14:15-07:00,11.011523687580034
2022-02-23T14:30-07:00,7.172413793103453
2022-02-23T14:45-07:00,7.3604060913705505
2022-02-23T15:00-07:00,1.8181818181818254
2022-02-23T15:15-07:00,21.11269614835949
2022-02-23T15:30-07:00,12.242090784044011
2022-02-23T15:45-07:00,6.329113924050641
2022-02-23T16:00-07:00,7.304785894206542
2022-02-23T16:15-07:00,12.133891213389122
2022-02-23T16:30-07:00,10.8695652173913
2022-02-23T16:45-07:00,1.701093560145815
2022-02-23T17:00-07:00,4.828462515883108
2022-02-23T17:15-07:00,14.8
2022-02-23T17:30-07:00,5.4959785522788165
2022-02-23T17:45-07:00,0.6443298969072238
2022-02-23T18:00-07:00,11.049723756906072
2022-02-23T18:15-07:00,4.838709677419355
2022-02-23T18:30-07:00,5.058365758754864
2022-02-23T18:45-07:00,5.9539918809201575
2022-02-23T19:00-07:00,11.428571428571423
2022-02-23T19:15-07:00,11.373707533234855
2022-02-23T19:30-07:00,8.62068965517241
2022-02-23T19:45-07:00,9.847434119278775
2022-02-23T20:00-07:00,15.751445086705207
2022-02-23T20:15-07:00,5.614567526555392
2022-02-23T20:30-07:00,13.50210970464135
2022-02-23T20:45-07:00,3.1117397454031157
2022-02-23T21:00-07:00,19.130434782608695
2022-02-23T21:15-07:00,8.247422680412367
2022-02-23T21:30-07:00,10.0418410041841
2022-02-23T21:45-07:00,10.4
2022-02-23T22:00-07:00,11.465892597968075
2022-02-23T22:15-07:00,10.704225352112681
2022-02-23T22:30-07:00,10.79545454545455
2022-02-23T22:45-07:00,13.991163475699553
2022-02-23T23:00-07:00,14.595375722543348
2022-02-23T23:15-07:00,6.986899563318778
2022-02-23T23:30-07:00,12.181303116147303
2022-02-23T23:45-07:00,19.541984732824424
2022-02-24T00:00-07:00,16.47230320699708
2022-02-24T00:15-07:00,10.401188707280836
2022-02-24T00:30-07:00,5.177514792899403
2022-02-24T00:45-07:00,14.196567862714515
2022-02-24T01:00-07:00,7.067669172932327
2022-02-24T01:15-07:00,13.467048710601725
2022-02-24T01:30-07:00,15.504978662873404
2022-02-24T01:45-07:00,17.51152073732719
2022-02-24T02:00-07:00,3.9130434782608696
2022-02-24T02:15-07:00,11.885245901639344
2022-02-24T02:30-07:00,14.307931570762047
2022-02-24T02:45-07:00,16.71597633136094
2022-02-24T03:00-07:00,9.89660265878878
2022-02-24T03:15-07:00,12.342215988779808
2022-02-24T03:30-07:00,16.099071207430335
2022-02-24T03:45-07:00,16.470588235294123
2022-02-24T04:00-07:00,8.296943231441048
2022-02-24T04:15-07:00,16.129032258064512
2022-02-24T04:30-07:00,16.1631419939577
2022-02-24T04:45-07:00,13.956834532374106
2022-02-24T05:00-07:00,11.428571428571423
2022-02-24T05:15-07:00,9.433962264150939
2022-02-24T05:30-07:00,13.670133729569088
2022-02-24T05:45-07:00,9.95850622406639
2022-02-24T06:00-07:00,8.701854493580605
2022-02-24T06:15-07:00,10.860366713681236
2022-02-24T06:30-07:00,7.725947521865885
2022-02-24T06:45-07:00,5.427408412483044
2022-02-24T07:00-07:00,14.044943820224724
2022-02-24T07:15-07:00,19.055118110236226
2022-02-24T07:30-07:00,2.904564315352697
2022-02-24T07:45-07:00,9.89660265878878
2022-02-24T08:00-07:00,10.0
2022-02-24T08:15-07:00,6.102635228848817
2022-02-24T08:30-07:00,10.743801652892563
2022-02-24T08:45-07:00,5.785123966942149
2022-02-24T09:00-07:00,9.302325581395353
2022-02-24T09:15-07:00,16.666666666666668
2022-02-24T09:30-07:00,7.003891050583658
2022-02-24T09:45-07:00,12.445730824891456
2022-02-24T10:00-07:00,15.662650602409638
2022-02-24T10:15-07:00,5.90500641848523
2022-02-24T10:30-07:00,4.113110539845766
2022-02-24T10:45-07:00,14.362416107382545
2022-02-24T11:00-07:00,13.9686684073107
2022-02-24T11:15-07:00,9.825033647375509
2022-02-24T11:30-07:00,15.295629820051424
2022-02-24T11:45-07:00,8.40965861781849
2022-02-24T12:00-07:00,20.24128686327078
2022-02-24T12:15-07:00,3.937007874015748
2022-02-24T12:30-07:00,13.837011884550078
2022-02-24T12:45-07:00,7.376362112321872
2022-02-24T13:00-07:00,9.780775716694778
2022-02-24T13:15-07:00,7.755102040816326
2022-02-24T13:30-07:00,15.02403846153847
2022-02-24T13:45-07:00,6.191117092866761
2022-02-24T14:00-07:00,11.140939597315432
2022-02-24T14:15-07:00,2.7131782945736433
2022-02-24T14:30-07:00,9.72602739726027
2022-02-24T14:45-07:00,5.3164556962025316
2022-02-24T15:00-07:00,10.62068965517241
2022-02-24T15:15-07:00,6.15183246073298
2022-02-24T15:30-07:00,5.740987983978643
2022-02-24T15:45-07:00,12.981455064194014
2022-02-24T16:00-07:00,8.010563380281685
2022-02-24T16:15-07:00,8.603066439523005
2022-02-24T16:30-07:00,6.437768240343348
2022-02-24T16:45-07:00,16.189111747850998
2022-02-24T17:00-07:00,1.0825439783491166
2022-02-24T17:15-07:00,7.857142857142861
2022-02-24T17:30-07:00,10.67415730337079
2022-02-24T17:45-07:00,11.721068249258165
2022-02-24T18:00-07:00,4.4755244755244705
2022-02-24T18:15-07:00,7.722513089005232
2022-02-24T18:30-07:00,6.172839506172839
2022-02-24T18:45-07:00,5.300859598853873
2022-02-24T19:00-07:00,3.003533568904589
2022-02-24T19:15-07:00,12.22707423580786
2022-02-24T19:30-07:00,13.83458646616541
2022-02-24T19:45-07:00,9.89660265878878
2022-02-24T20:00-07:00,1.9830028328611857
2022-02-24T20:15-07:00,12.83497884344147
2022-02-24T20:30-07:00,9.18220946915352
2022-02-24T20:45-07:00,12.230215827338135
2022-02-24T21:00-07:00,6.285714285714281
2022-02-24T21:15-07:00,8.753709198813052
2022-02-24T21:30-07:00,16.431924882629108
2022-02-24T21:45-07:00,3.5714285714285716
2022-02-24T22:00-07:00,12.259970457902506
2022-02-24T22:15-07:00,13.698630136986301
2022-02-24T22:30-07:00,6.273062730627313
2022-02-24T22:45-07:00,6.240928882438321
2022-02-24T23:00-07:00,7.5
2022-02-24T23:15-07:00,14.483821263482284
2022-02-24T23:30-07:00,14.372163388804836
2022-02-24T23:45-07:00,7.142857142857143
2022-02-25T00:00-07:00,10.830860534124634
2022-02-25T00:15-07:00,14.490445859872615
2022-02-25T00:30-07:00,15.653495440729488
2022-02-25T00:45-07:00,10.447761194029855
2022-02-25T01:00-07:00,10.909090909090908
2022-02-25T01:15-07:00,15.137614678899082
2022-02-25T01:30-07:00,13.183730715287522
2022-02-25T01:45-07:00,3.6199095022624435
2022-02-25T02:00-07:00,16.393442622950815
2022-02-25T02:15-07:00,13.088235294117643
2022-02-25T02:30-07:00,7.112970711297071
2022-02-25T02:45-07:00,9.682080924855496
2022-02-25T03:00-07:00,13.004484304932735
2022-02-25T03:15-07:00,11.79245283018868
2022-02-25T03:30-07:00,10.572687224669604
2022-02-25T03:45-07:00,8.472012102874427
2022-02-25T04:00-07:00,17.51152073732719
2022-02-25T04:15-07:00,7.423580786026201
2022-02-25T04:30-07:00,4.704097116843708
2022-02-25T04:45-07:00,13.242009132420092
2022-02-25T05:00-07:00,11.504424778761061
2022-02-25T05:15-07:00,5.221238938053102
2022-02-25T05:30-07:00,6.422018348623853
2022-02-25T05:45-07:00,12.354651162790702
2022-02-25T06:00-07:00,12.769230769230765
2022-02-25T06:15-07:00,4.409672830725467
2022-02-25T06:30-07:00,4.366812227074236
2022-02-25T06:45-07:00,15.727002967359056
2022-02-25T07:00-07:00,8.575803981623272
2022-02-25T07:15-07:00,8.215297450424933
2022-02-25T07:30-07:00,9.798270893371752
2022-02-25T07:45-07:00,12.398921832884097
2022-02-25T08:00-07:00,7.44985673352436
2022-02-25T08:15-07:00,9.583333333333334
2022-02-25T08:30-07:00,14.28571428571429
2022-02-25T08:45-07:00,14.606741573033704
2022-02-25T09:00-07:00,5.1983584131326905
2022-02-25T09:15-07:00,11.244979919678714
2022-02-25T09:30-07:00,11.590296495956869
2022-02-25T09:45-07:00,15.182481751824811
2022-02-25T10:00-07:00,8.190224570673708
2022-02-25T10:15-07:00,0.9628610729023422
2022-02-25T10:30-07:00,12.161051766639272
2022-02-25T10:45-07:00,2.0151133501259446
2022-02-25T11:00-07:00,3.018867924528302
2022-02-25T11:15-07:00,7.851239669421488
2022-02-25T11:30-07:00,12.85140562248996
2022-02-25T11:45-07:00,14.462809917355372
2022-02-25T12:00-07:00,4.447268106734442
2022-02-25T12:15-07:00,7.2
2022-02-25T12:30-07:00,11.657303370786511
2022-02-25T12:45-07:00,13.779527559055119
2022-02-25T13:00-07:00,5.645161290322581
2022-02-25T13:15-07:00,8.677685950413224
2022-02-25T13:30-07:00,8.90052356020942
2022-02-25T13:45-07:00,8.719346049046326
2022-02-25T14:00-07:00,12.8552097428958
2022-02-25T14:15-07:00,6.622516556291386
2022-02-25T14:30-07:00,11.331444759206795
2022-02-25T14:45-07:00,13.07371349095967
2022-02-25T15:00-07:00,0.8894536213468798
2022-02-25T15:15-07:00,9.497964721845323
2022-02-25T15:30-07:00,10.369318181818187
2022-02-25T15:45-07:00,8.066759388038948
2022-02-25T16:00-07:00,10.292072322670371
2022-02-25T16:15-07:00,4.299583911234401
2022-02-25T16:30-07:00,4.958677685950414
2022-02-25T16:45-07:00,18.142857142857146
2022-02-25T17:00-07:00,7.142857142857148
2022-02-25T17:15-07:00,8.203677510608209
2022-02-25T17:30-07:00,10.869565217391305
2022-02-25T17:45-07:00,9.393063583815024
2022-02-25T18:00-07:00,17.32954545454545
2022-02-25T18:15-07:00,3.6312849162011136
2022-02-25T18:30-07:00,11.678832116788316
2022-02-25T18:45-07:00,12.463343108504404
2022-02-25T19:00-07:00,14.666666666666666
2022-02-25T19:15-07:00,9.624060150375945
2022-02-25T19:30-07:00,14.723032069970841
2022-02-25T19:45-07:00,12.611275964391696
2022-02-25T20:00-07:00,12.556732223903172
2022-02-25T20:15-07:00,7.999999999999996
2022-02-25T20:30-07:00,17.952522255192886
2022-02-25T20:45-07:00,10.419906687402804
2022-02-25T21:00-07:00,12.796208530805687
2022-02-25T21:15-07:00,7.23404255319149
2022-02-25T21:30-07:00,18.89400921658986
2022-02-25T21:45-07:00,10.36036036036036
2022-02-25T22:00-07:00,13.023255813953488
2022-02-25T22:15-07:00,5.726872246696035
2022-02-25T22:30-07:00,10.42654028436019
2022-02-25T22:45-07:00,13.744075829383887
2022-02-25T23:00-07:00,6.10795454545455
2022-02-25T23:15-07:00,6.921944035346092
2022-02-25T23:30-07:00,16.084977238239762
2022-02-25T23:45-07:00,9.649122807017545
2022-02-26T00:00-07:00,9.523809523809524
2022-02-26T00:15-07:00,11.527377521613827
2022-02-26T00:30-07:00,11.922503725782411
2022-02-26T00:45-07:00,14.327917282127036
2022-02-26T01:00-07:00,7.079646017699115
2022-02-26T01:15-07:00,10.964912280701755
2022-02-26T01:30-07:00,12.053571428571429
2022-02-26T01:45-07:00,21.3953488372093
2022-02-26T02:00-07:00,13.121546961325961
2022-02-26T02:15-07:00,10.819165378670794
2022-02-26T02:30-07:00,14.786585365853664
2022-02-26T02:45-07:00,11.550151975683894
2022-02-26T03:00-07:00,8.555399719495096
2022-02-26T03:15-07:00,10.88825214899714
2022-02-26T03:30-07:00,12.730061349693246
2022-02-26T03:45-07:00,9.913793103448276
2022-02-26T04:00-07:00,8.771929824561404
2022-02-26T04:15-07:00,17.272727272727273
2022-02-26T04:30-07:00,8.15660685154975
2022-02-26T04:45-07:00,9.210526315789474
2022-02-26T05:00-07:00,7.779349363507784
2022-02-26T05:15-07:00,14.000000000000005
2022-02-26T05:30-07:00,14.1566265060241
2022-02-26T05:45-07:00,6.7647058823529465
2022-02-26T06:00-07:00,13.242009132420092
2022-02-26T06:15-07:00,6.193353474320237
2022-02-26T06:30-07:00,24.545454545454547
2022-02-26T06:45-07:00,5.7553956834532425
2022-02-26T07:00-07:00,13.953488372093023
2022-02-26T07:15-07:00,13.114754098360661
2022-02-26T07:30-07:00,7.024793388429752
2022-02-26T07:45-07:00,2.9850746268656674
2022-02-26T08:00-07:00,14.577259475218664
2022-02-26T08:15-07:00,11.508553654743386
2022-02-26T08:30-07:00,8.321579689703803
2022-02-26T08:45-07:00,7.96586059743954
2022-02-26T09:00-07:00,14.61187214611872
2022-02-26T09:15-07:00,15.492957746478874
2022-02-26T09:30-07:00,7.33137829912023
2022-02-26T09:45-07:00,7.296137339055794
2022-02-26T10:00-07:00,12.716763005780352
2022-02-26T10:15-07:00,11.343283582089557
2022-02-26T10:30-07:00,10.547945205479447
2022-02-26T10:45-07:00,10.38961038961039
2022-02-26T11:00-07:00,5.271084337349393
2022-02-26T11:15-07:00,9.090909090909086
2022-02-26T11:30-07:00,7.462686567164184
2022-02-26T11:45-07:00,2.1447721179624706
2022-02-26T12:00-07:00,9.869375907111753
2022-02-26T12:15-07:00,1.3043478260869565
2022-02-26T12:30-07:00,16.045845272206307
2022-02-26T12:45-07:00,4.8979591836734695
2022-02-26T13:00-07:00,8.600583090379004
2022-02-26T13:15-07:00,10.683760683760683
2022-02-26T13:30-07:00,7.11237553342816
2022-02-26T13:45-07:00,8.810572687224669
2022-02-26T14:00-07:00,2.6352288488210855
2022-02-26T14:15-07:00,12.005856515373358
2022-02-26T14:30-07:00,14.874815905743736
2022-02-26T14:45-07:00,5.172413793103448
2022-02-26T15:00-07:00,11.44130757800891
2022-02-26T15:15-07:00,5.345501955671443
2022-02-26T15:30-07:00,6.557377049180328
2022-02-26T15:45-07:00,5.988857938718668
2022-02-26T16:00-07:00,0.6711409395973116
2022-02-26T16:15-07:00,1.9083969465648856
2022-02-26T16:30-07:00,7.421875
2022-02-26T16:45-07:00,7.242339832869085
2022-02-26T17:00-07:00,1.4531043593130741
2022-02-26T17:15-07:00,7.983193277310924
2022-02-26T17:30-07:00,5.787348586810233
2022-02-26T17:45-07:00,8.298755186721992
2022-02-26T18:00-07:00,1.25
2022-02-26T18:15-07:00,10.833333333333334
2022-02-26T18:30-07:00,2.9535864978902953
2022-02-26T18:45-07:00,4.370179948586111
2022-02-26T19:00-07:00,7.860262008733624
2022-02-26T19:15-07:00,6.647807637906643
2022-02-26T19:30-07:00,7.402234636871504
2022-02-26T19:45-07:00,7.053941908713693
2022-02-26T20:00-07:00,2.805049088359042
2022-02-26T20:15-07:00,1.632047477744803
2022-02-26T20:30-07:00,6.193353474320237
2022-02-26T20:45-07:00,8.169014084507047
2022-02-26T21:00-07:00,6.96378830083565
2022-02-26T21:15-07:00,9.691629955947137
2022-02-26T21:30-07:00,15.519765739385072
2022-02-26T21:45-07:00,9.824046920821118
2022-02-26T22:00-07:00,4.768392370572203
2022-02-26T22:15-07:00,6.717557251908392
2022-02-26T22:30-07:00,10.845070422535207
2022-02-26T22:45-07:00,7.102272727272723
2022-02-26T23:00-07:00,3.2653061224489797
2022-02-26T23:15-07:00,10.042432814710038
2022-02-26T23:30-07:00,13.970588235294114
2022-02-26T23:45-07:00,6.676342525399134
2022-02-27T00:00-07:00,2.092050209205021
2022-02-27T00:15-07:00,7.024793388429752
2022-02-27T00:30-07:00,11.191860465116275
2022-02-27T00:45-07:00,7.3134328358209
2022-02-27T01:00-07:00,2.5606469002695453
2022-02-27T01:15-07:00,10.07194244604317
2022-02-27T01:30-07:00,8.823529411764707
2022-02-27T01:45-07:00,5.752212389380531
2022-02-27T02:00-07:00,10.469314079422382
2022-02-27T02:15-07:00,5.271084337349393
2022-02-27T02:30-07:00,9.090909090909086
2022-02-27T02:45-07:00,5.425219941348978
2022-02-27T03:00-07:00,5.681818181818187
2022-02-27T03:15-07:00,8.898305084745763
2022-02-27T03:30-07:00,8.77458396369138
2022-02-27T03:45-07:00,9.20679886685552
2022-02-27T04:00-07:00,3.4188034188034186
2022-02-27T04:15-07:00,9.170305676855895
2022-02-27T04:30-07:00,12.389380530973451
2022-02-27T04:45-07:00,4.048582995951417
2022-02-27T05:00-07:00,2.7137042062415158
2022-02-27T05:15-07:00,4.565537555228281
2022-02-27T05:30-07:00,8.95953757225433
2022-02-27T05:45-07:00,2.7027027027027066
2022-02-27T06:00-07:00,1.8544935805991483
2022-02-27T06:15-07:00,11.522633744855968
2022-02-27T06:30-07:00,6.167400881057269
2022-02-27T06:45-07:00,1.2
2022-02-27T07:00-07:00,3.361344537815126
2022-02-27T07:15-07:00,7.594936708860759
2022-02-27T07:30-07:00,3.3093525179856074
2022-02-27T07:45-07:00,10.377358490566033
2022-02-27T08:00-07:00,3.3647375504710673
2022-02-27T08:15-07:00,7.715133531157275
2022-02-27T08:30-07:00,6.480117820324001
2022-02-27T08:45-07:00,2.5165562913907324
2022-02-27T09:00-07:00,3.319502074688797
2022-02-27T09:15-07:00,8.104196816208388
2022-02-27T09:30-07:00,9.051724137931034
2022-02-27T09:45-07:00,6.013986013986019
2022-02-27T10:00-07:00,1.3315579227696441
2022-02-27T10:15-07:00,5.271084337349393
2022-02-27T10:30-07:00,10.683760683760683
2022-02-27T10:45-07:00,1.5647226173541922
2022-02-27T11:00-07:00,3.8910505836575875
2022-02-27T11:15-07:00,5.531914893617022
2022-02-27T11:30-07:00,10.410958904109593
2022-02-27T11:45-07:00,4.353932584269667
2022-02-27T12:00-07:00,5.420827389443647
2022-02-27T12:15-07:00,4.63576158940397
2022-02-27T12:30-07:00,5.194805194805195
2022-02-27T12:45-07:00,7.563025210084033
2022-02-27T13:00-07:00,14.410480349344978
2022-02-27T13:15-07:00,7.902735562310035
2022-02-27T13:30-07:00,5.121293800539079
2022-02-27T13:45-07:00,12.647058823529408
2022-02-27T14:00-07:00,10.230547550432272
2022-02-27T14:15-07:00,10.787172011661804
2022-02-27T14:30-07:00,15.862068965517246
2022-02-27T14:45-07:00,2.609890109890114
2022-02-27T15:00-07:00,6.174496644295306
2022-02-27T15:15-07:00,8.913649025069642
2022-02-27T15:30-07:00,13.946587537091993
2022-02-27T15:45-07:00,5.37482319660537
2022-02-27T16:00-07:00,14.520547945205482
2022-02-27T16:15-07:00,3.314121037463973
2022-02-27T16:30-07:00,12.390670553935864
2022-02-27T16:45-07:00,12.594840667678296
2022-02-27T17:00-07:00,12.236286919831224
2022-02-27T17:15-07:00,10.128388017118398
2022-02-27T17:30-07:00,10.335195530726253
2022-02-27T17:45-07:00,7.805596465390275
2022-02-27T18:00-07:00,6.5378900445765185
2022-02-27T18:15-07:00,8.966565349544068
2022-02-27T18:30-07:00,11.879699248120305
2022-02-27T18:45-07:00,10.14925373134328
2022-02-27T19:00-07:00,6.837606837606837
2022-02-27T19:15-07:00,15.59766763848396
2022-02-27T19:30-07:00,15.42056074766355
2022-02-27T19:45-07:00,12.663755458515285
2022-02-27T20:00-07:00,8.296943231441048
2022-02-27T20:15-07:00,14.185393258426961
2022-02-27T20:30-07:00,16.692667706708264
2022-02-27T20:45-07:00,13.684210526315795
2022-02-27T21:00-07:00,18.025078369905962
2022-02-27T21:15-07:00,12.234042553191486
2022-02-27T21:30-07:00,11.290322580645167
2022-02-27T21:45-07:00,16.157205240174672
2022-02-27T22:00-07:00,13.500784929356353
2022-02-27T22:15-07:00,12.660028449502128
2022-02-27T22:30-07:00,12.386706948640489
2022-02-27T22:45-07:00,17.431192660550458
2022-02-27T23:00-07:00,11.363636363636363
2022-02-27T23:15-07:00,10.369318181818187
2022-02-27T23:30-07:00,6.861313868613133
2022-02-27T23:45-07:00,11.143695014662761
2022-02-28T00:00-07:00,15.32625189681335
2022-02-28T00:15-07:00,11.11111111111111
2022-02-28T00:30-07:00,5.240174672489083
2022-02-28T00:45-07:00,10.40372670807454
2022-02-28T01:00-07:00,15.453194650817231
2022-02-28T01:15-07:00,13.441654357459385
2022-02-28T01:30-07:00,3.8291605301914537
2022-02-28T01:45-07:00,18.322981366459633
2022-02-28T02:00-07:00,11.030478955007261
2022-02-28T02:15-07:00,11.846153846153841
2022-02-28T02:30-07:00,12.078651685393254
2022-02-28T02:45-07:00,11.63859111791731
2022-02-28T03:00-07:00,16.76646706586827
2022-02-28T03:15-07:00,13.233082706766922
2022-02-28T03:30-07:00,12.288135593220339
2022-02-28T03:45-07:00,12.314540059347177
2022-02-28T04:00-07:00,17.24683544303798
2022-02-28T04:15-07:00,12.36959761549925
2022-02-28T04:30-07:00,12.661870503597127
2022-02-28T04:45-07:00,12.788906009244986
2022-02-28T05:00-07:00,19.648093841642225
2022-02-28T05:15-07:00,5.045871559633028
2022-02-28T05:30-07:00,14.042553191489361
2022-02-28T05:45-07:00,14.843749999999995
2022-02-28T06:00-07:00,15.789473684210526
2022-02-28T06:15-07:00,13.777777777777779
2022-02-28T06:30-07:00,9.970674486803514
2022-02-28T06:45-07:00,11.412268188302422
2022-02-28T07:00-07:00,7.655502392344498
2022-02-28T07:15-07:00,8.05084745762712
2022-02-28T07:30-07:00,5.691056910569106
2022-02-28T07:45-07:00,16.100443131462338
2022-02-28T08:00-07:00,11.013215859030836
2022-02-28T08:15-07:00,10.204081632653066
2022-02-28T08:30-07:00,7.692307692307688
2022-02-28T08:45-07:00,10.349127182044896
2022-02-28T09:00-07:00,10.655737704918034
2022-02-28T09:15-07:00,7.368421052631574
2022-02-28T09:30-07:00,13.950276243093917
2022-02-28T09:45-07:00,10.762942779291558
2022-02-28T10:00-07:00,9.226594301221162
2022-02-28T10:15-07:00,14.789687924016286
2022-02-28T10:30-07:00,12.700534759358284
2022-02-28T10:45-07:00,10.028653295128946
2022-02-28T11:00-07:00,7.1146245059288535
2022-02-28T11:15-07:00,13.88206388206389
2022-02-28T11:30-07:00,15.034482758620694
2022-02-28T11:45-07:00,20.161290322580644
2022-02-28T12:00-07:00,13.571428571428566
2022-02-28T12:15-07:00,16.862745098039216
2022-02-28T12:30-07:00,10.709318497913765
2022-02-28T12:45-07:00,7.416879795396412
2022-02-28T13:00-07:00,17.887323943661976
2022-02-28T13:15-07:00,5.361930294906171
2022-02-28T13:30-07:00,17.250673854447435
2022-02-28T13:45-07:00,7.874015748031496
2022-02-28T14:00-07:00,10.068965517241384
2022-02-28T14:15-07:00,8.695652173913048
2022-02-28T14:30-07:00,8.663366336633656
2022-02-28T14:45-07:00,9.353507565336997
2022-02-28T15:00-07:00,11.428571428571423
2022-02-28T15:15-07:00,8.860759493670885
2022-02-28T15:30-07:00,11.94630872483221
2022-02-28T15:45-07:00,17.409470752089135
2022-02-28T16:00-07:00,16.343490304709146
2022-02-28T16:15-07:00,3.576341127922967
2022-02-28T16:30-07:00,9.913793103448276
2022-02-28T16:45-07:00,4.302670623145397
2022-02-28T17:00-07:00,10.695187165775396
2022-02-28T17:15-07:00,10.248901903367502
2022-02-28T17:30-07:00,11.331444759206795
2022-02-28T17:45-07:00,2.032520325203252
2022-02-28T18:00-07:00,4.4
2022-02-28T18:15-07:00,7.617728531855961
2022-02-28T18:30-07:00,10.61452513966481
2022-02-28T18:45-07:00,13.043478260869565
2022-02-28T19:00-07:00,13.501483679525228
2022-02-28T19:15-07:00,4.583333333333333
2022-02-28T19:30-07:00,14.782608695652174
2022-02-28T19:45-07:00,9.62732919254658
2022-02-28T20:00-07:00,14.349775784753364
2022-02-28T20:15-07:00,11.04651162790698
2022-02-28T20:30-07:00,8.17518248175182
2022-02-28T20:45-07:00,11.975116640746496
2022-02-28T21:00-07:00,12.012480499219965
2022-02-28T21:15-07:00,8.558558558558559
2022-02-28T21:30-07:00,17.370892018779344
2022-02-28T21:45-07:00,6.371191135734077
2022-02-28T22:00-07:00,15.348101265822791
2022-02-28T22:15-07:00,12.36959761549925
2022-02-28T22:30-07:00,14.877300613496937
2022-02-28T22:45-07:00,14.199395770392755
2022-02-28T23:00-07:00,6.451612903225802
2022-02-28T23:15-07:00,15.417867435158497
2022-02-28T23:30-07:00,8.872180451127814
2022-02-28T23:45-07:00,17.04035874439462
2022-03-01T00:00-07:00,2.793296089385471
2022-03-01T00:15-07:00,12.121212121212121
2022-03-01T00:30-07:00,9.767441860465116
2022-03-01T00:45-07:00,11.755725190839689
2022-03-01T01:00-07:00,15.789473684210526
2022-03-01T01:15-07:00,14.473684210526315
2022-03-01T01:30-07:00,9.090909090909092
2022-03-01T01:45-07:00,15.970149253731337
2022-03-01T02:00-07:00,10.802919708029192
2022-03-01T02:15-07:00,12.391930835734865
2022-03-01T02:30-07:00,2.904564315352697
2022-03-01T02:45-07:00,16.41104294478527
2022-03-01T03:00-07:00,14.692653673163413
2022-03-01T03:15-07:00,10.574018126888223
2022-03-01T03:30-07:00,4.899135446685883
2022-03-01T03:45-07:00,11.879699248120305
2022-03-01T04:00-07:00,14.220183486238533
2022-03-01T04:15-07:00,7.456140350877193
2022-03-01T04:30-07:00,14.139941690962104
2022-03-01T04:45-07:00,4.273504273504273
2022-03-01T05:00-07:00,19.730941704035875
2022-03-01T05:15-07:00,8.978328173374617
2022-03-01T05:30-07:00,12.121212121212121
2022-03-01T05:45-07:00,13.571428571428566
2022-03-01T06:00-07:00,12.197309417040353
2022-03-01T06:15-07:00,11.508553654743386
2022-03-01T06:30-07:00,6.924460431654682
2022-03-01T06:45-07:00,7.916666666666667
2022-03-01T07:00-07:00,24.48680351906158
2022-03-01T07:15-07:00,9.927007299270068
2022-03-01T07:30-07:00,14.767932489451477
2022-03-01T07:45-07:00,3.0726256983240265
2022-03-01T08:00-07:00,8.423913043478256
2022-03-01T08:15-07:00,9.026798307475321
2022-03-01T08:30-07:00,12.803234501347704
2022-03-01T08:45-07:00,6.25
2022-03-01T09:00-07:00,6.942590120160218
2022-03-01T09:15-07:00,8.488063660477458
2022-03-01T09:30-07:00,5.921938088829068
2022-03-01T09:45-07:00,11.023622047244094
2022-03-01T10:00-07:00,7.6923076923076925
2022-03-01T10:15-07:00,4.686192468619252
2022-03-01T10:30-07:00,7.781456953642379
2022-03-01T10:45-07:00,18.30417227456259
2022-03-01T11:00-07:00,9.63855421686747
2022-03-01T11:15-07:00,12.295081967213115
2022-03-01T11:30-07:00,5.498721227621476
2022-03-01T11:45-07:00,4.551365409622894
2022-03-01T12:00-07:00,10.106382978723408
2022-03-01T12:15-07:00,11.44010767160162
2022-03-01T12:30-07:00,6.153846153846149
2022-03-01T12:45-07:00,6.5189048239895655
2022-03-01T13:00-07:00,13.76404494382022
2022-03-01T13:15-07:00,5.154639175257724
2022-03-01T13:30-07:00,7.113543091655272
2022-03-01T13:45-07:00,10.281690140845075
2022-03-01T14:00-07:00,11.574697173620454
2022-03-01T14:15-07:00,10.256410256410257
2022-03-01T14:30-07:00,13.852813852813853
2022-03-01T14:45-07:00,13.161465400271375
2022-03-01T15:00-07:00,8.412483039348707
2022-03-01T15:15-07:00,1.7177914110429517
2022-03-01T15:30-07:00,8.760107816711585
2022-03-01T15:45-07:00,8.311688311688302
2022-03-01T16:00-07:00,8.356164383561648
2022-03-01T16:15-07:00,12.087912087912093
2022-03-01T16:30-07:00,6.0522696011004085
2022-03-01T16:45-07:00,13.362068965517242
2022-03-01T17:00-07:00,1.4531043593130741
2022-03-01T17:15-07:00,12.129760225669953
2022-03-01T17:30-07:00,6.424581005586597
2022-03-01T17:45-07:00,10.11560693641619
2022-03-01T18:00-07:00,6.719367588932807
2022-03-01T18:15-07:00,6.956521739130435
2022-03-01T18:30-07:00,5.7915057915057915
2022-03-01T18:45-07:00,11.403508771929825
2022-03-01T19:00-07:00,8.217270194986067
2022-03-01T19:15-07:00,4.366812227074236
2022-03-01T19:30-07:00,15.546218487394958
2022-03-01T19:45-07:00,6.15183246073298
2022-03-01T20:00-07:00,3.9402173913043437
2022-03-01T20:15-07:00,13.09352517985612
2022-03-01T20:30-07:00,11.415525114155251
2022-03-01T20:45-07:00,9.95475113122172
2022-03-01T21:00-07:00,8.823529411764707
2022-03-01T21:15-07:00,7.627118644067797
2022-03-01T21:30-07:00,15.948275862068966
2022-03-01T21:45-07:00,5.932203389830509
2022-03-01T22:00-07:00,10.802919708029192
2022-03-01T22:15-07:00,2.05761316872428
2022-03-01T22:30-07:00,15.007429420505195
2022-03-01T22:45-07:00,14.366998577524889
2022-03-01T23:00-07:00,8.52017937219731
2022-03-01T23:15-07:00,16.927453769559026
2022-03-01T23:30-07:00,5.128205128205129
2022-03-01T23:45-07:00,17.105263157894736
2022-03-02T00:00-07:00,13.181818181818182
2022-03-02T00:15-07:00,17.37226277372262
2022-03-02T00:30-07:00,7.0422535211267565
2022-03-02T00:45-07:00,7.464788732394362
2022-03-02T01:00-07:00,6.831395348837204
2022-03-02T01:15-07:00,17.429837518463817
2022-03-02T01:30-07:00,7.359307359307359
2022-03-02T01:45-07:00,10.526315789473689
2022-03-02T02:00-07:00,9.333333333333334
2022-03-02T02:15-07:00,19.634703196347033
2022-03-02T02:30-07:00,9.61538461538461
2022-03-02T02:45-07:00,6.986899563318778
2022-03-02T03:00-07:00,7.072135785007068
2022-03-02T03:15-07:00,9.89660265878878
2022-03-02T03:30-07:00,17.01807228915662
2022-03-02T03:45-07:00,5.240793201133148
2022-03-02T04:00-07:00,9.916201117318431
2022-03-02T04:15-07:00,10.274963820549923
2022-03-02T04:30-07:00,6.015037593984967
2022-03-02T04:45-07:00,11.659192825112108
2022-03-02T05:00-07:00,13.76404494382022
2022-03-02T05:15-07:00,14.20454545454546
2022-03-02T05:30-07:00,13.731343283582085
2022-03-02T05:45-07:00,7.680250783699065
2022-03-02T06:00-07:00,9.971910112359545
2022-03-02T06:15-07:00,10.044977511244381
2022-03-02T06:30-07:00,15.350223546944864
2022-03-02T06:45-07:00,8.781869688385264
2022-03-02T07:00-07:00,5.47195622435021
2022-03-02T07:15-07:00,12.709497206703915
2022-03-02T07:30-07:00,12.217194570135746
2022-03-02T07:45-07:00,11.946902654867257
2022-03-02T08:00-07:00,9.870129870129862
2022-03-02T08:15-07:00,9.900990099009906
2022-03-02T08:30-07:00,10.460251046025105
2022-03-02T08:45-07:00,15.877862595419842
2022-03-02T09:00-07:00,7.554945054945059
2022-03-02T09:15-07:00,14.374999999999991
2022-03-02T09:30-07:00,13.362068965517242
2022-03-02T09:45-07:00,11.94029850746269
2022-03-02T10:00-07:00,8.356164383561648
2022-03-02T10:15-07:00,14.266487213997314
2022-03-02T10:30-07:00,2.734375
2022-03-02T10:45-07:00,11.689961880559094
2022-03-02T11:00-07:00,13.095238095238095
2022-03-02T11:15-07:00,16.905444126074503
2022-03-02T11:30-07:00,10.767160161507398
2022-03-02T11:45-07:00,15.13513513513514
2022-03-02T12:00-07:00,13.588390501319266
2022-03-02T12:15-07:00,12.005277044854886
2022-03-02T12:30-07:00,11.617647058823534
2022-03-02T12:45-07:00,11.405835543766573
2022-03-02T13:00-07:00,11.83673469387755
2022-03-02T13:15-07:00,13.9686684073107
2022-03-02T13:30-07:00,20.251396648044697
2022-03-02T13:45-07:00,15.159944367176639
2022-03-02T14:00-07:00,9.308510638297877
2022-03-02T14:15-07:00,12.021136063408195
2022-03-02T14:30-07:00,19.252077562326875
2022-03-02T14:45-07:00,12.255541069100396
2022-03-02T15:00-07:00,7.2902338376891285
2022-03-02T15:15-07:00,15.973154362416102
2022-03-02T15:30-07:00,9.318497913769129
2022-03-02T15:45-07:00,10.887096774193548
2022-03-02T16:00-07:00,5.2015604681404355
2022-03-02T16:15-07:00,11.740890688259109
2022-03-02T16:30-07:00,11.417322834645669
2022-03-02T16:45-07:00,11.175616835994191
2022-03-02T17:00-07:00,10.027472527472533
2022-03-02T17:15-07:00,18.41726618705036
2022-03-02T17:30-07:00,10.8
2022-03-02T17:45-07:00,6.925207756232683
2022-03-02T18:00-07:00,11.888111888111892
2022-03-02T18:15-07:00,9.956709956709958
2022-03-02T18:30-07:00,11.297071129707113
2022-03-02T18:45-07:00,8.898305084745763
2022-03-02T19:00-07:00,12.847682119205302
2022-03-02T19:15-07:00,3.3755274261603376
2022-03-02T19:30-07:00,12.01157742402315
2022-03-02T19:45-07:00,12.098009188361415
2022-03-02T20:00-07:00,19.472913616398248
2022-03-02T20:15-07:00,15.909090909090908
2022-03-02T20:30-07:00,9.82905982905983
2022-03-02T20:45-07:00,12.01157742402315
2022-03-02T21:00-07:00,11.627906976744185
2022-03-02T21:15-07:00,12.16407355021216
2022-03-02T21:30-07:00,17.961165048543688
2022-03-02T21:45-07:00,8.000000000000005
2022-03-02T22:00-07:00,17.629179331306986
2022-03-02T22:15-07:00,9.824046920821118
2022-03-02T22:30-07:00,11.894273127753303
2022-03-02T22:45-07:00,10.619469026548673
2022-03-02T23:00-07:00,5.51724137931035
2022-03-02T23:15-07:00,12.053571428571429
2022-03-02T23:30-07:00,10.549777117384838
2022-03-02T23:45-07:00,18.74062968515742
2022-03-03T00:00-07:00,7.44985673352436
2022-03-03T00:15-07:00,12.285714285714281
2022-03-03T00:30-07:00,15.105740181268887
2022-03-03T00:45-07:00,19.457013574660632
2022-03-03T01:00-07:00,11.041990668740274
2022-03-03T01:15-07:00,13.382352941176476
2022-03-03T01:30-07:00,12.669683257918551
2022-03-03T01:45-07:00,11.063829787234043
2022-03-03T02:00-07:00,18.309859154929576
2022-03-03T02:15-07:00,17.39130434782609
2022-03-03T02:30-07:00,9.029649595687335
2022-03-03T02:45-07:00,17.01183431952663
2022-03-03T03:00-07:00,18.264840182648403
2022-03-03T03:15-07:00,9.17159763313609
2022-03-03T03:30-07:00,6.395348837209298
2022-03-03T03:45-07:00,17.629179331306986
2022-03-03T04:00-07:00,14.110429447852756
2022-03-03T04:15-07:00,10.798816568047341
2022-03-03T04:30-07:00,9.431345353675447
2022-03-03T04:45-07:00,11.987860394537183
2022-03-03T05:00-07:00,11.661807580174923
2022-03-03T05:15-07:00,13.963963963963964
2022-03-03T05:30-07:00,9.57290132547864
2022-03-03T05:45-07:00,10.799438990182324
2022-03-03T06:00-07:00,17.95665634674922
2022-03-03T06:15-07:00,4.661016949152542
2022-03-03T06:30-07:00,14.441416893732974
2022-03-03T06:45-07:00,9.89660265878878
2022-03-03T07:00-07:00,19.033674963396784
2022-03-03T07:15-07:00,11.334289813486373
2022-03-03T07:30-07:00,12.247838616714702
2022-03-03T07:45-07:00,7.102272727272723
2022-03-03T08:00-07:00,11.921458625525952
2022-03-03T08:15-07:00,8.965517241379306
2022-03-03T08:30-07:00,15.945945945945951
2022-03-03T08:45-07:00,4.278074866310156
2022-03-03T09:00-07:00,9.305373525557007
2022-03-03T09:15-07:00,11.310344827586212
2022-03-03T09:30-07:00,15.570469798657713
2022-03-03T09:45-07:00,10.211706102117052
2022-03-03T10:00-07:00,6.621621621621626
2022-03-03T10:15-07:00,13.351134846461955
2022-03-03T10:30-07:00,12.4
2022-03-03T10:45-07:00,8.026315789473689
2022-03-03T11:00-07:00,7.532467532467525
2022-03-03T11:15-07:00,11.871508379888272
2022-03-03T11:30-07:00,5.7915057915057915
2022-03-03T11:45-07:00,17.914438502673793
2022-03-03T12:00-07:00,9.63855421686747
2022-03-03T12:15-07:00,6.719367588932807
2022-03-03T12:30-07:00,12.599469496021216
2022-03-03T12:45-07:00,11.548223350253798
2022-03-03T13:00-07:00,8.791208791208796
2022-03-03T13:15-07:00,10.466582597730147
2022-03-03T13:30-07:00,3.488372093023256
2022-03-03T13:45-07:00,17.21105527638192
2022-03-03T14:00-07:00,12.258064516129041
2022-03-03T14:15-07:00,11.082138200782273
2022-03-03T14:30-07:00,5.115089514066488
2022-03-03T14:45-07:00,7.1951219512195195
2022-03-03T15:00-07:00,9.881422924901186
2022-03-03T15:15-07:00,9.056603773584905
2022-03-03T15:30-07:00,11.36063408190224
2022-03-03T15:45-07:00,8.406524466750305
2022-03-03T16:00-07:00,5.310880829015551
2022-03-03T16:15-07:00,15.089514066496154
2022-03-03T16:30-07:00,4.263565891472868
2022-03-03T16:45-07:00,3.225806451612903
2022-03-03T17:00-07:00,2.1907216494845434
2022-03-03T17:15-07:00,14.40677966101695
2022-03-03T17:30-07:00,12.141882673942696
2022-03-03T17:45-07:00,9.436619718309863
2022-03-03T18:00-07:00,8.57908847184987
2022-03-03T18:15-07:00,4.21455938697318
2022-03-03T18:30-07:00,11.465892597968075
2022-03-03T18:45-07:00,10.719322990126944
2022-03-03T19:00-07:00,13.649025069637878
2022-03-03T19:15-07:00,9.015256588072118
2022-03-03T19:30-07:00,12.552301255230125
2022-03-03T19:45-07:00,9.131736526946113
2022-03-03T20:00-07:00,15.006821282401086
2022-03-03T20:15-07:00,6.99001426533524
2022-03-03T20:30-07:00,16.760563380281685
2022-03-03T20:45-07:00,13.063063063063064
2022-03-03T21:00-07:00,7.11237553342816
2022-03-03T21:15-07:00,14.809384164222868
2022-03-03T21:30-07:00,14.199395770392755
2022-03-03T21:45-07:00,13.973799126637555
2022-03-03T22:00-07:00,19.81566820276498
2022-03-03T22:15-07:00,9.05511811023622
2022-03-03T22:30-07:00,12.612612612612613
2022-03-03T22:45-07:00,19.465081723625552
2022-03-03T23:00-07:00,15.23668639053255
2022-03-03T23:15-07:00,10.928143712574856
2022-03-03T23:30-07:00,16.01208459214502
2022-03-03T23:45-07:00,20.176730486008832
2022-03-04T00:00-07:00,18.636363636363637
2022-03-04T00:15-07:00,9.549795361527972
2022-03-04T00:30-07:00,11.894273127753303
2022-03-04T00:45-07:00,18.267716535433067
2022-03-04T01:00-07:00,11.73020527859237
2022-03-04T01:15-07:00,12.859097127222988
2022-03-04T01:30-07:00,0.8658008658008658
2022-03-04T01:45-07:00,15.151515151515152
2022-03-04T02:00-07:00,17.35159817351598
2022-03-04T02:15-07:00,14.107883817427386
2022-03-04T02:30-07:00,11.747851002865335
2022-03-04T02:45-07:00,16.326530612244902
2022-03-04T03:00-07:00,11.77347242921014
2022-03-04T03:15-07:00,8.526011560693638
2022-03-04T03:30-07:00,5.6521739130434785
2022-03-04T03:45-07:00,13.837375178316696
2022-03-04T04:00-07:00,14.912280701754385
2022-03-04T04:15-07:00,12.326656394453
2022-03-04T04:30-07:00,8.613138686131382
2022-03-04T04:45-07:00,13.15789473684211
2022-03-04T05:00-07:00,11.504424778761061
2022-03-04T05:15-07:00,14.545454545454545
2022-03-04T05:30-07:00,10.263522884882104
2022-03-04T05:45-07:00,10.977443609022561
2022-03-04T06:00-07:00,16.261398176291788
2022-03-04T06:15-07:00,11.926605504587156
2022-03-04T06:30-07:00,7.024793388429752
2022-03-04T06:45-07:00,17.117117117117118
2022-03-04T07:00-07:00,17.31843575418995
2022-03-04T07:15-07:00,12.112259970457908
2022-03-04T07:30-07:00,12.603878116343495
2022-03-04T07:45-07:00,11.221590909090914
2022-03-04T08:00-07:00,12.500000000000005
2022-03-04T08:15-07:00,10.274963820549923
2022-03-04T08:30-07:00,9.947643979057597
2022-03-04T08:45-07:00,5.040871934604909
2022-03-04T09:00-07:00,9.353507565336997
2022-03-04T09:15-07:00,11.048951048951054
2022-03-04T09:30-07:00,10.07957559681698
2022-03-04T09:45-07:00,12.005277044854886
2022-03-04T10:00-07:00,7.4179743223965815
2022-03-04T10:15-07:00,12.760055478502075
2022-03-04T10:30-07:00,10.335570469798654
2022-03-04T10:45-07:00,5.452436194895599
2022-03-04T11:00-07:00,7.358738501971087
2022-03-04T11:15-07:00,3.033980582524265
2022-03-04T11:30-07:00,12.656467315716277
2022-03-04T11:45-07:00,5.970149253731344
2022-03-04T12:00-07:00,7.377049180327869
2022-03-04T12:15-07:00,14.597544338335602
2022-03-04T12:30-07:00,10.441767068273093
2022-03-04T12:45-07:00,8.544726301735652
2022-03-04T13:00-07:00,4.365079365079365
2022-03-04T13:15-07:00,11.6
2022-03-04T13:30-07:00,11.36690647482015
2022-03-04T13:45-07:00,14.366998577524889
2022-03-04T14:00-07:00,10.927573062261763
2022-03-04T14:15-07:00,13.434903047091417
2022-03-04T14:30-07:00,16.500711237553336
2022-03-04T14:45-07:00,12.447552447552443
2022-03-04T15:00-07:00,12.8
2022-03-04T15:15-07:00,13.142857142857137
2022-03-04T15:30-07:00,14.13043478260869
2022-03-04T15:45-07:00,10.92436974789916
2022-03-04T16:00-07:00,9.34959349593496
2022-03-04T16:15-07:00,14.874815905743736
2022-03-04T16:30-07:00,12.76595744680851
2022-03-04T16:45-07:00,11.51079136690647
2022-03-04T17:00-07:00,7.506702412868629
2022-03-04T17:15-07:00,11.004126547455291
2022-03-04T17:30-07:00,10.822510822510823
2022-03-04T17:45-07:00,14.185393258426961
2022-03-04T18:00-07:00,2.0491803278688523
2022-03-04T18:15-07:00,11.213720316622696
2022-03-04T18:30-07:00,12.36959761549925
2022-03-04T18:45-07:00,12.292817679558006
2022-03-04T19:00-07:00,11.452513966480451
2022-03-04T19:15-07:00,11.28571428571429
2022-03-04T19:30-07:00,11.692307692307697
2022-03-04T19:45-07:00,13.681241184767282
2022-03-04T20:00-07:00,6.509695290858722
2022-03-04T20:15-07:00,12.80575539568345
2022-03-04T20:30-07:00,13.89312977099237
2022-03-04T20:45-07:00,12.556732223903172
2022-03-04T21:00-07:00,6.8017366136034685
2022-03-04T21:15-07:00,13.66459627329193
2022-03-04T21:30-07:00,14.413075780089157
2022-03-04T21:45-07:00,9.787234042553191
2022-03-04T22:00-07:00,8.81934566145092
2022-03-04T22:15-07:00,13.474025974025968
2022-03-04T22:30-07:00,12.831858407079647
2022-03-04T22:45-07:00,10.714285714285714
2022-03-04T23:00-07:00,9.489051094890506
2022-03-04T23:15-07:00,15.797546012269942
2022-03-04T23:30-07:00,14.545454545454545
2022-03-04T23:45-07:00,10.32531824611033
2022-03-05T00:00-07:00,10.36036036036036
2022-03-05T00:15-07:00,11.45374449339207
2022-03-05T00:30-07:00,14.03249630723781
2022-03-05T00:45-07:00,10.434782608695652
2022-03-05T01:00-07:00,12.609970674486798
2022-03-05T01:15-07:00,10.754414125200647
2022-03-05T01:30-07:00,14.053254437869818
2022-03-05T01:45-07:00,8.81502890173411
2022-03-05T02:00-07:00,17.87365177195685
2022-03-05T02:15-07:00,15.036496350364967
2022-03-05T02:30-07:00,9.012875536480687
2022-03-05T02:45-07:00,6.086956521739131
2022-03-05T03:00-07:00,22.169811320754718
2022-03-05T03:15-07:00,14.160583941605843
2022-03-05T03:30-07:00,7.9320113314447545
2022-03-05T03:45-07:00,6.232294617563735
2022-03-05T04:00-07:00,14.545454545454545
2022-03-05T04:15-07:00,17.443609022556387
2022-03-05T04:30-07:00,11.11111111111111
2022-03-05T04:45-07:00,17.215568862275454
2022-03-05T05:00-07:00,7.4018126888217575
2022-03-05T05:15-07:00,9.44206008583691
2022-03-05T05:30-07:00,10.846953937592872
2022-03-05T05:45-07:00,17.410714285714285
2022-03-05T06:00-07:00,11.45996860282575
2022-03-05T06:15-07:00,8.064516129032258
2022-03-05T06:30-07:00,5.47195622435021
2022-03-05T06:45-07:00,16.244411326378543
2022-03-05T07:00-07:00,13.215859030837004
2022-03-05T07:15-07:00,5.95930232558139
2022-03-05T07:30-07:00,9.31232091690544
2022-03-05T07:45-07:00,17.937219730941703
2022-03-05T08:00-07:00,15.062111801242242
2022-03-05T08:15-07:00,11.310344827586212
2022-03-05T08:30-07:00,9.640287769784178
2022-03-05T08:45-07:00,13.963963963963964
2022-03-05T09:00-07:00,6.013986013986019
2022-03-05T09:15-07:00,6.285714285714281
2022-03-05T09:30-07:00,13.362068965517242
2022-03-05T09:45-07:00,17.905918057663133
2022-03-05T10:00-07:00,9.357541899441346
2022-03-05T10:15-07:00,5.5478502080443866
2022-03-05T10:30-07:00,10.300429184549357
2022-03-05T10:45-07:00,8.370044052863436
2022-03-05T11:00-07:00,15.966386554621849
2022-03-05T11:15-07:00,4.705882352941172
2022-03-05T11:30-07:00,12.500000000000005
2022-03-05T11:45-07:00,9.956076134699849
2022-03-05T12:00-07:00,12.230215827338135
2022-03-05T12:15-07:00,4.289544235924929
2022-03-05T12:30-07:00,13.128491620111737
2022-03-05T12:45-07:00,8.033240997229921
2022-03-05T13:00-07:00,7.053941908713693
2022-03-05T13:15-07:00,5.511811023622047
2022-03-05T13:30-07:00,14.349112426035507
2022-03-05T13:45-07:00,16.129032258064512
2022-03-05T14:00-07:00,9.523809523809524
2022-03-05T14:15-07:00,9.130434782608695
2022-03-05T14:30-07:00,8.454810495626827
2022-03-05T14:45-07:00,15.38461538461538
2022-03-05T15:00-07:00,7.8838174273858925
2022-03-05T15:15-07:00,7.9320113314447545
2022-03-05T15:30-07:00,13.855421686746983
2022-03-05T15:45-07:00,12.446958981612452
2022-03-05T16:00-07:00,5.857142857142852
2022-03-05T16:15-07:00,12.394366197183103
2022-03-05T16:30-07:00,7.981927710843368
2022-03-05T16:45-07:00,14.347826086956522
2022-03-05T17:00-07:00,6.703146374829006
2022-03-05T17:15-07:00,13.549337260677461
2022-03-05T17:30-07:00,7.845934379457922
2022-03-05T17:45-07:00,15.454545454545455
2022-03-05T18:00-07:00,3.4965034965035002
2022-03-05T18:15-07:00,2.834008097165992
2022-03-05T18:30-07:00,8.482142857142858
2022-03-05T18:45-07:00,11.965811965811966
2022-03-05T19:00-07:00,12.992700729927002
2022-03-05T19:15-07:00,11.894273127753303
2022-03-05T19:30-07:00,17.293233082706774
2022-03-05T19:45-07:00,16.236722306525035
2022-03-05T20:00-07:00,13.165680473372776
2022-03-05T20:15-07:00,13.916786226685801
2022-03-05T20:30-07:00,18.955223880597018
2022-03-05T20:45-07:00,12.389380530973451
2022-03-05T21:00-07:00,14.369501466275654
2022-03-05T21:15-07:00,15.495207667731636
2022-03-05T21:30-07:00,12.612612612612613
2022-03-05T21:45-07:00,3.708987161198284
2022-03-05T22:00-07:00,9.787234042553191
2022-03-05T22:15-07:00,13.293051359516621
2022-03-05T22:30-07:00,16.10942249240122
2022-03-05T22:45-07:00,9.361702127659575
2022-03-05T23:00-07:00,9.052333804809058
2022-03-05T23:15-07:00,14.79099678456591
2022-03-05T23:30-07:00,14.787701317715955
2022-03-05T23:45-07:00,10.549777117384838
2022-03-06T00:00-07:00,6.837606837606837
2022-03-06T00:15-07:00,16.86567164179104
2022-03-06T00:30-07:00,7.9341317365269415
2022-03-06T00:45-07:00,10.11560693641619
2022-03-06T01:00-07:00,6.926406926406926
2022-03-06T01:15-07:00,12.184873949579831
2022-03-06T01:30-07:00,12.425149700598798
2022-03-06T01:45-07:00,7.44985673352436
2022-03-06T02:00-07:00,8.199121522693993
2022-03-06T02:15-07:00,12.162162162162161
2022-03-06T02:30-07:00,11.290322580645157
2022-03-06T02:45-07:00,9.682080924855496
2022-03-06T03:00-07:00,12.259970457902506
2022-03-06T03:15-07:00,10.248901903367502
2022-03-06T03:30-07:00,5.882352941176471
2022-03-06T03:45-07:00,2.4709302325581355
2022-03-06T04:00-07:00,14.511041009463717
2022-03-06T04:15-07:00,12.696148359486443
2022-03-06T04:30-07:00,11.26126126126126
2022-03-06T04:45-07:00,8.368200836820083
2022-03-06T05:00-07:00,10.773899848254928
2022-03-06T05:15-07:00,13.215859030837004
2022-03-06T05:30-07:00,6.1959654178674395
2022-03-06T05:45-07:00,13.83458646616541
2022-03-06T06:00-07:00,10.300429184549357
2022-03-06T06:15-07:00,9.40665701881331
2022-03-06T06:30-07:00,5.20547945205479
2022-03-06T06:45-07:00,17.310664605873267
2022-03-06T07:00-07:00,13.98601398601399
2022-03-06T07:15-07:00,9.724238026124823
2022-03-06T07:30-07:00,16.740088105726873
2022-03-06T07:45-07:00,14.285714285714286
2022-03-06T08:00-07:00,10.899182561307898
2022-03-06T08:15-07:00,11.452513966480451
2022-03-06T08:30-07:00,9.956709956709958
2022-03-06T08:45-07:00,19.040697674418603
2022-03-06T09:00-07:00,6.614785992217898
2022-03-06T09:15-07:00,7.530120481927706
2022-03-06T09:30-07:00,13.34250343878955
2022-03-06T09:45-07:00,5.485232067510548
2022-03-06T10:00-07:00,10.152990264255916
2022-03-06T10:15-07:00,11.452513966480451
2022-03-06T10:30-07:00,9.19377652050919
2022-03-06T10:45-07:00,4.081632653061225
2022-03-06T11:00-07:00,2.8925619834710745
2022-03-06T11:15-07:00,8.555399719495096
2022-03-06T11:30-07:00,6.363636363636363
2022-03-06T11:45-07:00,3.5422343324250645
2022-03-06T12:00-07:00,5.780346820809253
2022-03-06T12:15-07:00,6.843575418994418
2022-03-06T12:30-07:00,12.444444444444445
2022-03-06T12:45-07:00,10.732984293193722
2022-03-06T13:00-07:00,9.5307917888563
2022-03-06T13:15-07:00,11.2
2022-03-06T13:30-07:00,5.85651537335286
2022-03-06T13:45-07:00,8.333333333333334
2022-03-06T14:00-07:00,7.0911722141823486
2022-03-06T14:15-07:00,13.661971830985921
2022-03-06T14:30-07:00,6.451612903225811
2022-03-06T14:45-07:00,10.704225352112681
2022-03-06T15:00-07:00,4.055944055944051
2022-03-06T15:15-07:00,11.946902654867257
2022-03-06T15:30-07:00,11.549295774647891
2022-03-06T15:45-07:00,7.8061911170928715
2022-03-06T16:00-07:00,4.583333333333333
2022-03-06T16:15-07:00,12.184873949579831
2022-03-06T16:30-07:00,10.571428571428566
2022-03-06T16:45-07:00,9.795918367346939
2022-03-06T17:00-07:00,12.554112554112555
2022-03-06T17:15-07:00,11.016949152542374
2022-03-06T17:30-07:00,14.992927864214998
2022-03-06T17:45-07:00,9.130434782608695
2022-03-06T18:00-07:00,12.5
2022-03-06T18:15-07:00,14.24541607898448
2022-03-06T18:30-07:00,17.333333333333332
2022-03-06T18:45-07:00,8.309455587392556
2022-03-06T19:00-07:00,13.012729844413009
2022-03-06T19:15-07:00,10.094637223974768
2022-03-06T19:30-07:00,20.351390922401176
2022-03-06T19:45-07:00,4.25531914893617
2022-03-06T20:00-07:00,12.121212121212121
2022-03-06T20:15-07:00,14.15929203539823
2022-03-06T20:30-07:00,22.04142011834319
2022-03-06T20:45-07:00,7.232267037552161
2022-03-06T21:00-07:00,13.761467889908257
2022-03-06T21:15-07:00,10.775862068965518
2022-03-06T21:30-07:00,8.72781065088757
2022-03-06T21:45-07:00,16.23931623931624
2022-03-06T22:00-07:00,17.715959004392392
2022-03-06T22:15-07:00,18.361153262518975
2022-03-06T22:30-07:00,7.9320113314447545
2022-03-06T22:45-07:00,4.405286343612334
2022-03-06T23:00-07:00,18.379160636758325
2022-03-06T23:15-07:00,17.721518987341778
2022-03-06T23:30-07:00,12.709497206703915
2022-03-06T23:45-07:00,13.58381502890174
2022-03-07T00:00-07:00,15.620437956204375
2022-03-07T00:15-07:00,17.293233082706774
2022-03-07T00:30-07:00,10.222222222222221
2022-03-07T00:45-07:00,10.458452722063042
2022-03-07T01:00-07:00,11.179173047473206
2022-03-07T01:15-07:00,16.465256797583088
2022-03-07T01:30-07:00,9.787234042553191
2022-03-07T01:45-07:00,15.384615384615385
2022-03-07T02:00-07:00,15.40697674418605
2022-03-07T02:15-07:00,21.15384615384615
2022-03-07T02:30-07:00,7.205882352941181
2022-03-07T02:45-07:00,13.004484304932735
2022-03-07T03:00-07:00,9.833585476550676
2022-03-07T03:15-07:00,10.775862068965518
2022-03-07T03:30-07:00,9.85915492957747
2022-03-07T03:45-07:00,13.494318181818178
2022-03-07T04:00-07:00,11.09510086455331
2022-03-07T04:15-07:00,10.428571428571432
2022-03-07T04:30-07:00,15.727002967359056
2022-03-07T04:45-07:00,11.842105263157896
2022-03-07T05:00-07:00,14.687500000000004
2022-03-07T05:15-07:00,12.34735413839892
2022-03-07T05:30-07:00,16.249999999999993
2022-03-07T05:45-07:00,17.982456140350877
2022-03-07T06:00-07:00,6.169296987087522
2022-03-07T06:15-07:00,13.692946058091286
2022-03-07T06:30-07:00,8.771929824561404
2022-03-07T06:45-07:00,10.740072202166072
2022-03-07T07:00-07:00,4.419889502762427
2022-03-07T07:15-07:00,10.59322033898305
2022-03-07T07:30-07:00,13.592233009708734
2022-03-07T07:45-07:00,9.565217391304357
2022-03-07T08:00-07:00,8.355795148247974
2022-03-07T08:15-07:00,2.6382978723404205
2022-03-07T08:30-07:00,6.882591093117409
2022-03-07T08:45-07:00,12.05882352941177
2022-03-07T09:00-07:00,9.920634920634921
2022-03-07T09:15-07:00,7.462686567164184
2022-03-07T09:30-07:00,16.504854368932033
2022-03-07T09:45-07:00,11.971830985915497
2022-03-07T10:00-07:00,12.307692307692308
2022-03-07T10:15-07:00,8.452535760728228
2022-03-07T10:30-07:00,18.29268292682927
2022-03-07T10:45-07:00,16.398243045388
2022-03-07T11:00-07:00,11.386138613861394
2022-03-07T11:15-07:00,7.197943444730085
2022-03-07T11:30-07:00,12.977099236641221
2022-03-07T11:45-07:00,7.467204843592338
2022-03-07T12:00-07:00,13.46938775510204
2022-03-07T12:15-07:00,4.724409448818897
2022-03-07T12:30-07:00,17.556179775280896
2022-03-07T12:45-07:00,7.702349869451693
2022-03-07T13:00-07:00,11.80438448566611
2022-03-07T13:15-07:00,8.679245283018869
2022-03-07T13:30-07:00,6.9105691056910565
2022-03-07T13:45-07:00,15.642458100558665
2022-03-07T14:00-07:00,15.147625160462121
2022-03-07T14:15-07:00,14.095744680851068
2022-03-07T14:30-07:00,12.499999999999991
2022-03-07T14:45-07:00,4.265997490589704
2022-03-07T15:00-07:00,8.409986859395536
2022-03-07T15:15-07:00,16.39344262295082
2022-03-07T15:30-07:00,11.11111111111111
2022-03-07T15:45-07:00,12.389380530973458
2022-03-07T16:00-07:00,9.191176470588236
2022-03-07T16:15-07:00,19.82758620689655
2022-03-07T16:30-07:00,4.571428571428567
2022-03-07T16:45-07:00,6.200527704485484
2022-03-07T17:00-07:00,5.821917808219184
2022-03-07T17:15-07:00,8.901251738525735
2022-03-07T17:30-07:00,21.03746397694524
2022-03-07T17:45-07:00,6.938775510204081
2022-03-07T18:00-07:00,13.458950201884258
2022-03-07T18:15-07:00,10.0
2022-03-07T18:30-07:00,18.01152737752161
2022-03-07T18:45-07:00,10.869565217391305
2022-03-07T19:00-07:00,5.304010349288493
2022-03-07T19:15-07:00,5.284552845528455
2022-03-07T19:30-07:00,10.369318181818187
2022-03-07T19:45-07:00,13.793103448275861
2022-03-07T20:00-07:00,7.516339869281046
2022-03-07T20:15-07:00,2.6206896551724177
2022-03-07T20:30-07:00,16.901408450704224
2022-03-07T20:45-07:00,11.394302848575716
2022-03-07T21:00-07:00,17.674418604651162
2022-03-07T21:15-07:00,9.640287769784178
2022-03-07T21:30-07:00,16.56626506024096
2022-03-07T21:45-07:00,20.356612184249624
2022-03-07T22:00-07:00,11.497730711043877
2022-03-07T22:15-07:00,15.481171548117155
2022-03-07T22:30-07:00,14.809160305343516
2022-03-07T22:45-07:00,16.88888888888889
2022-03-07T23:00-07:00,7.161803713527852
2022-03-07T23:15-07:00,10.511363636363633
2022-03-07T23:30-07:00,12.444444444444445
2022-03-07T23:45-07:00,18.48341232227488
2022-03-08T00:00-07:00,9.6
2022-03-08T00:15-07:00,11.176470588235299
2022-03-08T00:30-07:00,8.064516129032262
2022-03-08T00:45-07:00,13.525835866261392
2022-03-08T01:00-07:00,20.26627218934911
2022-03-08T01:15-07:00,11.23595505617977
2022-03-08T01:30-07:00,12.554112554112555
2022-03-08T01:45-07:00,12.499999999999995
2022-03-08T02:00-07:00,11.428571428571434
2022-03-08T02:15-07:00,9.668508287292822
2022-03-08T02:30-07:00,14.652567975830822
2022-03-08T02:45-07:00,12.556732223903172
2022-03-08T03:00-07:00,17.952522255192886
2022-03-08T03:15-07:00,5.531914893617022
2022-03-08T03:30-07:00,10.104011887072803
2022-03-08T03:45-07:00,14.556962025316452
2022-03-08T04:00-07:00,15.657311669128514
2022-03-08T04:15-07:00,4.845814977973569
2022-03-08T04:30-07:00,11.323328785811729
2022-03-08T04:45-07:00,15.178571428571429
2022-03-08T05:00-07:00,17.56756756756757
2022-03-08T05:15-07:00,9.325681492109034
2022-03-08T05:30-07:00,10.785824345146384
2022-03-08T05:45-07:00,13.561847988077501
2022-03-08T06:00-07:00,13.551401869158878
2022-03-08T06:15-07:00,7.1736011477761785
2022-03-08T06:30-07:00,15.384615384615385
2022-03-08T06:45-07:00,14.244186046511622
2022-03-08T07:00-07:00,4.728789986091798
2022-03-08T07:15-07:00,12.831858407079647
2022-03-08T07:30-07:00,11.343283582089557
2022-03-08T07:45-07:00,15.488721804511284
2022-03-08T08:00-07:00,7.228915662650603
2022-03-08T08:15-07:00,8.57908847184987
2022-03-08T08:30-07:00,3.908355795148244
2022-03-08T08:45-07:00,12.903225806451612
2022-03-08T09:00-07:00,12.390670553935864
2022-03-08T09:15-07:00,2.4125452352231673
2022-03-08T09:30-07:00,14.015151515151516
2022-03-08T09:45-07:00,10.668380462724945
2022-03-08T10:00-07:00,11.47776183644189
2022-03-08T10:15-07:00,9.848484848484848
2022-03-08T10:30-07:00,13.385826771653543
2022-03-08T10:45-07:00,12.787723785166232
2022-03-08T11:00-07:00,10.724233983286902
2022-03-08T11:15-07:00,10.485933503836309
2022-03-08T11:30-07:00,5.363984674329502
2022-03-08T11:45-07:00,15.447154471544716
2022-03-08T12:00-07:00,11.764705882352942
2022-03-08T12:15-07:00,9.60757780784844
2022-03-08T12:30-07:00,4.961832061068702
2022-03-08T12:45-07:00,7.692307692307696
2022-03-08T13:00-07:00,7.2273324572930395
2022-03-08T13:15-07:00,15.672676837725376
2022-03-08T13:30-07:00,8.01526717557252
2022-03-08T13:45-07:00,6.092715231788084
2022-03-08T14:00-07:00,7.6305220883534135
2022-03-08T14:15-07:00,9.41644562334217
2022-03-08T14:30-07:00,15.696887686062242
2022-03-08T14:45-07:00,12.087912087912093
2022-03-08T15:00-07:00,9.681528662420373
2022-03-08T15:15-07:00,9.589041095890416
2022-03-08T15:30-07:00,17.771883289124666
2022-03-08T15:45-07:00,9.01856763925729
2022-03-08T16:00-07:00,7.633587786259542
2022-03-08T16:15-07:00,2.5608194622279203
2022-03-08T16:30-07:00,7.516778523489928
2022-03-08T16:45-07:00,6.374501992031872
2022-03-08T17:00-07:00,7.908847184986591
2022-03-08T17:15-07:00,2.7888446215139444
2022-03-08T17:30-07:00,10.95305832147937
2022-03-08T17:45-07:00,6.896551724137927
2022-03-08T18:00-07:00,17.48251748251748
2022-03-08T18:15-07:00,2.9255319148936207
2022-03-08T18:30-07:00,5.153203342618388
2022-03-08T18:45-07:00,14.095744680851068
2022-03-08T19:00-07:00,7.784431137724556
2022-03-08T19:15-07:00,12.285714285714281
2022-03-08T19:30-07:00,6.147540983606557
2022-03-08T19:45-07:00,15.317919075144514
2022-03-08T20:00-07:00,11.857142857142852
2022-03-08T20:15-07:00,13.114754098360661
2022-03-08T20:30-07:00,9.999999999999996
2022-03-08T20:45-07:00,11.09570041608876
2022-03-08T21:00-07:00,11.390532544378694
2022-03-08T21:15-07:00,15.91895803183791
2022-03-08T21:30-07:00,7.854137447405326
2022-03-08T21:45-07:00,14.606741573033704
2022-03-08T22:00-07:00,9.66767371601209
2022-03-08T22:15-07:00,14.601769911504425
2022-03-08T22:30-07:00,8.321579689703803
2022-03-08T22:45-07:00,10.709117221418229
2022-03-08T23:00-07:00,12.66766020864382
2022-03-08T23:15-07:00,12.30101302460203
2022-03-08T23:30-07:00,8.635097493036207
2022-03-08T23:45-07:00,10.126582278481013
2022-03-09T00:00-07:00,18.20895522388059
2022-03-09T00:15-07:00,13.333333333333334
2022-03-09T00:30-07:00,8.806818181818178
2022-03-09T00:45-07:00,9.282700421940929
2022-03-09T01:00-07:00,16.1875945537065
2022-03-09T01:15-07:00,14.93212669683258
2022-03-09T01:30-07:00,13.168724279835391
2022-03-09T01:45-07:00,3.9513677811550107
2022-03-09T02:00-07:00,12.342215988779808
2022-03-09T02:15-07:00,12.05882352941177
2022-03-09T02:30-07:00,14.513788098693764
2022-03-09T02:45-07:00,9.090909090909095
2022-03-09T03:00-07:00,19.440124416796262
2022-03-09T03:15-07:00,14.651493598862023
2022-03-09T03:30-07:00,9.051724137931034
2022-03-09T03:45-07:00,9.261939218523883
2022-03-09T04:00-07:00,14.475627769571636
2022-03-09T04:15-07:00,14.843749999999995
2022-03-09T04:30-07:00,11.640953716690039
2022-03-09T04:45-07:00,7.004470938897164
2022-03-09T05:00-07:00,16.400580551523944
2022-03-09T05:15-07:00,20.96774193548387
2022-03-09T05:30-07:00,5.9071729957805905
2022-03-09T05:45-07:00,12.32876712328767
2022-03-09T06:00-07:00,11.611030478955003
2022-03-09T06:15-07:00,16.71469740634005
2022-03-09T06:30-07:00,7.184750733137834
2022-03-09T06:45-07:00,22.01166180758018
2022-03-09T07:00-07:00,15.14242878560719
2022-03-09T07:15-07:00,14.46991404011461
2022-03-09T07:30-07:00,9.210526315789474
2022-03-09T07:45-07:00,14.391691394658759
2022-03-09T08:00-07:00,14.56166419019316
2022-03-09T08:15-07:00,9.090909090909086
2022-03-09T08:30-07:00,3.2653061224489797
2022-03-09T08:45-07:00,10.393258426966288
2022-03-09T09:00-07:00,12.60623229461756
2022-03-09T09:15-07:00,7.287449392712551
2022-03-09T09:30-07:00,16.956521739130434
2022-03-09T09:45-07:00,5.241935483870968
2022-03-09T10:00-07:00,17.9020979020979
2022-03-09T10:15-07:00,11.336032388663968
2022-03-09T10:30-07:00,14.903129657228023
2022-03-09T10:45-07:00,11.065573770491802
2022-03-09T11:00-07:00,16.049382716049383
2022-03-09T11:15-07:00,10.48275862068966
2022-03-09T11:30-07:00,16.36863823933975
2022-03-09T11:45-07:00,16.182572614107883
2022-03-09T12:00-07:00,14.042553191489361
2022-03-09T12:15-07:00,2.328767123287667
2022-03-09T12:30-07:00,16.07843137254902
2022-03-09T12:45-07:00,16.071428571428573
2022-03-09T13:00-07:00,18.944519621109606
2022-03-09T13:15-07:00,17.732558139534877
2022-03-09T13:30-07:00,9.881422924901186
2022-03-09T13:45-07:00,17.062937062937056
2022-03-09T14:00-07:00,13.762811127379214
2022-03-09T14:15-07:00,21.28571428571428
2022-03-09T14:30-07:00,10.377358490566033
2022-03-09T14:45-07:00,13.877551020408163
2022-03-09T15:00-07:00,16.763848396501462
2022-03-09T15:15-07:00,12.864721485411144
2022-03-09T15:30-07:00,13.881401617250678
2022-03-09T15:45-07:00,2.8833551769331622
2022-03-09T16:00-07:00,10.330578512396695
2022-03-09T16:15-07:00,4.4534412955465585
2022-03-09T16:30-07:00,6.979865771812085
2022-03-09T16:45-07:00,15.19337016574585
2022-03-09T17:00-07:00,6.374501992031872
2022-03-09T17:15-07:00,11.618257261410788
2022-03-09T17:30-07:00,8.171745152354566
2022-03-09T17:45-07:00,6.854838709677419
2022-03-09T18:00-07:00,2.781641168289287
2022-03-09T18:15-07:00,7.660738714090283
2022-03-09T18:30-07:00,14.285714285714281
2022-03-09T18:45-07:00,6.630581867388367
2022-03-09T19:00-07:00,5.19662921348315
2022-03-09T19:15-07:00,13.012729844413009
2022-03-09T19:30-07:00,9.940652818991103
2022-03-09T19:45-07:00,11.826347305389227
2022-03-09T20:00-07:00,5.3061224489795915
2022-03-09T20:15-07:00,7.589285714285714
2022-03-09T20:30-07:00,11.688311688311689
2022-03-09T20:45-07:00,9.623430962343097
2022-03-09T21:00-07:00,9.053497942386832
2022-03-09T21:15-07:00,10.995542347696874
2022-03-09T21:30-07:00,13.173652694610784
2022-03-09T21:45-07:00,14.772727272727268
2022-03-09T22:00-07:00,6.0606060606060606
2022-03-09T22:15-07:00,14.218009478672986
2022-03-09T22:30-07:00,14.836795252225524
2022-03-09T22:45-07:00,12.665684830633278
2022-03-09T23:00-07:00,15.98360655737705
2022-03-09T23:15-07:00,10.889570552147234
2022-03-09T23:30-07:00,17.82608695652174
2022-03-09T23:45-07:00,13.150289017341045
2022-03-10T00:00-07:00,13.822284908321574
2022-03-10T00:15-07:00,12.616822429906541
2022-03-10T00:30-07:00,18.660287081339714
2022-03-10T00:45-07:00,13.580246913580247
2022-03-10T01:00-07:00,10.38961038961039
2022-03-10T01:15-07:00,13.478260869565217
2022-03-10T01:30-07:00,16.818181818181817
2022-03-10T01:45-07:00,12.772133526850514
2022-03-10T02:00-07:00,17.857142857142858
2022-03-10T02:15-07:00,12.158054711246196
2022-03-10T02:30-07:00,17.507418397626118
2022-03-10T02:45-07:00,9.39226519337016
2022-03-10T03:00-07:00,17.56756756756757
2022-03-10T03:15-07:00,16.837481698389464
2022-03-10T03:30-07:00,15.127388535031841
2022-03-10T03:45-07:00,11.527377521613827
2022-03-10T04:00-07:00,16.216216216216218
2022-03-10T04:15-07:00,19.910179640718567
2022-03-10T04:30-07:00,13.353566009104709
2022-03-10T04:45-07:00,7.456140350877193
2022-03-10T05:00-07:00,19.452887537993917
2022-03-10T05:15-07:00,15.170278637770892
2022-03-10T05:30-07:00,14.41176470588235
2022-03-10T05:45-07:00,16.40513552068474
2022-03-10T06:00-07:00,15.080527086383608
2022-03-10T06:15-07:00,18.409425625920466
2022-03-10T06:30-07:00,8.056042031523647
2022-03-10T06:45-07:00,12.81690140845071
2022-03-10T07:00-07:00,15.0
2022-03-10T07:15-07:00,19.558823529411768
2022-03-10T07:30-07:00,12.499999999999995
2022-03-10T07:45-07:00,6.300268096514741
2022-03-10T08:00-07:00,11.933534743202422
2022-03-10T08:15-07:00,6.36771300448431
2022-03-10T08:30-07:00,11.11111111111111
2022-03-10T08:45-07:00,6.553079947575356
2022-03-10T09:00-07:00,9.051724137931034
2022-03-10T09:15-07:00,5.335628227194498
2022-03-10T09:30-07:00,5.139005897219877
2022-03-10T09:45-07:00,7.381615598885789
2022-03-10T10:00-07:00,12.711864406779661
2022-03-10T10:15-07:00,12.395543175487461
2022-03-10T10:30-07:00,10.47745358090186
2022-03-10T10:45-07:00,4.545454545454546
2022-03-10T11:00-07:00,14.929577464788737
2022-03-10T11:15-07:00,10.947930574098804
2022-03-10T11:30-07:00,17.48251748251748
2022-03-10T11:45-07:00,8.443271767810032
2022-03-10T12:00-07:00,9.876543209876543
2022-03-10T12:15-07:00,13.37931034482759
2022-03-10T12:30-07:00,9.589041095890416
2022-03-10T12:45-07:00,12.01157742402315
2022-03-10T13:00-07:00,7.901907356948233
2022-03-10T13:15-07:00,20.91412742382272
2022-03-10T13:30-07:00,9.59097320169252
2022-03-10T13:45-07:00,14.090287277701783
2022-03-10T14:00-07:00,3.773584905660381
2022-03-10T14:15-07:00,18.892045454545457
2022-03-10T14:30-07:00,11.608391608391603
2022-03-10T14:45-07:00,15.841584158415847
2022-03-10T15:00-07:00,7.919463087248317
2022-03-10T15:15-07:00,12.297297297297302
2022-03-10T15:30-07:00,14.285714285714286
2022-03-10T15:45-07:00,17.14697406340057
2022-03-10T16:00-07:00,15.970149253731337
2022-03-10T16:15-07:00,6.812339331619545
2022-03-10T16:30-07:00,14.652567975830822
2022-03-10T16:45-07:00,10.084033613445378
2022-03-10T17:00-07:00,13.31403762662807
2022-03-10T17:15-07:00,6.250000000000004
2022-03-10T17:30-07:00,20.26049204052098
2022-03-10T17:45-07:00,13.629842180774745
2022-03-10T18:00-07:00,15.607734806629828
2022-03-10T18:15-07:00,9.090909090909092
2022-03-10T18:30-07:00,13.821138211382113
2022-03-10T18:45-07:00,9.051724137931034
2022-03-10T19:00-07:00,18.798151001540827
2022-03-10T19:15-07:00,15.220483641536267
2022-03-10T19:30-07:00,10.775862068965518
2022-03-10T19:45-07:00,6.811989100817435
2022-03-10T20:00-07:00,12.022630834512027
2022-03-10T20:15-07:00,15.652173913043478
2022-03-10T20:30-07:00,12.137931034482763
2022-03-10T20:45-07:00,19.282511210762333
2022-03-10T21:00-07:00,18.047337278106504
2022-03-10T21:15-07:00,14.615384615384611
2022-03-10T21:30-07:00,12.26415094339623
2022-03-10T21:45-07:00,20.17045454545455
2022-03-10T22:00-07:00,14.060258249641315
2022-03-10T22:15-07:00,14.873417721518994
2022-03-10T22:30-07:00,16.76136363636364
2022-03-10T22:45-07:00,16.1631419939577
2022-03-10T23:00-07:00,15.484804630969604
2022-03-10T23:15-07:00,11.424332344213646
2022-03-10T23:30-07:00,10.344827586206897
2022-03-10T23:45-07:00,10.655737704918034
2022-03-11T00:00-07:00,12.383900928792563
2022-03-11T00:15-07:00,17.138599105812226
2022-03-11T00:30-07:00,10.120845921450156
2022-03-11T00:45-07:00,18.980169971671383
2022-03-11T01:00-07:00,17.54385964912281
2022-03-11T01:15-07:00,12.025316455696208
2022-03-11T01:30-07:00,10.209790209790214
2022-03-11T01:45-07:00,16.216216216216218
2022-03-11T02:00-07:00,16.790490341753337
2022-03-11T02:15-07:00,15.014577259475224
2022-03-11T02:30-07:00,13.049853372434013
2022-03-11T02:45-07:00,12.762973352033665
2022-03-11T03:00-07:00,16.174183514774487
2022-03-11T03:15-07:00,12.05882352941177
2022-03-11T03:30-07:00,8.976157082748953
2022-03-11T03:45-07:00,20.704845814977972
2022-03-11T04:00-07:00,14.391691394658759
2022-03-11T04:15-07:00,19.033674963396784
2022-03-11T04:30-07:00,11.412268188302422
2022-03-11T04:45-07:00,15.909090909090908
2022-03-11T05:00-07:00,15.653495440729488
2022-03-11T05:15-07:00,16.52173913043478
2022-03-11T05:30-07:00,6.0650887573964445
2022-03-11T05:45-07:00,15.488721804511284
2022-03-11T06:00-07:00,12.661870503597127
2022-03-11T06:15-07:00,19.35975609756098
2022-03-11T06:30-07:00,11.297071129707113
2022-03-11T06:45-07:00,19.364599092284415
2022-03-11T07:00-07:00,20.699708454810498
2022-03-11T07:15-07:00,15.558912386706954
2022-03-11T07:30-07:00,11.608391608391603
2022-03-11T07:45-07:00,10.741301059001508
2022-03-11T08:00-07:00,20.27027027027027
2022-03-11T08:15-07:00,16.335227272727277
2022-03-11T08:30-07:00,12.395543175487461
2022-03-11T08:45-07:00,12.912087912087918
2022-03-11T09:00-07:00,11.310344827586212
2022-03-11T09:15-07:00,10.458452722063042
2022-03-11T09:30-07:00,9.41644562334217
2022-03-11T09:45-07:00,9.61538461538462
2022-03-11T10:00-07:00,10.2880658436214
2022-03-11T10:15-07:00,10.504201680672269
2022-03-11T10:30-07:00,19.505494505494507
2022-03-11T10:45-07:00,3.3635187580853887
2022-03-11T11:00-07:00,15.955983493810173
2022-03-11T11:15-07:00,10.0418410041841
2022-03-11T11:30-07:00,13.207547169811326
2022-03-11T11:45-07:00,7.621550591327206
2022-03-11T12:00-07:00,9.140518417462486
2022-03-11T12:15-07:00,7.712765957446813
2022-03-11T12:30-07:00,12.447552447552443
2022-03-11T12:45-07:00,16.89944134078213
2022-03-11T13:00-07:00,12.702702702702707
2022-03-11T13:15-07:00,11.83673469387755
2022-03-11T13:30-07:00,7.9837618403247586
2022-03-11T13:45-07:00,10.589812332439683
2022-03-11T14:00-07:00,9.876543209876543
2022-03-11T14:15-07:00,12.653061224489797
2022-03-11T14:30-07:00,2.3076923076923075
2022-03-11T14:45-07:00,10.762942779291558
2022-03-11T15:00-07:00,6.3800277392510445
2022-03-11T15:15-07:00,17.60660247592847
2022-03-11T15:30-07:00,3.877005347593579
2022-03-11T15:45-07:00,8.343711083437102
2022-03-11T16:00-07:00,3.5573122529644268
2022-03-11T16:15-07:00,9.9868593955322
2022-03-11T16:30-07:00,12.601626016260163
2022-03-11T16:45-07:00,8.322147651006707
2022-03-11T17:00-07:00,1.073825503355701
2022-03-11T17:15-07:00,4.7106325706594845
2022-03-11T17:30-07:00,5.633802816901413
2022-03-11T17:45-07:00,10.989010989010985
2022-03-11T18:00-07:00,10.07194244604317
2022-03-11T18:15-07:00,11.186903137789908
2022-03-11T18:30-07:00,9.867452135493377
2022-03-11T18:45-07:00,9.734513274336283
2022-03-11T19:00-07:00,11.994219653179186
2022-03-11T19:15-07:00,13.41991341991342
2022-03-11T19:30-07:00,11.331444759206795
2022-03-11T19:45-07:00,6.821480406386063
2022-03-11T20:00-07:00,16.61585365853659
2022-03-11T20:15-07:00,9.509658246656764
2022-03-11T20:30-07:00,10.61452513966481
2022-03-11T20:45-07:00,18.0576631259484
2022-03-11T21:00-07:00,16.041979010494746
2022-03-11T21:15-07:00,12.859304084720126
2022-03-11T21:30-07:00,3.125000000000004
2022-03-11T21:45-07:00,9.659090909090905
2022-03-11T22:00-07:00,18.181818181818176
2022-03-11T22:15-07:00,15.929203539823009
2022-03-11T22:30-07:00,20.089285714285715
2022-03-11T22:45-07:00,9.565217391304348
2022-03-11T23:00-07:00,14.473684210526315
2022-03-11T23:15-07:00,11.550151975683894
2022-03-11T23:30-07:00,17.549167927382747
2022-03-11T23:45-07:00,10.703812316715547
2022-03-12T00:00-07:00,16.20029455081001
2022-03-12T00:15-07:00,14.222222222222221
2022-03-12T00:30-07:00,21.004566210045663
2022-03-12T00:45-07:00,10.186513629842176
2022-03-12T01:00-07:00,17.719568567026197
2022-03-12T01:15-07:00,13.855421686746983
2022-03-12T01:30-07:00,12.866449511400658
2022-03-12T01:45-07:00,12.660028449502128
2022-03-12T02:00-07:00,15.062111801242242
2022-03-12T02:15-07:00,15.611814345991561
2022-03-12T02:30-07:00,19.083969465648853
2022-03-12T02:45-07:00,6.808510638297872
2022-03-12T03:00-07:00,5.9071729957805905
2022-03-12T03:15-07:00,16.86567164179104
2022-03-12T03:30-07:00,11.96850393700788
2022-03-12T03:45-07:00,12.177650429799431
2022-03-12T04:00-07:00,4.564315352697095
2022-03-12T04:15-07:00,17.84107946026986
2022-03-12T04:30-07:00,16.0246533127889
2022-03-12T04:45-07:00,12.239221140472884
2022-03-12T05:00-07:00,10.238429172510523
2022-03-12T05:15-07:00,11.415525114155251
2022-03-12T05:30-07:00,18.42105263157894
2022-03-12T05:45-07:00,6.25
2022-03-12T06:00-07:00,5.668016194331984
2022-03-12T06:15-07:00,17.921686746987945
2022-03-12T06:30-07:00,11.242603550295863
2022-03-12T06:45-07:00,14.115898959881124
2022-03-12T07:00-07:00,8.628005657708632
2022-03-12T07:15-07:00,14.241486068111449
2022-03-12T07:30-07:00,18.75
2022-03-12T07:45-07:00,12.033195020746888
2022-03-12T08:00-07:00,13.043478260869565
2022-03-12T08:15-07:00,10.687022900763363
2022-03-12T08:30-07:00,22.666666666666668
2022-03-12T08:45-07:00,8.379120879120883
2022-03-12T09:00-07:00,7.713884992987382
2022-03-12T09:15-07:00,15.558912386706954
2022-03-12T09:30-07:00,16.88888888888889
2022-03-12T09:45-07:00,13.643178410794606
2022-03-12T10:00-07:00,12.129760225669953
2022-03-12T10:15-07:00,12.778603268945018
2022-03-12T10:30-07:00,18.731117824773417
2022-03-12T10:45-07:00,13.080168776371307
2022-03-12T11:00-07:00,7.060518731988477
2022-03-12T11:15-07:00,9.170305676855895
2022-03-12T11:30-07:00,10.995542347696874
2022-03-12T11:45-07:00,11.678832116788316
2022-03-12T12:00-07:00,12.017167381974248
2022-03-12T12:15-07:00,7.132667617689012
2022-03-12T12:30-07:00,7.024793388429752
2022-03-12T12:45-07:00,4.25531914893617
2022-03-12T13:00-07:00,10.142857142857137
2022-03-12T13:15-07:00,17.29651162790697
2022-03-12T13:30-07:00,11.659192825112108
2022-03-12T13:45-07:00,10.04304160688666
2022-03-12T14:00-07:00,5.200594353640411
2022-03-12T14:15-07:00,8.27679782903664
2022-03-12T14:30-07:00,11.901306240928887
2022-03-12T14:45-07:00,11.977715877437321
2022-03-12T15:00-07:00,8.567415730337082
2022-03-12T15:15-07:00,13.88478581979321
2022-03-12T15:30-07:00,8.599167822468788
2022-03-12T15:45-07:00,4.936530324400559
2022-03-12T16:00-07:00,8.264462809917354
2022-03-12T16:15-07:00,12.517193947730403
2022-03-12T16:30-07:00,11.583577712609975
2022-03-12T16:45-07:00,10.635359116022094
2022-03-12T17:00-07:00,4.0845070422535175
2022-03-12T17:15-07:00,6.833114323258874
2022-03-12T17:30-07:00,12.735166425470338
2022-03-12T17:45-07:00,15.182481751824811
2022-03-12T18:00-07:00,9.916201117318431
2022-03-12T18:15-07:00,6.3559322033898304
2022-03-12T18:30-07:00,11.611030478955003
2022-03-12T18:45-07:00,16.115702479338843
2022-03-12T19:00-07:00,13.124108416547784
2022-03-12T19:15-07:00,11.028315946348728
2022-03-12T19:30-07:00,6.536856745479829
2022-03-12T19:45-07:00,9.417040358744394
2022-03-12T20:00-07:00,6.917293233082712
2022-03-12T20:15-07:00,10.572687224669604
2022-03-12T20:30-07:00,14.692653673163413
2022-03-12T20:45-07:00,7.96586059743954
2022-03-12T21:00-07:00,12.5
2022-03-12T21:15-07:00,12.405446293494709
2022-03-12T21:30-07:00,13.983050847457626
2022-03-12T21:45-07:00,6.015037593984967
2022-03-12T22:00-07:00,12.5
2022-03-12T22:15-07:00,14.970059880239527
2022-03-12T22:30-07:00,13.025210084033613
2022-03-12T22:45-07:00,11.290322580645157
2022-03-12T23:00-07:00,10.646900269541783
2022-03-12T23:15-07:00,12.293853073463273
2022-03-12T23:30-07:00,15.22693997071742
2022-03-12T23:45-07:00,12.884333821376286
2022-03-13T00:00-07:00,11.640953716690039
2022-03-13T00:15-07:00,6.853146853146857
2022-03-13T00:30-07:00,20.454545454545453
2022-03-13T00:45-07:00,12.5
2022-03-13T01:00-07:00,7.391304347826087
2022-03-13T01:15-07:00,10.497237569060777
2022-03-13T01:30-07:00,13.343108504398831
2022-03-13T01:45-07:00,14.601769911504425
2022-03-13T02:00-07:00,-0.0
2022-03-13T02:15-07:00,-0.0
2022-03-13T02:30-07:00,-0.0
2022-03-13T02:45-07:00,-0.0
2022-03-13T03:00-07:00,9.766763848396506
2022-03-13T03:15-07:00,5.988857938718668
2022-03-13T03:30-07:00,14.045801526717552
2022-03-13T03:45-07:00,18.7125748502994
2022-03-13T04:00-07:00,13.129770992366407
2022-03-13T04:15-07:00,10.152990264255916
2022-03-13T04:30-07:00,12.992700729927002
2022-03-13T04:45-07:00,14.090909090909092
2022-03-13T05:00-07:00,10.280373831775702
2022-03-13T05:15-07:00,15.028089887640444
2022-03-13T05:30-07:00,11.560693641618492
2022-03-13T05:45-07:00,18.64661654135339
2022-03-13T06:00-07:00,14.285714285714286
2022-03-13T06:15-07:00,4.867256637168142
2022-03-13T06:30-07:00,18.020679468242243
2022-03-13T06:45-07:00,11.326378539493298
2022-03-13T07:00-07:00,5.982905982905983
2022-03-13T07:15-07:00,8.771929824561404
2022-03-13T07:30-07:00,17.655571635311137
2022-03-13T07:45-07:00,14.088820826952523
2022-03-13T08:00-07:00,5.217391304347826
2022-03-13T08:15-07:00,12.711864406779661
2022-03-13T08:30-07:00,16.114457831325296
2022-03-13T08:45-07:00,11.482558139534888
2022-03-13T09:00-07:00,9.16905444126075
2022-03-13T09:15-07:00,8.928571428571429
2022-03-13T09:30-07:00,17.04035874439462
2022-03-13T09:45-07:00,7.625899280575536
2022-03-13T10:00-07:00,8.936170212765957
2022-03-13T10:15-07:00,5.691056910569106
2022-03-13T10:30-07:00,14.372163388804836
2022-03-13T10:45-07:00,13.409415121255355
2022-03-13T11:00-07:00,9.69609261939219
2022-03-13T11:15-07:00,5.982905982905983
2022-03-13T11:30-07:00,8.233532934131741
2022-03-13T11:45-07:00,16.470588235294123
2022-03-13T12:00-07:00,14.592274678111588
2022-03-13T12:15-07:00,7.746478873239441
2022-03-13T12:30-07:00,15.119760479041911
2022-03-13T12:45-07:00,17.903930131004365
2022-03-13T13:00-07:00,14.736842105263154
2022-03-13T13:15-07:00,11.02719033232629
2022-03-13T13:30-07:00,2.2911051212937967
2022-03-13T13:45-07:00,18.08972503617945
2022-03-13T14:00-07:00,9.253731343283578
2022-03-13T14:15-07:00,17.04035874439462
2022-03-13T14:30-07:00,12.68011527377522
2022-03-13T14:45-07:00,10.335195530726253
2022-03-13T15:00-07:00,15.83710407239819
2022-03-13T15:15-07:00,14.027149321266968
2022-03-13T15:30-07:00,11.176470588235299
2022-03-13T15:45-07:00,11.173974540311178
2022-03-13T16:00-07:00,4.5070422535211225
2022-03-13T16:15-07:00,9.776536312849167
2022-03-13T16:30-07:00,12.223858615611189
2022-03-13T16:45-07:00,11.030478955007261
2022-03-13T17:00-07:00,9.598853868194848
2022-03-13T17:15-07:00,5.150214592274678
2022-03-13T17:30-07:00,13.529411764705879
2022-03-13T17:45-07:00,12.42774566473988
2022-03-13T18:00-07:00,12.848297213622285
2022-03-13T18:15-07:00,7.659574468085107
2022-03-13T18:30-07:00,13.53591160220994
2022-03-13T18:45-07:00,13.012729844413009
2022-03-13T19:00-07:00,17.715959004392392
2022-03-13T19:15-07:00,8.882521489971342
2022-03-13T19:30-07:00,7.355021216407359
2022-03-13T19:45-07:00,10.229007633587791
2022-03-13T20:00-07:00,15.044247787610619
2022-03-13T20:15-07:00,17.276720351390928
2022-03-13T20:30-07:00,7.272727272727277
2022-03-13T20:45-07:00,9.840810419681615
2022-03-13T21:00-07:00,10.344827586206897
2022-03-13T21:15-07:00,15.981735159817351
2022-03-13T21:30-07:00,9.888579387186624
2022-03-13T21:45-07:00,7.017543859649122
2022-03-13T22:00-07:00,16.883116883116884
2022-03-13T22:15-07:00,11.11111111111111
2022-03-13T22:30-07:00,16.95178849144635
2022-03-13T22:45-07:00,6.410256410256411
2022-03-13T23:00-07:00,9.19377652050919
2022-03-13T23:15-07:00,9.95475113122172
2022-03-13T23:30-07:00,13.191489361702128
2022-03-13T23:45-07:00,14.577259475218664
2022-03-14T00:00-07:00,9.865470852017937
2022-03-14T00:15-07:00,18.099547511312217
2022-03-14T00:30-07:00,13.957055214723932
2022-03-14T00:45-07:00,10.220994475138117
2022-03-14T01:00-07:00,10.798816568047341
2022-03-14T01:15-07:00,14.864864864864865
2022-03-14T01:30-07:00,13.88888888888889
2022-03-14T01:45-07:00,13.304721030042918
2022-03-14T02:00-07:00,16.50943396226415
2022-03-14T02:15-07:00,16.371681415929203
2022-03-14T02:30-07:00,17.194570135746606
2022-03-14T02:45-07:00,7.65895953757225
2022-03-14T03:00-07:00,13.649851632047474
2022-03-14T03:15-07:00,10.85972850678733
2022-03-14T03:30-07:00,13.513513513513514
2022-03-14T03:45-07:00,9.261939218523883
2022-03-14T04:00-07:00,15.116279069767437
2022-03-14T04:15-07:00,10.989010989010994
2022-03-14T04:30-07:00,14.040114613180512
2022-03-14T04:45-07:00,9.04033379694019
2022-03-14T05:00-07:00,14.730878186968834
2022-03-14T05:15-07:00,9.090909090909086
2022-03-14T05:30-07:00,15.254237288135593
2022-03-14T05:45-07:00,11.390532544378694
2022-03-14T06:00-07:00,14.490674318507885
2022-03-14T06:15-07:00,12.852664576802514
2022-03-14T06:30-07:00,16.76136363636364
2022-03-14T06:45-07:00,5.473372781065093
2022-03-14T07:00-07:00,14.327917282127036
2022-03-14T07:15-07:00,9.451219512195118
2022-03-14T07:30-07:00,12.730061349693246
2022-03-14T07:45-07:00,5.957446808510638
2022-03-14T08:00-07:00,4.052098408104201
2022-03-14T08:15-07:00,10.212765957446809
2022-03-14T08:30-07:00,5.627705627705628
2022-03-14T08:45-07:00,7.003891050583658
2022-03-14T09:00-07:00,6.6197183098591506
2022-03-14T09:15-07:00,9.279778393351805
2022-03-14T09:30-07:00,11.502029769959409
2022-03-14T09:45-07:00,7.258064516129032
2022-03-14T10:00-07:00,3.285968028419178
2022-03-14T10:15-07:00,15.702479338842975
2022-03-14T10:30-07:00,9.985734664764626
2022-03-14T10:45-07:00,9.876543209876543
2022-03-14T11:00-07:00,4.01554404145077
2022-03-14T11:15-07:00,6.4
2022-03-14T11:30-07:00,8.209959623149398
2022-03-14T11:45-07:00,7.874015748031496
2022-03-14T12:00-07:00,6.300268096514741
2022-03-14T12:15-07:00,10.9375
2022-03-14T12:30-07:00,12.94117647058824
2022-03-14T12:45-07:00,12.038303693570457
2022-03-14T13:00-07:00,11.15702479338843
2022-03-14T13:15-07:00,10.547396528704944
2022-03-14T13:30-07:00,8.760107816711585
2022-03-14T13:45-07:00,13.547486033519558
2022-03-14T14:00-07:00,12.653061224489797
2022-03-14T14:15-07:00,6.027397260273968
2022-03-14T14:30-07:00,12.871287128712876
2022-03-14T14:45-07:00,9.658246656760767
2022-03-14T15:00-07:00,2.941176470588242
2022-03-14T15:15-07:00,13.733905579399142
2022-03-14T15:30-07:00,12.965517241379315
2022-03-14T15:45-07:00,9.40665701881331
2022-03-14T16:00-07:00,10.43723554301833
2022-03-14T16:15-07:00,8.635097493036207
2022-03-14T16:30-07:00,2.2346368715083837
2022-03-14T16:45-07:00,2.772963604852691
2022-03-14T17:00-07:00,10.91703056768559
2022-03-14T17:15-07:00,7.594936708860759
2022-03-14T17:30-07:00,8.538350217076696
2022-03-14T17:45-07:00,8.381502890173415
2022-03-14T18:00-07:00,2.4324324324324325
2022-03-14T18:15-07:00,2.3008849557522173
2022-03-14T18:30-07:00,9.988649262202035
2022-03-14T18:45-07:00,4.468412942989209
2022-03-14T19:00-07:00,10.810810810810807
2022-03-14T19:15-07:00,2.2522522522522523
2022-03-14T19:30-07:00,4.400606980273137
2022-03-14T19:45-07:00,13.010590015128587
2022-03-14T20:00-07:00,12.264150943396226
2022-03-14T20:15-07:00,7.7994428969359335
2022-03-14T20:30-07:00,11.355932203389836
2022-03-14T20:45-07:00,8.575581395348832
2022-03-14T21:00-07:00,8.115942028985508
2022-03-14T21:15-07:00,15.311004784688995
2022-03-14T21:30-07:00,9.767441860465116
2022-03-14T21:45-07:00,15.609756097560975
2022-03-14T22:00-07:00,5.401459854014603
2022-03-14T22:15-07:00,14.761904761904763
2022-03-14T22:30-07:00,10.932475884244367
2022-03-14T22:45-07:00,10.575427682737164
2022-03-14T23:00-07:00,5.8015267175572465
2022-03-14T23:15-07:00,3.4227567067530016
2022-03-14T23:30-07:00,12.561174551386618
2022-03-14T23:45-07:00,16.32653061224489
2022-03-15T00:00-07:00,9.076923076923073
2022-03-15T00:15-07:00,7.812499999999995
2022-03-15T00:30-07:00,9.132420091324201
2022-03-15T00:45-07:00,10.624999999999995
2022-03-15T01:00-07:00,14.570552147239258
2022-03-15T01:15-07:00,7.049180327868857
2022-03-15T01:30-07:00,11.678832116788316
2022-03-15T01:45-07:00,12.634822804314334
2022-03-15T02:00-07:00,7.789678675754632
2022-03-15T02:15-07:00,7.246376811594203
2022-03-15T02:30-07:00,9.132420091324201
2022-03-15T02:45-07:00,6.595092024539882
2022-03-15T03:00-07:00,16.481774960380342
2022-03-15T03:15-07:00,11.021069692058342
2022-03-15T03:30-07:00,9.58904109589041
2022-03-15T03:45-07:00,10.0
2022-03-15T04:00-07:00,10.828025477707001
2022-03-15T04:15-07:00,11.305732484076428
2022-03-15T04:30-07:00,7.735849056603768
2022-03-15T04:45-07:00,6.1469265367316295
2022-03-15T05:00-07:00,15.199999999999994
2022-03-15T05:15-07:00,6.268081002892966
2022-03-15T05:30-07:00,2.358490566037736
2022-03-15T05:45-07:00,13.004484304932735
2022-03-15T06:00-07:00,12.264150943396226
2022-03-15T06:15-07:00,17.891373801916938
2022-03-15T06:30-07:00,10.74766355140187
2022-03-15T06:45-07:00,13.122171945701357
2022-03-15T07:00-07:00,9.472049689440999
2022-03-15T07:15-07:00,17.251908396946558
2022-03-15T07:30-07:00,8.526011560693638
2022-03-15T07:45-07:00,14.307931570762047
2022-03-15T08:00-07:00,14.625228519195606
2022-03-15T08:15-07:00,10.638297872340425
2022-03-15T08:30-07:00,13.27586206896551
2022-03-15T08:45-07:00,11.367673179396098
2022-03-15T09:00-07:00,13.969335604770023
2022-03-15T09:15-07:00,12.852664576802514
2022-03-15T09:30-07:00,11.62790697674418
2022-03-15T09:45-07:00,10.935251798561156
2022-03-15T10:00-07:00,9.790209790209794
2022-03-15T10:15-07:00,12.446351931330472
2022-03-15T10:30-07:00,6.796116504854373
2022-03-15T10:45-07:00,16.334661354581673
2022-03-15T11:00-07:00,7.856191744340874
2022-03-15T11:15-07:00,12.343966712898746
2022-03-15T11:30-07:00,10.110803324099727
2022-03-15T11:45-07:00,11.74899866488652
2022-03-15T12:00-07:00,10.638297872340425
2022-03-15T12:15-07:00,9.226594301221162
2022-03-15T12:30-07:00,12.863070539419088
2022-03-15T12:45-07:00,15.918367346938776
2022-03-15T13:00-07:00,11.171662125340605
2022-03-15T13:15-07:00,10.695187165775396
2022-03-15T13:30-07:00,11.25
2022-03-15T13:45-07:00,16.0
2022-03-15T14:00-07:00,9.04033379694019
2022-03-15T14:15-07:00,10.65246338215712
2022-03-15T14:30-07:00,6.14973262032086
2022-03-15T14:45-07:00,18.30985915492958
2022-03-15T15:00-07:00,9.7165991902834
2022-03-15T15:15-07:00,8.695652173913043
2022-03-15T15:30-07:00,8.30815709969789
2022-03-15T15:45-07:00,9.379128137384408
2022-03-15T16:00-07:00,5.978260869565212
2022-03-15T16:15-07:00,10.04304160688666
2022-03-15T16:30-07:00,6.437768240343348
2022-03-15T16:45-07:00,7.715133531157275
2022-03-15T17:00-07:00,7.627118644067797
2022-03-15T17:15-07:00,6.437768240343348
2022-03-15T17:30-07:00,0.8368200836820083
2022-03-15T17:45-07:00,5.579399141630901
2022-03-15T18:00-07:00,4.403409090909095
2022-03-15T18:15-07:00,12.116788321167878
2022-03-15T18:30-07:00,5.278174037089876
2022-03-15T18:45-07:00,8.26086956521739
2022-03-15T19:00-07:00,8.936170212765957
2022-03-15T19:15-07:00,1.9337016574585595
2022-03-15T19:30-07:00,6.083086053412458
2022-03-15T19:45-07:00,10.01540832049306
2022-03-15T20:00-07:00,9.298780487804883
2022-03-15T20:15-07:00,15.14242878560719
2022-03-15T20:30-07:00,10.802919708029192
2022-03-15T20:45-07:00,10.534846029173416
2022-03-15T21:00-07:00,12.775330396475772
2022-03-15T21:15-07:00,12.042682926829274
2022-03-15T21:30-07:00,13.343328335832078
2022-03-15T21:45-07:00,3.8793103448275863
2022-03-15T22:00-07:00,2.6785714285714284
2022-03-15T22:15-07:00,13.129770992366407
2022-03-15T22:30-07:00,9.132420091324201
2022-03-15T22:45-07:00,11.030478955007261
2022-03-15T23:00-07:00,9.47867298578199
2022-03-15T23:15-07:00,10.334346504559266
2022-03-15T23:30-07:00,11.461318051575928
2022-03-15T23:45-07:00,12.405446293494709
2022-03-16T00:00-07:00,13.488372093023257
2022-03-16T00:15-07:00,11.290322580645157
2022-03-16T00:30-07:00,7.488986784140969
2022-03-16T00:45-07:00,13.589364844903985
2022-03-16T01:00-07:00,7.538461538461544
2022-03-16T01:15-07:00,12.721893491124256
2022-03-16T01:30-07:00,3.4586466165413494
2022-03-16T01:45-07:00,12.775330396475772
2022-03-16T02:00-07:00,12.908242612752716
2022-03-16T02:15-07:00,11.585365853658542
2022-03-16T02:30-07:00,10.937500000000005
2022-03-16T02:45-07:00,6.015037593984967
2022-03-16T03:00-07:00,5.109489051094886
2022-03-16T03:15-07:00,10.0
2022-03-16T03:30-07:00,13.08411214953271
2022-03-16T03:45-07:00,10.407239819004525
2022-03-16T04:00-07:00,9.44206008583691
2022-03-16T04:15-07:00,2.6200873362445414
2022-03-16T04:30-07:00,10.502958579881652
2022-03-16T04:45-07:00,5.119999999999995
2022-03-16T05:00-07:00,11.77347242921014
2022-03-16T05:15-07:00,11.715481171548117
2022-03-16T05:30-07:00,5.102040816326526
2022-03-16T05:45-07:00,9.516380655226214
2022-03-16T06:00-07:00,13.66459627329193
2022-03-16T06:15-07:00,11.312217194570136
2022-03-16T06:30-07:00,9.663865546218487
2022-03-16T06:45-07:00,4.341317365269457
2022-03-16T07:00-07:00,9.865470852017937
2022-03-16T07:15-07:00,9.953343701399694
2022-03-16T07:30-07:00,12.102874432677755
2022-03-16T07:45-07:00,6.276747503566329
2022-03-16T08:00-07:00,8.600583090379004
2022-03-16T08:15-07:00,14.545454545454545
2022-03-16T08:30-07:00,10.473457675753233
2022-03-16T08:45-07:00,10.000000000000004
2022-03-16T09:00-07:00,4.641350210970464
2022-03-16T09:15-07:00,12.247838616714702
2022-03-16T09:30-07:00,11.323529411764701
2022-03-16T09:45-07:00,12.017167381974248
2022-03-16T10:00-07:00,6.172839506172839
2022-03-16T10:15-07:00,4.138851802403209
2022-03-16T10:30-07:00,7.000000000000004
2022-03-16T10:45-07:00,6.491712707182316
2022-03-16T11:00-07:00,8.732394366197179
2022-03-16T11:15-07:00,2.3776223776223735
2022-03-16T11:30-07:00,7.6
2022-03-16T11:45-07:00,14.407988587731808
2022-03-16T12:00-07:00,9.489051094890506
2022-03-16T12:15-07:00,10.799438990182324
2022-03-16T12:30-07:00,9.276944065484306
2022-03-16T12:45-07:00,0.4048582995951417
2022-03-16T13:00-07:00,9.631728045325774
2022-03-16T13:15-07:00,8.776978417266191
2022-03-16T13:30-07:00,17.977528089887638
2022-03-16T13:45-07:00,12.445095168374822
2022-03-16T14:00-07:00,3.629032258064516
2022-03-16T14:15-07:00,4.651162790697669
2022-03-16T14:30-07:00,12.017167381974248
2022-03-16T14:45-07:00,12.602739726027393
2022-03-16T15:00-07:00,8.155080213903748
2022-03-16T15:15-07:00,13.068181818181815
2022-03-16T15:30-07:00,8.844507845934375
2022-03-16T15:45-07:00,8.12250332889481
2022-03-16T16:00-07:00,2.510460251046025
2022-03-16T16:15-07:00,10.931174089068826
2022-03-16T16:30-07:00,9.59097320169252
2022-03-16T16:45-07:00,11.90798376184033
2022-03-16T17:00-07:00,10.212765957446809
2022-03-16T17:15-07:00,14.718614718614718
2022-03-16T17:30-07:00,2.7137042062415158
2022-03-16T17:45-07:00,13.061224489795919
2022-03-16T18:00-07:00,9.384164222873904
2022-03-16T18:15-07:00,11.977715877437321
2022-03-16T18:30-07:00,10.845070422535207
2022-03-16T18:45-07:00,6.956521739130435
2022-03-16T19:00-07:00,12.385321100917432
2022-03-16T19:15-07:00,6.758620689655177
2022-03-16T19:30-07:00,10.300429184549357
2022-03-16T19:45-07:00,9.29203539823009
2022-03-16T20:00-07:00,3.7313432835820937
2022-03-16T20:15-07:00,8.39580209895052
2022-03-16T20:30-07:00,7.207207207207207
2022-03-16T20:45-07:00,3.835616438356168
2022-03-16T21:00-07:00,2.278820375335117
2022-03-16T21:15-07:00,7.798165137614679
2022-03-16T21:30-07:00,15.068493150684931
2022-03-16T21:45-07:00,9.576138147566724
2022-03-16T22:00-07:00,15.256797583081568
2022-03-16T22:15-07:00,1.1713030746705668
2022-03-16T22:30-07:00,19.018404907975462
2022-03-16T22:45-07:00,12.801204819277112
2022-03-16T23:00-07:00,11.684370257966611
2022-03-16T23:15-07:00,14.485981308411215
2022-03-16T23:30-07:00,8.526011560693638
2022-03-16T23:45-07:00,7.826086956521739
2022-03-17T00:00-07:00,8.638360175695457
2022-03-17T00:15-07:00,14.264036418816394
2022-03-17T00:30-07:00,11.37724550898204
2022-03-17T00:45-07:00,9.145427286356826
2022-03-17T01:00-07:00,8.225108225108226
2022-03-17T01:15-07:00,15.662650602409633
2022-03-17T01:30-07:00,17.331288343558278
2022-03-17T01:45-07:00,13.464447806354004
2022-03-17T02:00-07:00,6.083086053412458
2022-03-17T02:15-07:00,13.157894736842104
2022-03-17T02:30-07:00,12.519809825673539
2022-03-17T02:45-07:00,13.029827315541596
2022-03-17T03:00-07:00,9.66767371601209
2022-03-17T03:15-07:00,11.901306240928887
2022-03-17T03:30-07:00,8.370044052863436
2022-03-17T03:45-07:00,14.17565485362095
2022-03-17T04:00-07:00,13.488372093023257
2022-03-17T04:15-07:00,11.195158850226923
2022-03-17T04:30-07:00,12.023460410557188
2022-03-17T04:45-07:00,4.119318181818178
2022-03-17T05:00-07:00,13.505311077389981
2022-03-17T05:15-07:00,13.909224011713027
2022-03-17T05:30-07:00,11.24807395993837
2022-03-17T05:45-07:00,9.523809523809524
2022-03-17T06:00-07:00,11.62790697674418
2022-03-17T06:15-07:00,11.273792093704241
2022-03-17T06:30-07:00,11.179173047473206
2022-03-17T06:45-07:00,10.687022900763363
2022-03-17T07:00-07:00,8.016877637130802
2022-03-17T07:15-07:00,9.352517985611506
2022-03-17T07:30-07:00,9.67741935483871
2022-03-17T07:45-07:00,15.555555555555555
2022-03-17T08:00-07:00,11.976047904191612
2022-03-17T08:15-07:00,5.852417302798982
2022-03-17T08:30-07:00,2.4495677233429354
2022-03-17T08:45-07:00,6.6725197541703185
2022-03-17T09:00-07:00,7.067669172932327
2022-03-17T09:15-07:00,8.541973490427104
2022-03-17T09:30-07:00,6.530612244897959
2022-03-17T09:45-07:00,2.904564315352697
2022-03-17T10:00-07:00,10.206896551724133
2022-03-17T10:15-07:00,7.786885245901639
2022-03-17T10:30-07:00,6.694560669456067
2022-03-17T10:45-07:00,7.8838174273858925
2022-03-17T11:00-07:00,6.761565836298932
2022-03-17T11:15-07:00,1.273885350318464
2022-03-17T11:30-07:00,13.304721030042918
2022-03-17T11:45-07:00,8.344549125168234
2022-03-17T12:00-07:00,12.482468443197751
2022-03-17T12:15-07:00,12.481203007518793
2022-03-17T12:30-07:00,4.144385026737972
2022-03-17T12:45-07:00,4.619565217391308
2022-03-17T13:00-07:00,14.265335235378037
2022-03-17T13:15-07:00,2.3121387283237036
2022-03-17T13:30-07:00,12.981455064194014
2022-03-17T13:45-07:00,8.906882591093117
2022-03-17T14:00-07:00,18.01152737752161
2022-03-17T14:15-07:00,10.393258426966288
2022-03-17T14:30-07:00,8.938547486033524
2022-03-17T14:45-07:00,15.955983493810173
2022-03-17T15:00-07:00,13.692946058091286
2022-03-17T15:15-07:00,8.355795148247974
2022-03-17T15:30-07:00,8.458390177353337
2022-03-17T15:45-07:00,7.832167832167827
2022-03-17T16:00-07:00,8.88030888030888
2022-03-17T16:15-07:00,1.3458950201884292
2022-03-17T16:30-07:00,7.03125
2022-03-17T16:45-07:00,11.885245901639344
2022-03-17T17:00-07:00,13.274336283185841
2022-03-17T17:15-07:00,8.149171270718227
2022-03-17T17:30-07:00,6.743185078909608
2022-03-17T17:45-07:00,5.6551724137931
2022-03-17T18:00-07:00,3.056768558951965
2022-03-17T18:15-07:00,5.612244897959191
2022-03-17T18:30-07:00,2.5110782865583414
2022-03-17T18:45-07:00,11.403508771929825
2022-03-17T19:00-07:00,10.830860534124634
2022-03-17T19:15-07:00,8.238636363636369
2022-03-17T19:30-07:00,7.191316146540023
2022-03-17T19:45-07:00,3.21285140562249
2022-03-17T20:00-07:00,2.6912181303116185
2022-03-17T20:15-07:00,13.92961876832844
2022-03-17T20:30-07:00,2.9325513196480895
2022-03-17T20:45-07:00,10.549132947976883
2022-03-17T21:00-07:00,2.8875379939209767
2022-03-17T21:15-07:00,8.898305084745763
2022-03-17T21:30-07:00,2.4390243902439024
2022-03-17T21:45-07:00,7.2727272727272725
2022-03-17T22:00-07:00,12.280701754385966
2022-03-17T22:15-07:00,6.086956521739131
2022-03-17T22:30-07:00,12.217194570135746
2022-03-17T22:45-07:00,2.6200873362445414
2022-03-17T23:00-07:00,10.977443609022561
2022-03-17T23:15-07:00,5.676855895196507
2022-03-17T23:30-07:00,11.078717201166185
2022-03-17T23:45-07:00,10.260336906584998
2022-03-18T00:00-07:00,11.028315946348728
2022-03-18T00:15-07:00,8.370044052863436
2022-03-18T00:30-07:00,8.895265423242463
2022-03-18T00:45-07:00,15.348101265822791
2022-03-18T01:00-07:00,11.684370257966611
2022-03-18T01:15-07:00,12.67605633802817
2022-03-18T01:30-07:00,12.609970674486798
2022-03-18T01:45-07:00,4.761904761904762
2022-03-18T02:00-07:00,15.38461538461538
2022-03-18T02:15-07:00,14.220183486238533
2022-03-18T02:30-07:00,8.872180451127814
2022-03-18T02:45-07:00,8.233532934131741
2022-03-18T03:00-07:00,4.741379310344827
2022-03-18T03:15-07:00,14.511041009463717
2022-03-18T03:30-07:00,15.11111111111111
2022-03-18T03:45-07:00,12.618296529968449
2022-03-18T04:00-07:00,7.060518731988477
2022-03-18T04:15-07:00,10.937499999999996
2022-03-18T04:30-07:00,12.307692307692303
2022-03-18T04:45-07:00,14.432989690721644
2022-03-18T05:00-07:00,17.165354330708666
2022-03-18T05:15-07:00,6.382978723404255
2022-03-18T05:30-07:00,8.370044052863436
2022-03-18T05:45-07:00,13.145539906103286
2022-03-18T06:00-07:00,13.761467889908257
2022-03-18T06:15-07:00,12.556053811659194
2022-03-18T06:30-07:00,7.080924855491334
2022-03-18T06:45-07:00,11.987860394537183
2022-03-18T07:00-07:00,14.939024390243897
2022-03-18T07:15-07:00,14.777618364418942
2022-03-18T07:30-07:00,9.212481426448733
2022-03-18T07:45-07:00,8.502024291497976
2022-03-18T08:00-07:00,11.292719167904908
2022-03-18T08:15-07:00,19.81566820276498
2022-03-18T08:30-07:00,11.994002998500743
2022-03-18T08:45-07:00,5.420827389443647
2022-03-18T09:00-07:00,6.429548563611487
2022-03-18T09:15-07:00,10.572687224669604
2022-03-18T09:30-07:00,15.453194650817231
2022-03-18T09:45-07:00,11.764705882352942
2022-03-18T10:00-07:00,3.527815468113972
2022-03-18T10:15-07:00,8.909574468085111
2022-03-18T10:30-07:00,5.80736543909348
2022-03-18T10:45-07:00,8.264462809917354
2022-03-18T11:00-07:00,14.87603305785124
2022-03-18T11:15-07:00,8.55172413793103
2022-03-18T11:30-07:00,10.649350649350641
2022-03-18T11:45-07:00,11.516853932584274
2022-03-18T12:00-07:00,12.068965517241383
2022-03-18T12:15-07:00,11.646586345381525
2022-03-18T12:30-07:00,9.31174089068826
2022-03-18T12:45-07:00,10.8695652173913
2022-03-18T13:00-07:00,4.313725490196078
2022-03-18T13:15-07:00,7.421875
2022-03-18T13:30-07:00,12.955465587044534
2022-03-18T13:45-07:00,7.387862796833769
2022-03-18T14:00-07:00,10.389610389610397
2022-03-18T14:15-07:00,7.182320441988955
2022-03-18T14:30-07:00,18.218623481781375
2022-03-18T14:45-07:00,3.7313432835820897
2022-03-18T15:00-07:00,9.4437257438551
2022-03-18T15:15-07:00,8.628005657708632
2022-03-18T15:30-07:00,14.364640883977895
2022-03-18T15:45-07:00,7.0844686648501405
2022-03-18T16:00-07:00,8.097165991902834
2022-03-18T16:15-07:00,7.982583454281572
2022-03-18T16:30-07:00,7.8838174273858925
2022-03-18T16:45-07:00,0.3952569169960474
2022-03-18T17:00-07:00,3.3163265306122525
2022-03-18T17:15-07:00,3.617945007235894
2022-03-18T17:30-07:00,11.047345767575317
2022-03-18T17:45-07:00,2.005730659025784
2022-03-18T18:00-07:00,6.983240223463683
2022-03-18T18:15-07:00,7.13201820940819
2022-03-18T18:30-07:00,3.8620689655172455
2022-03-18T18:45-07:00,3.708987161198284
2022-03-18T19:00-07:00,5.788712011577428
2022-03-18T19:15-07:00,5.425219941348978
2022-03-18T19:30-07:00,6.389301634472516
2022-03-18T19:45-07:00,9.871244635193133
2022-03-18T20:00-07:00,1.1887072808320909
2022-03-18T20:15-07:00,5.124450951683744
2022-03-18T20:30-07:00,10.229007633587791
2022-03-18T20:45-07:00,13.808801213960551
2022-03-18T21:00-07:00,14.082278481012654
2022-03-18T21:15-07:00,13.233082706766922
2022-03-18T21:30-07:00,9.20679886685552
2022-03-18T21:45-07:00,9.744408945686907
2022-03-18T22:00-07:00,10.156249999999995
2022-03-18T22:15-07:00,11.143695014662761
2022-03-18T22:30-07:00,18.51851851851852
2022-03-18T22:45-07:00,8.701854493580605
2022-03-18T23:00-07:00,6.376360808709171
2022-03-18T23:15-07:00,13.122171945701357
2022-03-18T23:30-07:00,11.598746081504698
2022-03-18T23:45-07:00,10.407239819004525
2022-03-19T00:00-07:00,8.695652173913043
2022-03-19T00:15-07:00,7.022471910112355
2022-03-19T00:30-07:00,8.695652173913048
2022-03-19T00:45-07:00,10.769230769230775
2022-03-19T01:00-07:00,10.222222222222221
2022-03-19T01:15-07:00,11.46408839779005
2022-03-19T01:30-07:00,7.456140350877193
2022-03-19T01:45-07:00,14.511041009463717
2022-03-19T02:00-07:00,7.8778135048231555
2022-03-19T02:15-07:00,10.059171597633132
2022-03-19T02:30-07:00,6.831395348837204
2022-03-19T02:45-07:00,9.789156626506019
2022-03-19T03:00-07:00,13.13432835820896
2022-03-19T03:15-07:00,16.772151898734183
2022-03-19T03:30-07:00,12.481203007518793
2022-03-19T03:45-07:00,3.9513677811550107
2022-03-19T04:00-07:00,14.608433734939764
2022-03-19T04:15-07:00,15.645161290322587
2022-03-19T04:30-07:00,11.818181818181818
2022-03-19T04:45-07:00,7.875185735512625
2022-03-19T05:00-07:00,8.444444444444445
2022-03-19T05:15-07:00,12.444444444444445
2022-03-19T05:30-07:00,8.615384615384611
2022-03-19T05:45-07:00,11.363636363636363
2022-03-19T06:00-07:00,7.379518072289161
2022-03-19T06:15-07:00,8.188976377952761
2022-03-19T06:30-07:00,12.5
2022-03-19T06:45-07:00,11.846153846153841
2022-03-19T07:00-07:00,12.981455064194014
2022-03-19T07:15-07:00,3.170028818443808
2022-03-19T07:30-07:00,16.41104294478527
2022-03-19T07:45-07:00,1.8518518518518519
2022-03-19T08:00-07:00,18.61538461538462
2022-03-19T08:15-07:00,1.9316493313521588
2022-03-19T08:30-07:00,20.182094081942342
2022-03-19T08:45-07:00,3.8632986627043047
2022-03-19T09:00-07:00,10.879284649776459
2022-03-19T09:15-07:00,5.109489051094886
2022-03-19T09:30-07:00,3.5211267605633845
2022-03-19T09:45-07:00,10.52631578947368
2022-03-19T10:00-07:00,11.959654178674347
2022-03-19T10:15-07:00,5.681818181818187
2022-03-19T10:30-07:00,3.314121037463973
2022-03-19T10:45-07:00,7.30593607305936
2022-03-19T11:00-07:00,13.777777777777779
2022-03-19T11:15-07:00,4.671532846715324
2022-03-19T11:30-07:00,6.4649243466299815
2022-03-19T11:45-07:00,12.775330396475772
2022-03-19T12:00-07:00,10.07194244604317
2022-03-19T12:15-07:00,12.61538461538462
2022-03-19T12:30-07:00,6.1971830985915455
2022-03-19T12:45-07:00,7.412587412587408
2022-03-19T13:00-07:00,2.219140083217757
2022-03-19T13:15-07:00,11.73020527859237
2022-03-19T13:30-07:00,7.890743550834603
2022-03-19T13:45-07:00,11.255411255411255
2022-03-19T14:00-07:00,5.32374100719425
2022-03-19T14:15-07:00,5.610098176718097
2022-03-19T14:30-07:00,10.029940119760484
2022-03-19T14:45-07:00,4.034582132564846
2022-03-19T15:00-07:00,6.912442396313364
2022-03-19T15:15-07:00,5.02092050209205
2022-03-19T15:30-07:00,3.249630723781393
2022-03-19T15:45-07:00,7.981927710843368
2022-03-19T16:00-07:00,11.47540983606557
2022-03-19T16:15-07:00,10.13615733736763
2022-03-19T16:30-07:00,12.611275964391696
2022-03-19T16:45-07:00,7.386363636363641
2022-03-19T17:00-07:00,10.215827338129492
2022-03-19T17:15-07:00,5.279503105590067
2022-03-19T17:30-07:00,8.620689655172415
2022-03-19T17:45-07:00,2.7027027027027066
2022-03-19T18:00-07:00,4.602510460251046
2022-03-19T18:15-07:00,10.350318471337575
2022-03-19T18:30-07:00,10.995542347696874
2022-03-19T18:45-07:00,8.345752608047686
2022-03-19T19:00-07:00,3.4770514603616176
2022-03-19T19:15-07:00,14.009661835748792
2022-03-19T19:30-07:00,14.027149321266968
2022-03-19T19:45-07:00,7.1646341463414585
2022-03-19T20:00-07:00,12.97071129707113
2022-03-19T20:15-07:00,2.489019033674959
2022-03-19T20:30-07:00,13.242009132420092
2022-03-19T20:45-07:00,11.47540983606557
2022-03-19T21:00-07:00,5.074626865671647
2022-03-19T21:15-07:00,10.091743119266056
2022-03-19T21:30-07:00,10.468750000000005
2022-03-19T21:45-07:00,16.481774960380342
2022-03-19T22:00-07:00,14.814814814814815
2022-03-19T22:15-07:00,10.059171597633132
2022-03-19T22:30-07:00,8.974358974358974
2022-03-19T22:45-07:00,14.719999999999994
2022-03-19T23:00-07:00,11.846153846153841
2022-03-19T23:15-07:00,7.468879668049793
2022-03-19T23:30-07:00,8.116385911179169
2022-03-19T23:45-07:00,8.271787296898076
2022-03-20T00:00-07:00,14.913657770800622
2022-03-20T00:15-07:00,8.474576271186441
2022-03-20T00:30-07:00,6.734992679355789
2022-03-20T00:45-07:00,13.777089783281728
2022-03-20T01:00-07:00,6.787330316742081
2022-03-20T01:15-07:00,12.444444444444445
2022-03-20T01:30-07:00,4.069767441860469
2022-03-20T01:45-07:00,14.984227129337533
2022-03-20T02:00-07:00,14.615384615384611
2022-03-20T02:15-07:00,11.24620060790273
2022-03-20T02:30-07:00,4.227405247813407
2022-03-20T02:45-07:00,3.9130434782608696
2022-03-20T03:00-07:00,10.759493670886071
2022-03-20T03:15-07:00,8.737864077669903
2022-03-20T03:30-07:00,14.199395770392755
2022-03-20T03:45-07:00,7.82865583456425
2022-03-20T04:00-07:00,15.846153846153852
2022-03-20T04:15-07:00,7.519999999999994
2022-03-20T04:30-07:00,10.138248847926267
2022-03-20T04:45-07:00,9.999999999999996
2022-03-20T05:00-07:00,8.035714285714286
2022-03-20T05:15-07:00,12.992700729927002
2022-03-20T05:30-07:00,16.949152542372875
2022-03-20T05:45-07:00,8.450704225352112
2022-03-20T06:00-07:00,11.326378539493298
2022-03-20T06:15-07:00,7.246376811594203
2022-03-20T06:30-07:00,16.666666666666668
2022-03-20T06:45-07:00,9.779179810725546
2022-03-20T07:00-07:00,10.294117647058828
2022-03-20T07:15-07:00,8.088235294117652
2022-03-20T07:30-07:00,16.017964071856284
2022-03-20T07:45-07:00,13.713405238828962
2022-03-20T08:00-07:00,2.5718608169440196
2022-03-20T08:15-07:00,10.000000000000004
2022-03-20T08:30-07:00,9.006211180124229
2022-03-20T08:45-07:00,9.309791332263249
2022-03-20T09:00-07:00,11.627906976744185
2022-03-20T09:15-07:00,7.65895953757225
2022-03-20T09:30-07:00,9.00900900900901
2022-03-20T09:45-07:00,10.267857142857142
2022-03-20T10:00-07:00,7.6923076923076925
2022-03-20T10:15-07:00,7.022471910112355
2022-03-20T10:30-07:00,6.906077348066294
2022-03-20T10:45-07:00,11.764705882352942
2022-03-20T11:00-07:00,7.456140350877193
2022-03-20T11:15-07:00,15.588235294117652
2022-03-20T11:30-07:00,8.733624454148472
2022-03-20T11:45-07:00,10.574018126888223
2022-03-20T12:00-07:00,11.692307692307697
2022-03-20T12:15-07:00,10.365853658536581
2022-03-20T12:30-07:00,14.432989690721644
2022-03-20T12:45-07:00,8.701854493580605
2022-03-20T13:00-07:00,5.531914893617022
2022-03-20T13:15-07:00,10.502958579881652
2022-03-20T13:30-07:00,7.462686567164174
2022-03-20T13:45-07:00,12.884333821376286
2022-03-20T14:00-07:00,12.537764350453168
2022-03-20T14:15-07:00,11.416781292984865
2022-03-20T14:30-07:00,6.756756756756757
2022-03-20T14:45-07:00,7.256894049346875
2022-03-20T15:00-07:00,6.193353474320237
2022-03-20T15:15-07:00,6.734992679355789
2022-03-20T15:30-07:00,10.458452722063042
2022-03-20T15:45-07:00,6.967213114754099
2022-03-20T16:00-07:00,13.017751479289945
2022-03-20T16:15-07:00,9.365558912386703
2022-03-20T16:30-07:00,1.464128843338218
2022-03-20T16:45-07:00,5.057803468208088
2022-03-20T17:00-07:00,6.567164179104473
2022-03-20T17:15-07:00,5.706134094151217
2022-03-20T17:30-07:00,5.1748251748251795
2022-03-20T17:45-07:00,11.875000000000005
2022-03-20T18:00-07:00,7.894736842105263
2022-03-20T18:15-07:00,7.073954983922824
2022-03-20T18:30-07:00,9.210526315789474
2022-03-20T18:45-07:00,7.982583454281572
2022-03-20T19:00-07:00,15.137614678899082
2022-03-20T19:15-07:00,5.633802816901408
2022-03-20T19:30-07:00,14.586466165413539
2022-03-20T19:45-07:00,6.396255850234005
2022-03-20T20:00-07:00,4.9295774647887285
2022-03-20T20:15-07:00,5.109489051094886
2022-03-20T20:30-07:00,13.313161875945541
2022-03-20T20:45-07:00,9.389671361502348
2022-03-20T21:00-07:00,14.984227129337533
2022-03-20T21:15-07:00,5.907780979827084
2022-03-20T21:30-07:00,8.88888888888889
2022-03-20T21:45-07:00,13.92961876832844
2022-03-20T22:00-07:00,12.031249999999995
2022-03-20T22:15-07:00,14.21725239616613
2022-03-20T22:30-07:00,15.277777777777779
2022-03-20T22:45-07:00,3.2689450222882654
2022-03-20T23:00-07:00,15.128593040847205
2022-03-20T23:15-07:00,11.49606299212599
2022-03-20T23:30-07:00,16.129032258064516
2022-03-20T23:45-07:00,4.8034934497816595
2022-03-21T00:00-07:00,5.357142857142857
2022-03-21T00:15-07:00,15.582450832072622
2022-03-21T00:30-07:00,11.516034985422746
2022-03-21T00:45-07:00,9.867452135493377
2022-03-21T01:00-07:00,11.866859623733724
2022-03-21T01:15-07:00,7.796101949025492
2022-03-21T01:30-07:00,12.556053811659194
2022-03-21T01:45-07:00,10.985460420032304
2022-03-21T02:00-07:00,11.160714285714286
2022-03-21T02:15-07:00,11.390532544378694
2022-03-21T02:30-07:00,11.287758346581871
2022-03-21T02:45-07:00,14.961832061068696
2022-03-21T03:00-07:00,7.656250000000004
2022-03-21T03:15-07:00,6.808510638297872
2022-03-21T03:30-07:00,8.256880733944953
2022-03-21T03:45-07:00,15.68047337278107
2022-03-21T04:00-07:00,10.045662100456621
2022-03-21T04:15-07:00,10.31390134529148
2022-03-21T04:30-07:00,5.547445255474448
2022-03-21T04:45-07:00,8.938547486033524
2022-03-21T05:00-07:00,13.953488372093023
2022-03-21T05:15-07:00,13.83458646616541
2022-03-21T05:30-07:00,5.504587155963303
2022-03-21T05:45-07:00,2.1645021645021645
2022-03-21T06:00-07:00,14.0
2022-03-21T06:15-07:00,10.5421686746988
2022-03-21T06:30-07:00,14.220183486238533
2022-03-21T06:45-07:00,7.954545454545451
2022-03-21T07:00-07:00,10.263522884882104
2022-03-21T07:15-07:00,5.045871559633028
2022-03-21T07:30-07:00,4.174067495559508
2022-03-21T07:45-07:00,1.1818181818181765
2022-03-21T08:00-07:00,6.866952789699571
2022-03-21T08:15-07:00,5.835543766578249
2022-03-21T08:30-07:00,11.82197496522949
2022-03-21T08:45-07:00,9.049773755656108
2022-03-21T09:00-07:00,6.729475100942122
2022-03-21T09:15-07:00,8.104196816208388
2022-03-21T09:30-07:00,12.301587301587302
2022-03-21T09:45-07:00,14.450867052023126
2022-03-21T10:00-07:00,5.394736842105258
2022-03-21T10:15-07:00,2.4804177545691943
2022-03-21T10:30-07:00,10.483870967741936
2022-03-21T10:45-07:00,7.050359712230221
2022-03-21T11:00-07:00,9.712837837837832
2022-03-21T11:15-07:00,8.130081300813009
2022-03-21T11:30-07:00,9.600997506234423
2022-03-21T11:45-07:00,15.320334261838434
2022-03-21T12:00-07:00,10.393258426966288
2022-03-21T12:15-07:00,13.53591160220994
2022-03-21T12:30-07:00,9.640287769784178
2022-03-21T12:45-07:00,5.8774834437086145
2022-03-21T13:00-07:00,12.60623229461756
2022-03-21T13:15-07:00,10.57023643949931
2022-03-21T13:30-07:00,13.037249283667627
2022-03-21T13:45-07:00,14.0
2022-03-21T14:00-07:00,13.675213675213675
2022-03-21T14:15-07:00,3.5714285714285667
2022-03-21T14:30-07:00,12.608695652173912
2022-03-21T14:45-07:00,8.695652173913043
2022-03-21T15:00-07:00,15.760869565217387
2022-03-21T15:15-07:00,13.114754098360656
2022-03-21T15:30-07:00,10.123239436619713
2022-03-21T15:45-07:00,15.672676837725376
2022-03-21T16:00-07:00,4.184457728437229
2022-03-21T16:15-07:00,11.732605729877212
2022-03-21T16:30-07:00,6.437125748502999
2022-03-21T16:45-07:00,11.36690647482015
2022-03-21T17:00-07:00,8.571428571428571
2022-03-21T17:15-07:00,9.28882438316401
2022-03-21T17:30-07:00,5.451936872309894
2022-03-21T17:45-07:00,6.954102920723223
2022-03-21T18:00-07:00,9.090909090909086
2022-03-21T18:15-07:00,13.430656934306564
2022-03-21T18:30-07:00,11.73913043478261
2022-03-21T18:45-07:00,6.818181818181818
2022-03-21T19:00-07:00,6.110283159463483
2022-03-21T19:15-07:00,10.142857142857137
2022-03-21T19:30-07:00,6.5088757396449655
2022-03-21T19:45-07:00,14.586466165413539
2022-03-21T20:00-07:00,8.029197080291976
2022-03-21T20:15-07:00,7.379518072289161
2022-03-21T20:30-07:00,5.475504322766565
2022-03-21T20:45-07:00,1.5558698727015519
2022-03-21T21:00-07:00,9.680451127819543
2022-03-21T21:15-07:00,10.72555205047318
2022-03-21T21:30-07:00,12.330827067669178
2022-03-21T21:45-07:00,4.33566433566434
2022-03-21T22:00-07:00,5.90979782270606
2022-03-21T22:15-07:00,8.796296296296296
2022-03-21T22:30-07:00,11.737804878048776
2022-03-21T22:45-07:00,12.801204819277112
2022-03-21T23:00-07:00,12.732919254658391
2022-03-21T23:15-07:00,4.651162790697675
2022-03-21T23:30-07:00,21.124620060790274
2022-03-21T23:45-07:00,7.8341013824884795
2022-03-22T00:00-07:00,14.139941690962104
2022-03-22T00:15-07:00,5.055147058823524
2022-03-22T00:30-07:00,5.857740585774058
2022-03-22T00:45-07:00,5.437788018433185
2022-03-22T01:00-07:00,7.044410413476268
2022-03-22T01:15-07:00,9.789156626506019
2022-03-22T01:30-07:00,15.315315315315315
2022-03-22T01:45-07:00,7.910447761194025
2022-03-22T02:00-07:00,14.798206278026905
2022-03-22T02:15-07:00,16.640502354788072
2022-03-22T02:30-07:00,5.8453237410072
2022-03-22T02:45-07:00,8.567208271787303
2022-03-22T03:00-07:00,8.4070796460177
2022-03-22T03:15-07:00,13.106796116504855
2022-03-22T03:30-07:00,10.260336906584998
2022-03-22T03:45-07:00,15.695067264573991
2022-03-22T04:00-07:00,3.508771929824561
2022-03-22T04:15-07:00,18.08510638297872
2022-03-22T04:30-07:00,10.104011887072803
2022-03-22T04:45-07:00,11.617647058823534
2022-03-22T05:00-07:00,4.090909090909091
2022-03-22T05:15-07:00,6.344827586206901
2022-03-22T05:30-07:00,13.181818181818182
2022-03-22T05:45-07:00,9.198813056379818
2022-03-22T06:00-07:00,17.15160796324656
2022-03-22T06:15-07:00,9.631728045325774
2022-03-22T06:30-07:00,8.219178082191782
2022-03-22T06:45-07:00,8.219178082191782
2022-03-22T07:00-07:00,12.22056631892698
2022-03-22T07:15-07:00,14.570552147239258
2022-03-22T07:30-07:00,10.85972850678733
2022-03-22T07:45-07:00,12.102874432677755
2022-03-22T08:00-07:00,7.678075855689183
2022-03-22T08:15-07:00,16.326530612244902
2022-03-22T08:30-07:00,5.603448275862069
2022-03-22T08:45-07:00,9.051724137931034
2022-03-22T09:00-07:00,11.016949152542374
2022-03-22T09:15-07:00,10.222222222222221
2022-03-22T09:30-07:00,11.994219653179186
2022-03-22T09:45-07:00,10.619469026548673
2022-03-22T10:00-07:00,14.937759336099585
2022-03-22T10:15-07:00,6.4248704663212495
2022-03-22T10:30-07:00,12.4
2022-03-22T10:45-07:00,12.173913043478262
2022-03-22T11:00-07:00,2.1822849807445515
2022-03-22T11:15-07:00,7.497820401046213
2022-03-22T11:30-07:00,7.113543091655272
2022-03-22T11:45-07:00,7.832167832167827
2022-03-22T12:00-07:00,9.090909090909086
2022-03-22T12:15-07:00,7.56533700137552
2022-03-22T12:30-07:00,12.60623229461756
2022-03-22T12:45-07:00,1.968503937007874
2022-03-22T13:00-07:00,14.247669773635149
2022-03-22T13:15-07:00,10.146862483311086
2022-03-22T13:30-07:00,14.008321775312062
2022-03-22T13:45-07:00,8.05084745762712
2022-03-22T14:00-07:00,4.868421052631583
2022-03-22T14:15-07:00,7.387862796833769
2022-03-22T14:30-07:00,10.152990264255916
2022-03-22T14:45-07:00,7.506702412868629
2022-03-22T15:00-07:00,1.976284584980237
2022-03-22T15:15-07:00,3.6671368124118433
2022-03-22T15:30-07:00,11.798561151079141
2022-03-22T15:45-07:00,9.370629370629375
2022-03-22T16:00-07:00,9.01162790697674
2022-03-22T16:15-07:00,10.970464135021096
2022-03-22T16:30-07:00,11.440677966101696
2022-03-22T16:45-07:00,10.743801652892563
2022-03-22T17:00-07:00,3.527815468113972
2022-03-22T17:15-07:00,5.235602094240842
2022-03-22T17:30-07:00,11.94029850746269
2022-03-22T17:45-07:00,11.647727272727277
2022-03-22T18:00-07:00,9.24608819345661
2022-03-22T18:15-07:00,7.210031347962388
2022-03-22T18:30-07:00,13.09352517985612
2022-03-22T18:45-07:00,14.202049780380678
2022-03-22T19:00-07:00,15.050651230101296
2022-03-22T19:15-07:00,8.491947291361646
2022-03-22T19:30-07:00,1.2987012987012911
2022-03-22T19:45-07:00,11.607142857142858
2022-03-22T20:00-07:00,14.756446991404017
2022-03-22T20:15-07:00,14.826021180030251
2022-03-22T20:30-07:00,7.6923076923076925
2022-03-22T20:45-07:00,15.014577259475224
2022-03-22T21:00-07:00,8.128834355828216
2022-03-22T21:15-07:00,10.0
2022-03-22T21:30-07:00,11.901081916537862
2022-03-22T21:45-07:00,13.642960812772138
2022-03-22T22:00-07:00,17.119999999999994
2022-03-22T22:15-07:00,12.393162393162394
2022-03-22T22:30-07:00,7.142857142857143
2022-03-22T22:45-07:00,5.381165919282512
2022-03-22T23:00-07:00,12.44094488188977
2022-03-22T23:15-07:00,13.529411764705879
2022-03-22T23:30-07:00,13.010590015128587
2022-03-22T23:45-07:00,13.063063063063064
2022-03-23T00:00-07:00,2.8443113772455133
2022-03-23T00:15-07:00,2.657342657342661
2022-03-23T00:30-07:00,8.087091757387252
2022-03-23T00:45-07:00,6.824925816023744
2022-03-23T01:00-07:00,6.654512306289876
2022-03-23T01:15-07:00,12.0
2022-03-23T01:30-07:00,7.659574468085107
2022-03-23T01:45-07:00,3.375912408759119
2022-03-23T02:00-07:00,13.716814159292035
2022-03-23T02:15-07:00,15.217391304347823
2022-03-23T02:30-07:00,15.451895043731783
2022-03-23T02:45-07:00,8.296943231441048
2022-03-23T03:00-07:00,10.628742514970055
2022-03-23T03:15-07:00,14.485981308411215
2022-03-23T03:30-07:00,13.670133729569088
2022-03-23T03:45-07:00,10.24096385542168
2022-03-23T04:00-07:00,12.272727272727273
2022-03-23T04:15-07:00,6.0606060606060606
2022-03-23T04:30-07:00,10.928143712574856
2022-03-23T04:45-07:00,12.037037037037036
2022-03-23T05:00-07:00,12.217194570135746
2022-03-23T05:15-07:00,7.417582417582418
2022-03-23T05:30-07:00,11.857142857142852
2022-03-23T05:45-07:00,14.220183486238533
2022-03-23T06:00-07:00,11.028037383177564
2022-03-23T06:15-07:00,15.178571428571429
2022-03-23T06:30-07:00,14.01574803149606
2022-03-23T06:45-07:00,4.7887323943662015
2022-03-23T07:00-07:00,15.214180206794687
2022-03-23T07:15-07:00,10.381679389312971
2022-03-23T07:30-07:00,15.41984732824427
2022-03-23T07:45-07:00,7.762557077625571
2022-03-23T08:00-07:00,10.769230769230765
2022-03-23T08:15-07:00,9.361702127659575
2022-03-23T08:30-07:00,11.516034985422746
2022-03-23T08:45-07:00,14.626865671641786
2022-03-23T09:00-07:00,13.808139534883717
2022-03-23T09:15-07:00,12.017167381974248
2022-03-23T09:30-07:00,1.7761989342806446
2022-03-23T09:45-07:00,14.718614718614718
2022-03-23T10:00-07:00,9.766763848396506
2022-03-23T10:15-07:00,14.630681818181824
2022-03-23T10:30-07:00,9.40665701881331
2022-03-23T10:45-07:00,23.503649635036492
2022-03-23T11:00-07:00,6.382978723404255
2022-03-23T11:15-07:00,12.198391420911532
2022-03-23T11:30-07:00,4.473684210526316
2022-03-23T11:45-07:00,13.684210526315795
2022-03-23T12:00-07:00,4.032258064516129
2022-03-23T12:15-07:00,9.31174089068826
2022-03-23T12:30-07:00,9.999999999999996
2022-03-23T12:45-07:00,11.468531468531472
2022-03-23T13:00-07:00,8.810572687224669
2022-03-23T13:15-07:00,7.793923381770141
2022-03-23T13:30-07:00,2.5710419485791647
2022-03-23T13:45-07:00,13.610315186246414
2022-03-23T14:00-07:00,10.215827338129492
2022-03-23T14:15-07:00,13.07371349095967
2022-03-23T14:30-07:00,12.391930835734865
2022-03-23T14:45-07:00,9.999999999999996
2022-03-23T15:00-07:00,9.943181818181824
2022-03-23T15:15-07:00,7.001321003963008
2022-03-23T15:30-07:00,6.751054852320675
2022-03-23T15:45-07:00,11.081441922563414
2022-03-23T16:00-07:00,11.814345991561181
2022-03-23T16:15-07:00,4.057591623036654
2022-03-23T16:30-07:00,4.661016949152542
2022-03-23T16:45-07:00,8.155080213903748
2022-03-23T17:00-07:00,7.523939808481537
2022-03-23T17:15-07:00,0.8403361344537815
2022-03-23T17:30-07:00,6.683804627249358
2022-03-23T17:45-07:00,5.240174672489083
2022-03-23T18:00-07:00,5.555555555555555
2022-03-23T18:15-07:00,10.222222222222221
2022-03-23T18:30-07:00,3.591160220994471
2022-03-23T18:45-07:00,10.480349344978166
2022-03-23T19:00-07:00,7.060518731988477
2022-03-23T19:15-07:00,11.28284389489954
2022-03-23T19:30-07:00,10.225563909774431
2022-03-23T19:45-07:00,15.21084337349397
2022-03-23T20:00-07:00,10.042432814710038
2022-03-23T20:15-07:00,6.762589928057549
2022-03-23T20:30-07:00,1.8705035971223063
2022-03-23T20:45-07:00,9.295774647887324
2022-03-23T21:00-07:00,6.408345752608053
2022-03-23T21:15-07:00,15.249266862170083
2022-03-23T21:30-07:00,7.332722273143911
2022-03-23T21:45-07:00,12.16617210682493
2022-03-23T22:00-07:00,8.196721311475414
2022-03-23T22:15-07:00,7.089552238805965
2022-03-23T22:30-07:00,11.585365853658542
2022-03-23T22:45-07:00,11.879699248120305
2022-03-23T23:00-07:00,10.648148148148149
2022-03-23T23:15-07:00,11.764705882352942
2022-03-23T23:30-07:00,9.865470852017937
2022-03-23T23:45-07:00,10.031347962382451
2022-03-24T00:00-07:00,11.631419939577034
2022-03-24T00:15-07:00,8.079268292682922
2022-03-24T00:30-07:00,18.910741301058998
2022-03-24T00:45-07:00,9.781021897810223
2022-03-24T01:00-07:00,7.078313253012043
2022-03-24T01:15-07:00,9.38461538461539
2022-03-24T01:30-07:00,16.956521739130434
2022-03-24T01:45-07:00,7.017543859649122
2022-03-24T02:00-07:00,16.666666666666668
2022-03-24T02:15-07:00,3.4124629080118654
2022-03-24T02:30-07:00,8.936170212765957
2022-03-24T02:45-07:00,15.197568389057755
2022-03-24T03:00-07:00,12.390670553935864
2022-03-24T03:15-07:00,12.5
2022-03-24T03:30-07:00,13.224368499257052
2022-03-24T03:45-07:00,3.5398230088495577
2022-03-24T04:00-07:00,12.443778110944523
2022-03-24T04:15-07:00,11.49606299212599
2022-03-24T04:30-07:00,11.51079136690647
2022-03-24T04:45-07:00,10.44117647058823
2022-03-24T05:00-07:00,5.1063829787234045
2022-03-24T05:15-07:00,9.502262443438914
2022-03-24T05:30-07:00,9.131736526946113
2022-03-24T05:45-07:00,12.844036697247706
2022-03-24T06:00-07:00,11.63859111791731
2022-03-24T06:15-07:00,8.547008547008547
2022-03-24T06:30-07:00,16.970546984572234
2022-03-24T06:45-07:00,8.575803981623272
2022-03-24T07:00-07:00,19.069767441860463
2022-03-24T07:15-07:00,4.624277456647395
2022-03-24T07:30-07:00,9.049773755656108
2022-03-24T07:45-07:00,0.7082152974504209
2022-03-24T08:00-07:00,13.62275449101797
2022-03-24T08:15-07:00,10.258697591436212
2022-03-24T08:30-07:00,6.529516994633267
2022-03-24T08:45-07:00,13.199426111908172
2022-03-24T09:00-07:00,3.3333333333333335
2022-03-24T09:15-07:00,5.631868131868128
2022-03-24T09:30-07:00,14.545454545454545
2022-03-24T09:45-07:00,7.8549848942598235
2022-03-24T10:00-07:00,14.899713467048707
2022-03-24T10:15-07:00,4.728789986091798
2022-03-24T10:30-07:00,9.052924791086346
2022-03-24T10:45-07:00,2.5401069518716612
2022-03-24T11:00-07:00,8.033240997229921
2022-03-24T11:15-07:00,10.526315789473689
2022-03-24T11:30-07:00,11.016949152542374
2022-03-24T11:45-07:00,10.79545454545455
2022-03-24T12:00-07:00,7.554945054945059
2022-03-24T12:15-07:00,10.526315789473685
2022-03-24T12:30-07:00,3.8107752956635967
2022-03-24T12:45-07:00,3.658536585365854
2022-03-24T13:00-07:00,8.097165991902834
2022-03-24T13:15-07:00,10.991957104557645
2022-03-24T13:30-07:00,6.347826086956516
2022-03-24T13:45-07:00,12.921348314606737
2022-03-24T14:00-07:00,3.8427947598253325
2022-03-24T14:15-07:00,9.466437177280557
2022-03-24T14:30-07:00,5.807002561912901
2022-03-24T14:45-07:00,8.521739130434788
2022-03-24T15:00-07:00,9.947643979057592
2022-03-24T15:15-07:00,8.867667121418823
2022-03-24T15:30-07:00,6.267029972752048
2022-03-24T15:45-07:00,8.300395256916996
2022-03-24T16:00-07:00,12.936046511627902
2022-03-24T16:15-07:00,11.666666666666666
2022-03-24T16:30-07:00,4.504504504504505
2022-03-24T16:45-07:00,9.881422924901186
2022-03-24T17:00-07:00,8.860759493670885
2022-03-24T17:15-07:00,11.081441922563414
2022-03-24T17:30-07:00,6.4880112834978885
2022-03-24T17:45-07:00,3.846153846153851
2022-03-24T18:00-07:00,1.606425702811245
2022-03-24T18:15-07:00,4.184100418410042
2022-03-24T18:30-07:00,7.296137339055794
2022-03-24T18:45-07:00,12.236286919831224
2022-03-24T19:00-07:00,11.162790697674419
2022-03-24T19:15-07:00,8.538350217076696
2022-03-24T19:30-07:00,7.110438729198179
2022-03-24T19:45-07:00,11.047345767575317
2022-03-24T20:00-07:00,7.232267037552161
2022-03-24T20:15-07:00,3.4482758620689653
2022-03-24T20:30-07:00,6.395348837209298
2022-03-24T20:45-07:00,11.764705882352942
2022-03-24T21:00-07:00,12.173913043478262
2022-03-24T21:15-07:00,10.094637223974768
2022-03-24T21:30-07:00,3.982300884955752
2022-03-24T21:45-07:00,4.252199413489731
2022-03-24T22:00-07:00,14.420062695924761
2022-03-24T22:15-07:00,14.761904761904763
2022-03-24T22:30-07:00,12.932330827067664
2022-03-24T22:45-07:00,11.26126126126126
2022-03-24T23:00-07:00,3.5422343324250645
2022-03-24T23:15-07:00,3.4482758620689613
2022-03-24T23:30-07:00,17.272727272727273
2022-03-24T23:45-07:00,10.271903323262835
2022-03-25T00:00-07:00,14.090909090909092
2022-03-25T00:15-07:00,6.525285481239809
2022-03-25T00:30-07:00,10.764872521246463
2022-03-25T00:45-07:00,15.653495440729488
2022-03-25T01:00-07:00,17.062314540059354
2022-03-25T01:15-07:00,8.422664624808581
2022-03-25T01:30-07:00,17.07317073170732
2022-03-25T01:45-07:00,4.486251808972508
2022-03-25T02:00-07:00,6.60377358490566
2022-03-25T02:15-07:00,8.936825885978433
2022-03-25T02:30-07:00,9.05730129390019
2022-03-25T02:45-07:00,16.591928251121075
2022-03-25T03:00-07:00,14.110429447852756
2022-03-25T03:15-07:00,9.453471196454954
2022-03-25T03:30-07:00,13.383458646616537
2022-03-25T03:45-07:00,12.612612612612613
2022-03-25T04:00-07:00,14.391691394658759
2022-03-25T04:15-07:00,12.191103789126847
2022-03-25T04:30-07:00,5.701754385964913
2022-03-25T04:45-07:00,15.846153846153852
2022-03-25T05:00-07:00,14.285714285714281
2022-03-25T05:15-07:00,11.737804878048776
2022-03-25T05:30-07:00,11.280487804878044
2022-03-25T05:45-07:00,13.461538461538465
2022-03-25T06:00-07:00,1.6393442622950778
2022-03-25T06:15-07:00,18.099547511312217
2022-03-25T06:30-07:00,10.413476263399689
2022-03-25T06:45-07:00,13.973799126637555
2022-03-25T07:00-07:00,6.818181818181818
2022-03-25T07:15-07:00,7.6923076923076925
2022-03-25T07:30-07:00,16.48690292758089
2022-03-25T07:45-07:00,14.912280701754385
2022-03-25T08:00-07:00,9.447674418604645
2022-03-25T08:15-07:00,3.894297635605011
2022-03-25T08:30-07:00,7.017543859649122
2022-03-25T08:45-07:00,6.584362139917696
2022-03-25T09:00-07:00,10.110803324099727
2022-03-25T09:15-07:00,11.47776183644189
2022-03-25T09:30-07:00,18.29787234042553
2022-03-25T09:45-07:00,2.2203245089667
2022-03-25T10:00-07:00,16.08695652173913
2022-03-25T10:15-07:00,8.664772727272732
2022-03-25T10:30-07:00,20.16460905349794
2022-03-25T10:45-07:00,10.762942779291558
2022-03-25T11:00-07:00,17.5
2022-03-25T11:15-07:00,7.627118644067797
2022-03-25T11:30-07:00,4.105960264900666
2022-03-25T11:45-07:00,13.07371349095967
2022-03-25T12:00-07:00,12.751677852348989
2022-03-25T12:15-07:00,10.612244897959183
2022-03-25T12:30-07:00,9.9868593955322
2022-03-25T12:45-07:00,8.51063829787234
2022-03-25T13:00-07:00,7.702349869451693
2022-03-25T13:15-07:00,6.12516644474035
2022-03-25T13:30-07:00,4.081632653061232
2022-03-25T13:45-07:00,9.268929503916445
2022-03-25T14:00-07:00,13.654618473895582
2022-03-25T14:15-07:00,6.998654104979816
2022-03-25T14:30-07:00,7.531380753138075
2022-03-25T14:45-07:00,4.244031830238723
2022-03-25T15:00-07:00,8.443271767810032
2022-03-25T15:15-07:00,6.490066225165568
2022-03-25T15:30-07:00,10.381077529566365
2022-03-25T15:45-07:00,5.898123324396779
2022-03-25T16:00-07:00,6.877579092159555
2022-03-25T16:15-07:00,4.941482444733428
2022-03-25T16:30-07:00,3.3810143042912952
2022-03-25T16:45-07:00,4.775280898876408
2022-03-25T17:00-07:00,4.670329670329675
2022-03-25T17:15-07:00,5.481283422459889
2022-03-25T17:30-07:00,8.05084745762712
2022-03-25T17:45-07:00,2.9372496662216325
2022-03-25T18:00-07:00,6.191117092866761
2022-03-25T18:15-07:00,7.346938775510204
2022-03-25T18:30-07:00,3.125000000000004
2022-03-25T18:45-07:00,5.929919137466303
2022-03-25T19:00-07:00,11.077844311377241
2022-03-25T19:15-07:00,13.571428571428566
2022-03-25T19:30-07:00,6.8807339449541285
2022-03-25T19:45-07:00,14.893617021276595
2022-03-25T20:00-07:00,9.117647058823525
2022-03-25T20:15-07:00,4.215116279069763
2022-03-25T20:30-07:00,11.11111111111111
2022-03-25T20:45-07:00,11.74652241112829
2022-03-25T21:00-07:00,5.263157894736837
2022-03-25T21:15-07:00,10.31390134529148
2022-03-25T21:30-07:00,5.359661495063465
2022-03-25T21:45-07:00,13.731343283582085
2022-03-25T22:00-07:00,8.30815709969789
2022-03-25T22:15-07:00,14.759036144578308
2022-03-25T22:30-07:00,13.169984686064314
2022-03-25T22:45-07:00,8.34512022630834
2022-03-25T23:00-07:00,7.737226277372258
2022-03-25T23:15-07:00,6.392694063926941
2022-03-25T23:30-07:00,12.948517940717624
2022-03-25T23:45-07:00,9.9236641221374
2022-03-26T00:00-07:00,15.970149253731337
2022-03-26T00:15-07:00,8.538350217076696
2022-03-26T00:30-07:00,14.28571428571429
2022-03-26T00:45-07:00,17.4922600619195
2022-03-26T01:00-07:00,12.442396313364055
2022-03-26T01:15-07:00,5.329593267882184
2022-03-26T01:30-07:00,6.666666666666667
2022-03-26T01:45-07:00,8.558558558558559
2022-03-26T02:00-07:00,13.392857142857142
2022-03-26T02:15-07:00,11.656441717791415
2022-03-26T02:30-07:00,10.735294117647063
2022-03-26T02:45-07:00,13.759999999999994
2022-03-26T03:00-07:00,13.871951219512201
2022-03-26T03:15-07:00,13.963963963963964
2022-03-26T03:30-07:00,6.550218340611353
2022-03-26T03:45-07:00,8.618127786032694
2022-03-26T04:00-07:00,11.49606299212599
2022-03-26T04:15-07:00,9.30232558139535
2022-03-26T04:30-07:00,15.805471124620055
2022-03-26T04:45-07:00,5.497771173848444
2022-03-26T05:00-07:00,8.805970149253726
2022-03-26T05:15-07:00,10.452418096723875
2022-03-26T05:30-07:00,14.351145038167942
2022-03-26T05:45-07:00,8.689248895434458
2022-03-26T06:00-07:00,5.393586005830909
2022-03-26T06:15-07:00,16.7987321711569
2022-03-26T06:30-07:00,14.372163388804836
2022-03-26T06:45-07:00,11.009174311926605
2022-03-26T07:00-07:00,8.656716417910452
2022-03-26T07:15-07:00,4.769001490312961
2022-03-26T07:30-07:00,7.762557077625571
2022-03-26T07:45-07:00,9.722222222222221
2022-03-26T08:00-07:00,6.804733727810655
2022-03-26T08:15-07:00,8.951048951048955
2022-03-26T08:30-07:00,10.477657935285048
2022-03-26T08:45-07:00,12.613981762917927
2022-03-26T09:00-07:00,11.128048780487811
2022-03-26T09:15-07:00,7.792207792207792
2022-03-26T09:30-07:00,6.751054852320675
2022-03-26T09:45-07:00,13.274336283185841
2022-03-26T10:00-07:00,12.463343108504404
2022-03-26T10:15-07:00,9.985096870342778
2022-03-26T10:30-07:00,4.735376044568249
2022-03-26T10:45-07:00,13.991163475699553
2022-03-26T11:00-07:00,11.093502377179085
2022-03-26T11:15-07:00,11.02719033232629
2022-03-26T11:30-07:00,7.874015748031492
2022-03-26T11:45-07:00,8.555399719495096
2022-03-26T12:00-07:00,5.022156573116696
2022-03-26T12:15-07:00,7.407407407407407
2022-03-26T12:30-07:00,8.358208955223876
2022-03-26T12:45-07:00,12.5
2022-03-26T13:00-07:00,2.542372881355932
2022-03-26T13:15-07:00,3.810975609756102
2022-03-26T13:30-07:00,8.309859154929573
2022-03-26T13:45-07:00,15.32625189681335
2022-03-26T14:00-07:00,10.624999999999995
2022-03-26T14:15-07:00,12.031249999999995
2022-03-26T14:30-07:00,16.236722306525035
2022-03-26T14:45-07:00,12.917933130699092
2022-03-26T15:00-07:00,9.014084507042257
2022-03-26T15:15-07:00,2.089552238805966
2022-03-26T15:30-07:00,13.302752293577981
2022-03-26T15:45-07:00,12.835820895522383
2022-03-26T16:00-07:00,14.497041420118338
2022-03-26T16:15-07:00,11.49253731343283
2022-03-26T16:30-07:00,13.100436681222707
2022-03-26T16:45-07:00,12.5
2022-03-26T17:00-07:00,8.671328671328666
2022-03-26T17:15-07:00,4.525547445255479
2022-03-26T17:30-07:00,11.688311688311689
2022-03-26T17:45-07:00,12.272727272727273
2022-03-26T18:00-07:00,9.553158705701073
2022-03-26T18:15-07:00,8.108108108108109
2022-03-26T18:30-07:00,10.504201680672269
2022-03-26T18:45-07:00,7.879656160458458
2022-03-26T19:00-07:00,6.437125748502999
2022-03-26T19:15-07:00,11.994002998500743
2022-03-26T19:30-07:00,15.217391304347826
2022-03-26T19:45-07:00,5.85651537335286
2022-03-26T20:00-07:00,5.13196480938416
2022-03-26T20:15-07:00,11.45510835913312
2022-03-26T20:30-07:00,10.574018126888223
2022-03-26T20:45-07:00,9.090909090909086
2022-03-26T21:00-07:00,10.410557184750727
2022-03-26T21:15-07:00,7.658321060382921
2022-03-26T21:30-07:00,12.153846153846159
2022-03-26T21:45-07:00,13.513513513513514
2022-03-26T22:00-07:00,6.774668630338738
2022-03-26T22:15-07:00,13.004484304932735
2022-03-26T22:30-07:00,11.659192825112108
2022-03-26T22:45-07:00,17.35015772870662
2022-03-26T23:00-07:00,11.737089201877934
2022-03-26T23:15-07:00,11.940298507462682
2022-03-26T23:30-07:00,12.622950819672125
2022-03-26T23:45-07:00,13.848396501457723
2022-03-27T00:00-07:00,15.49755301794453
2022-03-27T00:15-07:00,10.142857142857137
2022-03-27T00:30-07:00,15.981735159817351
2022-03-27T00:45-07:00,11.64901664145234
2022-03-27T01:00-07:00,10.28938906752412
2022-03-27T01:15-07:00,9.624060150375945
2022-03-27T01:30-07:00,13.957055214723932
2022-03-27T01:45-07:00,21.7457886676876
2022-03-27T02:00-07:00,7.109004739336493
2022-03-27T02:15-07:00,6.167400881057269
2022-03-27T02:30-07:00,4.992867332382307
2022-03-27T02:45-07:00,11.562499999999995
2022-03-27T03:00-07:00,13.636363636363637
2022-03-27T03:15-07:00,3.5242290748898677
2022-03-27T03:30-07:00,3.3236994219653138
2022-03-27T03:45-07:00,16.589861751152075
2022-03-27T04:00-07:00,7.840000000000004
2022-03-27T04:15-07:00,13.056379821958462
2022-03-27T04:30-07:00,9.212481426448733
2022-03-27T04:45-07:00,11.897106109324753
2022-03-27T05:00-07:00,13.36405529953917
2022-03-27T05:15-07:00,17.142857142857142
2022-03-27T05:30-07:00,8.857142857142852
2022-03-27T05:45-07:00,2.9007633587786303
2022-03-27T06:00-07:00,11.603053435114509
2022-03-27T06:15-07:00,13.260530421216854
2022-03-27T06:30-07:00,10.822510822510823
2022-03-27T06:45-07:00,6.140350877192983
2022-03-27T07:00-07:00,13.20754716981132
2022-03-27T07:15-07:00,9.67741935483871
2022-03-27T07:30-07:00,10.134128166915048
2022-03-27T07:45-07:00,5.85651537335286
2022-03-27T08:00-07:00,12.857142857142858
2022-03-27T08:15-07:00,11.596385542168669
2022-03-27T08:30-07:00,14.586466165413539
2022-03-27T08:45-07:00,6.295754026354324
2022-03-27T09:00-07:00,6.743185078909608
2022-03-27T09:15-07:00,7.963246554364477
2022-03-27T09:30-07:00,17.105263157894736
2022-03-27T09:45-07:00,4.747774480712161
2022-03-27T10:00-07:00,7.7348066298342495
2022-03-27T10:15-07:00,5.660377358490566
2022-03-27T10:30-07:00,10.087719298245615
2022-03-27T10:45-07:00,17.757009345794394
2022-03-27T11:00-07:00,4.735376044568249
2022-03-27T11:15-07:00,12.519083969465653
2022-03-27T11:30-07:00,11.946902654867257
2022-03-27T11:45-07:00,13.793103448275868
2022-03-27T12:00-07:00,9.777777777777779
2022-03-27T12:15-07:00,5.823863636363632
2022-03-27T12:30-07:00,11.659192825112108
2022-03-27T12:45-07:00,11.879699248120305
2022-03-27T13:00-07:00,11.287758346581871
2022-03-27T13:15-07:00,10.0
2022-03-27T13:30-07:00,4.479768786127172
2022-03-27T13:45-07:00,4.196816208393628
2022-03-27T14:00-07:00,14.432989690721644
2022-03-27T14:15-07:00,13.157894736842104
2022-03-27T14:30-07:00,8.056872037914692
2022-03-27T14:45-07:00,9.580838323353298
2022-03-27T15:00-07:00,4.409672830725467
2022-03-27T15:15-07:00,15.279878971255668
2022-03-27T15:30-07:00,8.628659476117098
2022-03-27T15:45-07:00,4.956268221574349
2022-03-27T16:00-07:00,10.973724884080367
2022-03-27T16:15-07:00,3.3823529411764666
2022-03-27T16:30-07:00,7.079646017699115
2022-03-27T16:45-07:00,12.68011527377522
2022-03-27T17:00-07:00,11.755725190839689
2022-03-27T17:15-07:00,13.430656934306564
2022-03-27T17:30-07:00,4.863221884498476
2022-03-27T17:45-07:00,7.525325615050655
2022-03-27T18:00-07:00,7.298136645962728
2022-03-27T18:15-07:00,12.442396313364055
2022-03-27T18:30-07:00,10.714285714285714
2022-03-27T18:45-07:00,7.359307359307359
2022-03-27T19:00-07:00,1.5235457063711872
2022-03-27T19:15-07:00,13.670133729569088
2022-03-27T19:30-07:00,5.434782608695648
2022-03-27T19:45-07:00,12.499999999999995
2022-03-27T20:00-07:00,3.4482758620689653
2022-03-27T20:15-07:00,15.981735159817351
2022-03-27T20:30-07:00,7.451564828614004
2022-03-27T20:45-07:00,9.047619047619047
2022-03-27T21:00-07:00,6.9591527987897175
2022-03-27T21:15-07:00,5.333333333333333
2022-03-27T21:30-07:00,9.810126582278476
2022-03-27T21:45-07:00,17.15160796324656
2022-03-27T22:00-07:00,10.619469026548673
2022-03-27T22:15-07:00,1.9230769230769271
2022-03-27T22:30-07:00,10.952380952380953
2022-03-27T22:45-07:00,10.692771084337345
2022-03-27T23:00-07:00,17.48878923766816
2022-03-27T23:15-07:00,4.733727810650882
2022-03-27T23:30-07:00,17.89940828402367
2022-03-27T23:45-07:00,8.8145896656535
2022-03-28T00:00-07:00,14.814814814814815
2022-03-28T00:15-07:00,5.47945205479452
2022-03-28T00:30-07:00,9.28882438316401
2022-03-28T00:45-07:00,10.407239819004525
2022-03-28T01:00-07:00,16.740088105726873
2022-03-28T01:15-07:00,3.6927621861152184
2022-03-28T01:30-07:00,10.447761194029855
2022-03-28T01:45-07:00,10.526315789473685
2022-03-28T02:00-07:00,11.480362537764355
2022-03-28T02:15-07:00,11.11111111111111
2022-03-28T02:30-07:00,5.531914893617022
2022-03-28T02:45-07:00,13.750000000000004
2022-03-28T03:00-07:00,12.238805970149258
2022-03-28T03:15-07:00,7.8431372549019605
2022-03-28T03:30-07:00,7.792207792207792
2022-03-28T03:45-07:00,11.63859111791731
2022-03-28T04:00-07:00,8.035714285714286
2022-03-28T04:15-07:00,19.62323390894819
2022-03-28T04:30-07:00,13.15789473684211
2022-03-28T04:45-07:00,8.733624454148472
2022-03-28T05:00-07:00,10.806451612903231
2022-03-28T05:15-07:00,13.600000000000005
2022-03-28T05:30-07:00,10.81081081081081
2022-03-28T05:45-07:00,6.382978723404255
2022-03-28T06:00-07:00,8.588957055214719
2022-03-28T06:15-07:00,14.479638009049774
2022-03-28T06:30-07:00,9.672386895475814
2022-03-28T06:45-07:00,7.235890014471775
2022-03-28T07:00-07:00,3.4195933456561867
2022-03-28T07:15-07:00,10.49475262368816
2022-03-28T07:30-07:00,8.433734939759029
2022-03-28T07:45-07:00,11.634349030470915
2022-03-28T08:00-07:00,2.839396628216509
2022-03-28T08:15-07:00,5.98052851182198
2022-03-28T08:30-07:00,9.345794392523358
2022-03-28T08:45-07:00,10.0
2022-03-28T09:00-07:00,6.99001426533524
2022-03-28T09:15-07:00,6.694560669456067
2022-03-28T09:30-07:00,16.8141592920354
2022-03-28T09:45-07:00,6.891495601173015
2022-03-28T10:00-07:00,6.855439642324893
2022-03-28T10:15-07:00,10.369318181818187
2022-03-28T10:30-07:00,7.712765957446813
2022-03-28T10:45-07:00,7.522123893805304
2022-03-28T11:00-07:00,8.11965811965812
2022-03-28T11:15-07:00,8.149171270718227
2022-03-28T11:30-07:00,2.835051546391745
2022-03-28T11:45-07:00,13.63004172461752
2022-03-28T12:00-07:00,9.361702127659575
2022-03-28T12:15-07:00,5.481283422459889
2022-03-28T12:30-07:00,4.527296937416781
2022-03-28T12:45-07:00,8.136094674556217
2022-03-28T13:00-07:00,6.854838709677419
2022-03-28T13:15-07:00,11.678832116788316
2022-03-28T13:30-07:00,4.296875
2022-03-28T13:45-07:00,2.2071307300509386
2022-03-28T14:00-07:00,10.152990264255916
2022-03-28T14:15-07:00,9.002770083102488
2022-03-28T14:30-07:00,5.31468531468531
2022-03-28T14:45-07:00,3.6885245901639343
2022-03-28T15:00-07:00,13.150289017341045
2022-03-28T15:15-07:00,10.67415730337079
2022-03-28T15:30-07:00,12.177650429799431
2022-03-28T15:45-07:00,5.932203389830509
2022-03-28T16:00-07:00,7.299270072992695
2022-03-28T16:15-07:00,11.432706222865416
2022-03-28T16:30-07:00,8.52017937219731
2022-03-28T16:45-07:00,8.26086956521739
2022-03-28T17:00-07:00,2.5449101796407145
2022-03-28T17:15-07:00,11.304347826086957
2022-03-28T17:30-07:00,9.95260663507109
2022-03-28T17:45-07:00,13.037249283667627
2022-03-28T18:00-07:00,4.0
2022-03-28T18:15-07:00,4.073033707865164
2022-03-28T18:30-07:00,7.5872534142640315
2022-03-28T18:45-07:00,13.73801916932907
2022-03-28T19:00-07:00,4.291845493562231
2022-03-28T19:15-07:00,9.658246656760767
2022-03-28T19:30-07:00,15.634674922600613
2022-03-28T19:45-07:00,10.476190476190476
2022-03-28T20:00-07:00,4.400606980273137
2022-03-28T20:15-07:00,9.4224924012158
2022-03-28T20:30-07:00,4.899135446685883
2022-03-28T20:45-07:00,8.605341246290806
2022-03-28T21:00-07:00,12.031249999999995
2022-03-28T21:15-07:00,4.368174726989084
2022-03-28T21:30-07:00,9.172932330827074
2022-03-28T21:45-07:00,14.772727272727277
2022-03-28T22:00-07:00,18.85895404120443
2022-03-28T22:15-07:00,10.886469673405914
2022-03-28T22:30-07:00,8.233532934131741
2022-03-28T22:45-07:00,8.837209302325581
2022-03-28T23:00-07:00,15.721231766612648
2022-03-28T23:15-07:00,12.441679626749606
2022-03-28T23:30-07:00,5.8309037900874685
2022-03-28T23:45-07:00,4.444444444444445
2022-03-29T00:00-07:00,14.786585365853664
2022-03-29T00:15-07:00,14.687500000000004
2022-03-29T00:30-07:00,10.622154779969657
2022-03-29T00:45-07:00,7.796101949025492
2022-03-29T01:00-07:00,14.119601328903661
2022-03-29T01:15-07:00,9.553158705701073
2022-03-29T01:30-07:00,17.377049180327873
2022-03-29T01:45-07:00,3.2689450222882654
2022-03-29T02:00-07:00,7.072368421052637
2022-03-29T02:15-07:00,16.840536512667658
2022-03-29T02:30-07:00,10.741301059001508
2022-03-29T02:45-07:00,8.191653786707878
2022-03-29T03:00-07:00,5.0228310502283104
2022-03-29T03:15-07:00,16.61442006269593
2022-03-29T03:30-07:00,5.339805825242719
2022-03-29T03:45-07:00,12.385321100917432
2022-03-29T04:00-07:00,5.571847507331373
2022-03-29T04:15-07:00,17.263843648208475
2022-03-29T04:30-07:00,13.322632423756016
2022-03-29T04:45-07:00,9.711684370257972
2022-03-29T05:00-07:00,11.634756995581743
2022-03-29T05:15-07:00,11.214953271028037
2022-03-29T05:30-07:00,9.767441860465116
2022-03-29T05:45-07:00,13.106796116504855
2022-03-29T06:00-07:00,5.3435114503816745
2022-03-29T06:15-07:00,7.407407407407407
2022-03-29T06:30-07:00,13.600000000000005
2022-03-29T06:45-07:00,8.580343213728554
2022-03-29T07:00-07:00,6.976744186046512
2022-03-29T07:15-07:00,6.686046511627912
2022-03-29T07:30-07:00,14.598540145985405
2022-03-29T07:45-07:00,10.849056603773585
2022-03-29T08:00-07:00,7.302533532041734
2022-03-29T08:15-07:00,3.0726256983240265
2022-03-29T08:30-07:00,15.558912386706954
2022-03-29T08:45-07:00,7.216494845360829
2022-03-29T09:00-07:00,11.173974540311178
2022-03-29T09:15-07:00,6.027397260273968
2022-03-29T09:30-07:00,15.727002967359056
2022-03-29T09:45-07:00,10.487444608567204
2022-03-29T10:00-07:00,6.772334293948122
2022-03-29T10:15-07:00,5.929919137466303
2022-03-29T10:30-07:00,10.62992125984252
2022-03-29T10:45-07:00,8.417997097242385
2022-03-29T11:00-07:00,11.788617886178862
2022-03-29T11:15-07:00,4.755434782608691
2022-03-29T11:30-07:00,12.052980132450335
2022-03-29T11:45-07:00,14.52095808383234
2022-03-29T12:00-07:00,5.124653739612193
2022-03-29T12:15-07:00,6.995884773662551
2022-03-29T12:30-07:00,4.341926729986428
2022-03-29T12:45-07:00,12.386706948640489
2022-03-29T13:00-07:00,9.127516778523486
2022-03-29T13:15-07:00,9.71428571428571
2022-03-29T13:30-07:00,3.655352480417758
2022-03-29T13:45-07:00,7.26256983240224
2022-03-29T14:00-07:00,6.308724832214761
2022-03-29T14:15-07:00,3.8997214484679703
2022-03-29T14:30-07:00,9.640287769784178
2022-03-29T14:45-07:00,2.1739130434782648
2022-03-29T15:00-07:00,12.992700729927002
2022-03-29T15:15-07:00,14.516129032258064
2022-03-29T15:30-07:00,12.017167381974248
2022-03-29T15:45-07:00,10.146862483311086
2022-03-29T16:00-07:00,9.785522788203759
2022-03-29T16:15-07:00,6.714285714285709
2022-03-29T16:30-07:00,12.603878116343495
2022-03-29T16:45-07:00,3.6984352773826417
2022-03-29T17:00-07:00,6.258322237017306
2022-03-29T17:15-07:00,2.3842917251051854
2022-03-29T17:30-07:00,8.628005657708632
2022-03-29T17:45-07:00,7.310344827586203
2022-03-29T18:00-07:00,13.37209302325581
2022-03-29T18:15-07:00,3.1636863823933936
2022-03-29T18:30-07:00,7.142857142857148
2022-03-29T18:45-07:00,7.623318385650224
2022-03-29T19:00-07:00,17.07317073170732
2022-03-29T19:15-07:00,10.502283105022832
2022-03-29T19:30-07:00,3.5511363636363678
2022-03-29T19:45-07:00,4.741379310344827
2022-03-29T20:00-07:00,9.700427960057057
2022-03-29T20:15-07:00,15.2073732718894
2022-03-29T20:30-07:00,2.865329512893979
2022-03-29T20:45-07:00,4.23600605143722
2022-03-29T21:00-07:00,9.970674486803514
2022-03-29T21:15-07:00,9.354838709677425
2022-03-29T21:30-07:00,9.821428571428571
2022-03-29T21:45-07:00,8.776978417266191
2022-03-29T22:00-07:00,5.523255813953483
2022-03-29T22:15-07:00,13.748191027496377
2022-03-29T22:30-07:00,7.573415765069557
2022-03-29T22:45-07:00,9.20679886685552
2022-03-29T23:00-07:00,6.578947368421052
2022-03-29T23:15-07:00,10.895522388059705
2022-03-29T23:30-07:00,12.01923076923077
2022-03-29T23:45-07:00,6.676342525399134
2022-03-30T00:00-07:00,9.130434782608695
2022-03-30T00:15-07:00,12.557427258805518
2022-03-30T00:30-07:00,15.520000000000005
2022-03-30T00:45-07:00,13.973799126637555
2022-03-30T01:00-07:00,7.142857142857143
2022-03-30T01:15-07:00,7.022471910112355
2022-03-30T01:30-07:00,8.153078202995014
2022-03-30T01:45-07:00,17.8517397881997
2022-03-30T02:00-07:00,8.885542168674693
2022-03-30T02:15-07:00,5.154639175257727
2022-03-30T02:30-07:00,15.031645569620249
2022-03-30T02:45-07:00,8.62068965517242
2022-03-30T03:00-07:00,17.138599105812226
2022-03-30T03:15-07:00,9.090909090909092
2022-03-30T03:30-07:00,17.87365177195685
2022-03-30T03:45-07:00,11.74652241112829
2022-03-30T04:00-07:00,20.454545454545453
2022-03-30T04:15-07:00,4.19161676646707
2022-03-30T04:30-07:00,11.094452773613188
2022-03-30T04:45-07:00,8.227848101265828
2022-03-30T05:00-07:00,13.963963963963964
2022-03-30T05:15-07:00,12.732919254658391
2022-03-30T05:30-07:00,10.056657223796028
2022-03-30T05:45-07:00,14.04958677685951
2022-03-30T06:00-07:00,9.133126934984515
2022-03-30T06:15-07:00,8.064516129032253
2022-03-30T06:30-07:00,7.386363636363641
2022-03-30T06:45-07:00,6.413994169096205
2022-03-30T07:00-07:00,14.329268292682933
2022-03-30T07:15-07:00,9.495548961424337
2022-03-30T07:30-07:00,5.882352941176471
2022-03-30T07:45-07:00,7.794117647058819
2022-03-30T08:00-07:00,16.289592760180994
2022-03-30T08:15-07:00,12.680577849117181
2022-03-30T08:30-07:00,20.704845814977972
2022-03-30T08:45-07:00,5.621301775147924
2022-03-30T09:00-07:00,7.758620689655173
2022-03-30T09:15-07:00,15.100154083204925
2022-03-30T09:30-07:00,11.798561151079141
2022-03-30T09:45-07:00,5.481283422459889
2022-03-30T10:00-07:00,8.81934566145092
2022-03-30T10:15-07:00,7.488986784140969
2022-03-30T10:30-07:00,8.791208791208796
2022-03-30T10:45-07:00,8.583690987124463
2022-03-30T11:00-07:00,8.368200836820083
2022-03-30T11:15-07:00,10.0
2022-03-30T11:30-07:00,13.603473227206951
2022-03-30T11:45-07:00,17.85714285714286
2022-03-30T12:00-07:00,10.13215859030837
2022-03-30T12:15-07:00,7.432432432432437
2022-03-30T12:30-07:00,9.583333333333334
2022-03-30T12:45-07:00,13.881019830028324
2022-03-30T13:00-07:00,10.37344398340249
2022-03-30T13:15-07:00,13.086770981507819
2022-03-30T13:30-07:00,8.641975308641975
2022-03-30T13:45-07:00,9.876543209876543
2022-03-30T14:00-07:00,9.170305676855895
2022-03-30T14:15-07:00,18.48739495798319
2022-03-30T14:30-07:00,10.899182561307898
2022-03-30T14:45-07:00,14.20454545454546
2022-03-30T15:00-07:00,5.084745762711864
2022-03-30T15:15-07:00,13.568521031207602
2022-03-30T15:30-07:00,11.186903137789908
2022-03-30T15:45-07:00,8.844507845934375
2022-03-30T16:00-07:00,10.733695652173918
2022-03-30T16:15-07:00,4.787961696306425
2022-03-30T16:30-07:00,6.374501992031872
2022-03-30T16:45-07:00,9.476661951909481
2022-03-30T17:00-07:00,11.061946902654867
2022-03-30T17:15-07:00,11.465892597968075
2022-03-30T17:30-07:00,2.5316455696202533
2022-03-30T17:45-07:00,1.1220196353436145
2022-03-30T18:00-07:00,11.403508771929825
2022-03-30T18:15-07:00,8.092485549132943
2022-03-30T18:30-07:00,14.372163388804836
2022-03-30T18:45-07:00,2.272727272727273
2022-03-30T19:00-07:00,8.976157082748953
2022-03-30T19:15-07:00,12.04437400950872
2022-03-30T19:30-07:00,15.950920245398768
2022-03-30T19:45-07:00,15.981735159817351
2022-03-30T20:00-07:00,11.611030478955003
2022-03-30T20:15-07:00,9.035222052067377
2022-03-30T20:30-07:00,13.437499999999995
2022-03-30T20:45-07:00,11.889250814332254
2022-03-30T21:00-07:00,15.677966101694915
2022-03-30T21:15-07:00,8.766716196136697
2022-03-30T21:30-07:00,12.957317073170737
2022-03-30T21:45-07:00,11.954765751211626
2022-03-30T22:00-07:00,9.393063583815024
2022-03-30T22:15-07:00,10.69767441860465
2022-03-30T22:30-07:00,13.414634146341468
2022-03-30T22:45-07:00,16.50485436893204
2022-03-30T23:00-07:00,17.080745341614904
2022-03-30T23:15-07:00,7.496251874062963
2022-03-30T23:30-07:00,5.354330708661423
2022-03-30T23:45-07:00,13.023255813953488
2022-03-31T00:00-07:00,10.232558139534884
2022-03-31T00:15-07:00,8.069164265129679
2022-03-31T00:30-07:00,7.441860465116279
2022-03-31T00:45-07:00,11.349693251533736
2022-03-31T01:00-07:00,11.009174311926605
2022-03-31T01:15-07:00,16.852146263910974
2022-03-31T01:30-07:00,14.000000000000005
2022-03-31T01:45-07:00,16.591928251121075
2022-03-31T02:00-07:00,11.538461538461538
2022-03-31T02:15-07:00,17.391304347826082
2022-03-31T02:30-07:00,12.671755725190835
2022-03-31T02:45-07:00,8.383233532934128
2022-03-31T03:00-07:00,16.097560975609756
2022-03-31T03:15-07:00,13.871951219512201
2022-03-31T03:30-07:00,10.69767441860465
2022-03-31T03:45-07:00,11.637931034482758
2022-03-31T04:00-07:00,10.967741935483867
2022-03-31T04:15-07:00,19.344773790951642
2022-03-31T04:30-07:00,9.39490445859872
2022-03-31T04:45-07:00,12.342215988779808
2022-03-31T05:00-07:00,3.5398230088495577
2022-03-31T05:15-07:00,14.398734177215196
2022-03-31T05:30-07:00,14.687500000000004
2022-03-31T05:45-07:00,9.658246656760767
2022-03-31T06:00-07:00,10.134128166915048
2022-03-31T06:15-07:00,12.61980830670927
2022-03-31T06:30-07:00,7.5642965204235955
2022-03-31T06:45-07:00,17.715959004392392
2022-03-31T07:00-07:00,1.5408320493066299
2022-03-31T07:15-07:00,0.9900990099009942
2022-03-31T07:30-07:00,5.873925501432661
2022-03-31T07:45-07:00,10.429447852760731
2022-03-31T08:00-07:00,4.208998548621186
2022-03-31T08:15-07:00,4.160475482912337
2022-03-31T08:30-07:00,16.033755274261605
2022-03-31T08:45-07:00,9.852941176470594
2022-03-31T09:00-07:00,5.8823529411764754
2022-03-31T09:15-07:00,1.3106159895150757
2022-03-31T09:30-07:00,4.621848739495798
2022-03-31T09:45-07:00,9.29203539823009
2022-03-31T10:00-07:00,8.203677510608209
2022-03-31T10:15-07:00,4.795486600846266
2022-03-31T10:30-07:00,17.07317073170731
2022-03-31T10:45-07:00,9.701492537313428
2022-03-31T11:00-07:00,11.587982832618026
2022-03-31T11:15-07:00,3.239436619718306
2022-03-31T11:30-07:00,4.237288135593221
2022-03-31T11:45-07:00,10.126582278481013
2022-03-31T12:00-07:00,20.26431718061674
2022-03-31T12:15-07:00,9.22190201729107
2022-03-31T12:30-07:00,7.826086956521739
2022-03-31T12:45-07:00,3.952569169960474
2022-03-31T13:00-07:00,12.445730824891456
2022-03-31T13:15-07:00,10.38961038961039
2022-03-31T13:30-07:00,9.7165991902834
2022-03-31T13:45-07:00,2.183406113537118
2022-03-31T14:00-07:00,5.103448275862074
2022-03-31T14:15-07:00,9.132420091324201
2022-03-31T14:30-07:00,7.371349095966616
2022-03-31T14:45-07:00,9.663865546218487
2022-03-31T15:00-07:00,6.557377049180328
2022-03-31T15:15-07:00,14.40677966101695
2022-03-31T15:30-07:00,4.3478260869565215
2022-03-31T15:45-07:00,12.396694214876034
2022-03-31T16:00-07:00,10.94182825484765
2022-03-31T16:15-07:00,7.480314960629921
2022-03-31T16:30-07:00,13.931034482758617
2022-03-31T16:45-07:00,7.365439093484423
2022-03-31T17:00-07:00,4.11522633744856
2022-03-31T17:15-07:00,10.121457489878543
2022-03-31T17:30-07:00,12.3367198838897
2022-03-31T17:45-07:00,18.003025718608164
2022-03-31T18:00-07:00,4.610951008645529
2022-03-31T18:15-07:00,7.636887608069159
2022-03-31T18:30-07:00,14.528593508500778
2022-03-31T18:45-07:00,10.502283105022832
2022-03-31T19:00-07:00,14.746543778801843
2022-03-31T19:15-07:00,5.063291139240507
2022-03-31T19:30-07:00,7.299270072992695
2022-03-31T19:45-07:00,12.78195488721805
2022-03-31T20:00-07:00,10.648148148148149
2022-03-31T20:15-07:00,19.440124416796262
2022-03-31T20:30-07:00,8.558558558558559
2022-03-31T20:45-07:00,16.692913385826778
2022-03-31T21:00-07:00,12.519083969465653
2022-03-31T21:15-07:00,20.657276995305164
2022-03-31T21:30-07:00,3.240058910162007
2022-03-31T21:45-07:00,6.278026905829597
2022-03-31T22:00-07:00,11.981566820276498
2022-03-31T22:15-07:00,13.793103448275868
2022-03-31T22:30-07:00,16.461538461538456
2022-03-31T22:45-07:00,11.981566820276498
2022-03-31T23:00-07:00,8.653846153846153
2022-03-31T23:15-07:00,17.07317073170732
2022-03-31T23:30-07:00,10.377358490566039
2022-03-31T23:45-07:00,14.798206278026905
2022-04-01T00:00-07:00,7.110438729198179
2022-04-01T00:15-07:00,11.922503725782411
2022-04-01T00:30-07:00,15.060240963855426
2022-04-01T00:45-07:00,9.345794392523365
2022-04-01T01:00-07:00,8.605341246290806
2022-04-01T01:15-07:00,9.13385826771654
2022-04-01T01:30-07:00,16.403785488958984
2022-04-01T01:45-07:00,16.894977168949772
2022-04-01T02:00-07:00,7.109004739336493
2022-04-01T02:15-07:00,8.734939759036148
2022-04-01T02:30-07:00,14.000000000000005
2022-04-01T02:45-07:00,11.320754716981131
2022-04-01T03:00-07:00,10.52631578947368
2022-04-01T03:15-07:00,8.125000000000005
2022-04-01T03:30-07:00,13.181818181818182
2022-04-01T03:45-07:00,16.32653061224489
2022-04-01T04:00-07:00,13.710879284649772
2022-04-01T04:15-07:00,11.292719167904908
2022-04-01T04:30-07:00,9.553158705701073
2022-04-01T04:45-07:00,12.5
2022-04-01T05:00-07:00,15.38461538461539
2022-04-01T05:15-07:00,13.15789473684211
2022-04-01T05:30-07:00,8.333333333333334
2022-04-01T05:45-07:00,13.92961876832844
2022-04-01T06:00-07:00,12.831858407079647
2022-04-01T06:15-07:00,8.438818565400844
2022-04-01T06:30-07:00,7.9837618403247586
2022-04-01T06:45-07:00,0.2869440459110433
2022-04-01T07:00-07:00,11.078717201166185
2022-04-01T07:15-07:00,13.777089783281728
2022-04-01T07:30-07:00,9.379727685325259
2022-04-01T07:45-07:00,6.250000000000004
2022-04-01T08:00-07:00,7.784431137724556
2022-04-01T08:15-07:00,8.444444444444445
2022-04-01T08:30-07:00,15.315315315315315
2022-04-01T08:45-07:00,3.527815468113972
2022-04-01T09:00-07:00,22.22222222222222
2022-04-01T09:15-07:00,13.353566009104709
2022-04-01T09:30-07:00,15.116279069767437
2022-04-01T09:45-07:00,11.357340720221611
2022-04-01T10:00-07:00,8.071135430916549
2022-04-01T10:15-07:00,12.609970674486798
2022-04-01T10:30-07:00,15.126050420168067
2022-04-01T10:45-07:00,9.051724137931034
2022-04-01T11:00-07:00,10.854816824966075
2022-04-01T11:15-07:00,12.716763005780352
2022-04-01T11:30-07:00,8.901251738525735
2022-04-01T11:45-07:00,13.808139534883717
2022-04-01T12:00-07:00,7.1045576407506665
2022-04-01T12:15-07:00,8.438287153652384
2022-04-01T12:30-07:00,13.798008534850645
2022-04-01T12:45-07:00,10.98430813124108
2022-04-01T13:00-07:00,7.371349095966616
2022-04-01T13:15-07:00,7.660167130919224
2022-04-01T13:30-07:00,4.219409282700422
2022-04-01T13:45-07:00,9.65417867435159
2022-04-01T14:00-07:00,12.307692307692312
2022-04-01T14:15-07:00,14.929577464788737
2022-04-01T14:30-07:00,17.105263157894736
2022-04-01T14:45-07:00,9.646739130434778
2022-04-01T15:00-07:00,3.6885245901639343
2022-04-01T15:15-07:00,8.857142857142852
2022-04-01T15:30-07:00,14.017341040462433
2022-04-01T15:45-07:00,14.051841746248298
2022-04-01T16:00-07:00,11.798561151079141
2022-04-01T16:15-07:00,3.956343792633011
2022-04-01T16:30-07:00,5.1063829787234045
2022-04-01T16:45-07:00,15.256588072122048
2022-04-01T17:00-07:00,17.551020408163264
2022-04-01T17:15-07:00,8.892128279883387
2022-04-01T17:30-07:00,1.0401188707280873
2022-04-01T17:45-07:00,7.377049180327869
2022-04-01T18:00-07:00,14.503816793893124
2022-04-01T18:15-07:00,19.761273209549067
2022-04-01T18:30-07:00,9.261939218523883
2022-04-01T18:45-07:00,4.564315352697095
2022-04-01T19:00-07:00,2.7496382054992803
2022-04-01T19:15-07:00,11.987860394537183
2022-04-01T19:30-07:00,8.333333333333334
2022-04-01T19:45-07:00,10.050251256281408
2022-04-01T20:00-07:00,12.389380530973451
2022-04-01T20:15-07:00,9.198813056379818
2022-04-01T20:30-07:00,10.14263074484945
2022-04-01T20:45-07:00,9.472049689440999
2022-04-01T21:00-07:00,12.799999999999994
2022-04-01T21:15-07:00,8.651026392961871
2022-04-01T21:30-07:00,13.251155624036974
2022-04-01T21:45-07:00,15.041322314049593
2022-04-01T22:00-07:00,9.818731117824768
2022-04-01T22:15-07:00,6.800618238021634
2022-04-01T22:30-07:00,12.445095168374822
2022-04-01T22:45-07:00,16.55737704918032
2022-04-01T23:00-07:00,14.000000000000005
2022-04-01T23:15-07:00,8.037094281298305
2022-04-01T23:30-07:00,9.45945945945946
2022-04-01T23:45-07:00,6.948640483383691
2022-04-02T00:00-07:00,14.26174496644296
2022-04-02T00:15-07:00,13.169984686064314
2022-04-02T00:30-07:00,19.055118110236226
2022-04-02T00:45-07:00,1.4534883720930274
2022-04-02T01:00-07:00,13.767019667170958
2022-04-02T01:15-07:00,8.229813664596268
2022-04-02T01:30-07:00,16.01208459214502
2022-04-02T01:45-07:00,5.990783410138249
2022-04-02T02:00-07:00,10.263929618768334
2022-04-02T02:15-07:00,14.398734177215196
2022-04-02T02:30-07:00,17.004680187207494
2022-04-02T02:45-07:00,10.7981220657277
2022-04-02T03:00-07:00,10.785824345146384
2022-04-02T03:15-07:00,10.477657935285048
2022-04-02T03:30-07:00,12.785388127853881
2022-04-02T03:45-07:00,9.642301710730944
2022-04-02T04:00-07:00,3.4782608695652173
2022-04-02T04:15-07:00,8.917197452229294
2022-04-02T04:30-07:00,11.710323574730358
2022-04-02T04:45-07:00,10.990712074303401
2022-04-02T05:00-07:00,10.773899848254928
2022-04-02T05:15-07:00,10.294117647058828
2022-04-02T05:30-07:00,14.150943396226415
2022-04-02T05:45-07:00,15.56982343499198
2022-04-02T06:00-07:00,12.307692307692303
2022-04-02T06:15-07:00,8.643815201192256
2022-04-02T06:30-07:00,7.518796992481199
2022-04-02T06:45-07:00,13.4493670886076
2022-04-02T07:00-07:00,11.656441717791415
2022-04-02T07:15-07:00,10.741301059001508
2022-04-02T07:30-07:00,4.812030075187965
2022-04-02T07:45-07:00,16.363636363636363
2022-04-02T08:00-07:00,14.263322884012545
2022-04-02T08:15-07:00,11.842105263157896
2022-04-02T08:30-07:00,5.429864253393665
2022-04-02T08:45-07:00,9.687499999999995
2022-04-02T09:00-07:00,18.76971608832807
2022-04-02T09:15-07:00,11.402157164869024
2022-04-02T09:30-07:00,10.624999999999995
2022-04-02T09:45-07:00,13.582089552238811
2022-04-02T10:00-07:00,11.680000000000005
2022-04-02T10:15-07:00,12.68656716417911
2022-04-02T10:30-07:00,1.1922503725782372
2022-04-02T10:45-07:00,4.545454545454546
2022-04-02T11:00-07:00,9.475218658892125
2022-04-02T11:15-07:00,11.711711711711711
2022-04-02T11:30-07:00,15.490797546012264
2022-04-02T11:45-07:00,5.531914893617022
2022-04-02T12:00-07:00,9.682080924855496
2022-04-02T12:15-07:00,11.582381729200646
2022-04-02T12:30-07:00,15.41984732824427
2022-04-02T12:45-07:00,8.320950965824661
2022-04-02T13:00-07:00,10.230547550432272
2022-04-02T13:15-07:00,11.374407582938389
2022-04-02T13:30-07:00,7.9341317365269415
2022-04-02T13:45-07:00,14.155251141552512
2022-04-02T14:00-07:00,9.243697478991596
2022-04-02T14:15-07:00,10.91703056768559
2022-04-02T14:30-07:00,10.36036036036036
2022-04-02T14:45-07:00,10.301109350237713
2022-04-02T15:00-07:00,19.911504424778762
2022-04-02T15:15-07:00,1.7777777777777777
2022-04-02T15:30-07:00,16.335877862595414
2022-04-02T15:45-07:00,8.108108108108109
2022-04-02T16:00-07:00,13.382352941176476
2022-04-02T16:15-07:00,12.05882352941177
2022-04-02T16:30-07:00,4.591104734576753
2022-04-02T16:45-07:00,9.734513274336283
2022-04-02T17:00-07:00,14.692653673163413
2022-04-02T17:15-07:00,6.119402985074622
2022-04-02T17:30-07:00,18.44512195121952
2022-04-02T17:45-07:00,0.30487804878048347
2022-04-02T18:00-07:00,11.437403400309115
2022-04-02T18:15-07:00,14.570552147239258
2022-04-02T18:30-07:00,13.452914798206278
2022-04-02T18:45-07:00,1.1379800853485023
2022-04-02T19:00-07:00,11.869436201780411
2022-04-02T19:15-07:00,8.359621451104095
2022-04-02T19:30-07:00,14.414414414414415
2022-04-02T19:45-07:00,9.45945945945946
2022-04-02T20:00-07:00,5.052005943536408
2022-04-02T20:15-07:00,11.783439490445854
2022-04-02T20:30-07:00,11.926605504587156
2022-04-02T20:45-07:00,15.275590551181107
2022-04-02T21:00-07:00,6.1469265367316295
2022-04-02T21:15-07:00,12.158054711246196
2022-04-02T21:30-07:00,14.06491499227203
2022-04-02T21:45-07:00,11.49068322981366
2022-04-02T22:00-07:00,9.62145110410095
2022-04-02T22:15-07:00,7.623318385650224
2022-04-02T22:30-07:00,14.719999999999994
2022-04-02T22:45-07:00,16.203703703703702
2022-04-02T23:00-07:00,12.441679626749606
2022-04-02T23:15-07:00,10.64467766116941
2022-04-02T23:30-07:00,8.125000000000005
2022-04-02T23:45-07:00,11.442006269592483
2022-04-03T00:00-07:00,13.137557959814535
2022-04-03T00:15-07:00,11.897590361445788
2022-04-03T00:30-07:00,5.882352941176471
2022-04-03T00:45-07:00,9.333333333333334
2022-04-03T01:00-07:00,7.906976744186046
2022-04-03T01:15-07:00,13.32335329341317
2022-04-03T01:30-07:00,6.929133858267712
2022-04-03T01:45-07:00,10.64467766116941
2022-04-03T02:00-07:00,14.61187214611872
2022-04-03T02:15-07:00,15.580286168521459
2022-04-03T02:30-07:00,8.53242320819112
2022-04-03T02:45-07:00,6.762589928057549
2022-04-03T03:00-07:00,10.389610389610395
2022-04-03T03:15-07:00,16.666666666666668
2022-04-03T03:30-07:00,12.560386473429952
2022-04-03T03:45-07:00,3.846153846153842
2022-04-03T04:00-07:00,5.217391304347826
2022-04-03T04:15-07:00,11.73553719008264
2022-04-03T04:30-07:00,12.401883830455263
2022-04-03T04:45-07:00,4.983922829581998
2022-04-03T05:00-07:00,6.358381502890169
2022-04-03T05:15-07:00,17.806041335453106
2022-04-03T05:30-07:00,8.575803981623272
2022-04-03T05:45-07:00,15.346534653465346
2022-04-03T06:00-07:00,7.725947521865885
2022-04-03T06:15-07:00,12.149532710280374
2022-04-03T06:30-07:00,14.045801526717552
2022-04-03T06:45-07:00,6.862745098039215
2022-04-03T07:00-07:00,9.00900900900901
2022-04-03T07:15-07:00,3.982300884955752
2022-04-03T07:30-07:00,10.687022900763363
2022-04-03T07:45-07:00,9.345794392523365
2022-04-03T08:00-07:00,9.65417867435159
2022-04-03T08:15-07:00,4.682779456193359
2022-04-03T08:30-07:00,12.735849056603774
2022-04-03T08:45-07:00,10.939907550077036
2022-04-03T09:00-07:00,12.872841444270021
2022-04-03T09:15-07:00,9.17159763313609
2022-04-03T09:30-07:00,13.425925925925926
2022-04-03T09:45-07:00,10.176991150442477
2022-04-03T10:00-07:00,12.962962962962964
2022-04-03T10:15-07:00,3.0973451327433628
2022-04-03T10:30-07:00,14.285714285714286
2022-04-03T10:45-07:00,10.17964071856287
2022-04-03T11:00-07:00,13.437499999999995
2022-04-03T11:15-07:00,6.103286384976526
2022-04-03T11:30-07:00,5.934718100890213
2022-04-03T11:45-07:00,10.385756676557868
2022-04-03T12:00-07:00,8.383233532934128
2022-04-03T12:15-07:00,17.251908396946558
2022-04-03T12:30-07:00,5.891016200294556
2022-04-03T12:45-07:00,11.585365853658542
2022-04-03T13:00-07:00,7.589285714285714
2022-04-03T13:15-07:00,11.682242990654206
2022-04-03T13:30-07:00,6.730769230769231
2022-04-03T13:45-07:00,16.571428571428566
2022-04-03T14:00-07:00,5.497771173848444
2022-04-03T14:15-07:00,8.474576271186445
2022-04-03T14:30-07:00,14.883720930232558
2022-04-03T14:45-07:00,11.919504643962842
2022-04-03T15:00-07:00,2.8315946348733276
2022-04-03T15:15-07:00,16.901408450704224
2022-04-03T15:30-07:00,8.38414634146342
2022-04-03T15:45-07:00,13.06990881458966
2022-04-03T16:00-07:00,9.076923076923073
2022-04-03T16:15-07:00,9.375
2022-04-03T16:30-07:00,15.898251192368845
2022-04-03T16:45-07:00,11.077844311377241
2022-04-03T17:00-07:00,15.645161290322587
2022-04-03T17:15-07:00,4.845814977973569
2022-04-03T17:30-07:00,5.934718100890213
2022-04-03T17:45-07:00,10.995542347696874
2022-04-03T18:00-07:00,14.332247557003264
2022-04-03T18:15-07:00,8.088235294117652
2022-04-03T18:30-07:00,1.3157894736842106
2022-04-03T18:45-07:00,14.475627769571636
2022-04-03T19:00-07:00,11.64901664145234
2022-04-03T19:15-07:00,6.487341772151894
2022-04-03T19:30-07:00,3.0837004405286343
2022-04-03T19:45-07:00,4.210526315789478
2022-04-03T20:00-07:00,8.320251177394029
2022-04-03T20:15-07:00,9.424920127795522
2022-04-03T20:30-07:00,8.872180451127814
2022-04-03T20:45-07:00,12.102874432677755
2022-04-03T21:00-07:00,3.9130434782608696
2022-04-03T21:15-07:00,12.682926829268293
2022-04-03T21:30-07:00,9.576138147566724
2022-04-03T21:45-07:00,15.165876777251185
2022-04-03T22:00-07:00,4.624277456647395
2022-04-03T22:15-07:00,12.848297213622285
2022-04-03T22:30-07:00,11.568938193343904
2022-04-03T22:45-07:00,10.37277147487845
2022-04-03T23:00-07:00,9.940652818991103
2022-04-03T23:15-07:00,7.335329341317371
2022-04-03T23:30-07:00,14.70588235294117
2022-04-03T23:45-07:00,11.538461538461538
2022-04-04T00:00-07:00,10.872894333843794
2022-04-04T00:15-07:00,7.488986784140969
2022-04-04T00:30-07:00,11.961722488038278
2022-04-04T00:45-07:00,8.346709470304981
2022-04-04T01:00-07:00,13.100436681222707
2022-04-04T01:15-07:00,6.738131699846856
2022-04-04T01:30-07:00,15.930599369085169
2022-04-04T01:45-07:00,8.61244019138756
2022-04-04T02:00-07:00,14.733542319749223
2022-04-04T02:15-07:00,5.563282336578586
2022-04-04T02:30-07:00,19.62323390894819
2022-04-04T02:45-07:00,9.433962264150944
2022-04-04T03:00-07:00,18.54103343465045
2022-04-04T03:15-07:00,4.136947218259626
2022-04-04T03:30-07:00,4.661654135338351
2022-04-04T03:45-07:00,11.821086261980826
2022-04-04T04:00-07:00,11.544227886056966
2022-04-04T04:15-07:00,13.464447806354004
2022-04-04T04:30-07:00,6.970128022759606
2022-04-04T04:45-07:00,12.376237623762377
2022-04-04T05:00-07:00,12.280701754385966
2022-04-04T05:15-07:00,14.285714285714286
2022-04-04T05:30-07:00,8.620689655172415
2022-04-04T05:45-07:00,4.692082111436945
2022-04-04T06:00-07:00,13.709677419354845
2022-04-04T06:15-07:00,11.711711711711711
2022-04-04T06:30-07:00,13.129770992366407
2022-04-04T06:45-07:00,6.202723146747347
2022-04-04T07:00-07:00,13.709677419354845
2022-04-04T07:15-07:00,9.194312796208525
2022-04-04T07:30-07:00,3.925066904549514
2022-04-04T07:45-07:00,2.575107296137339
2022-04-04T08:00-07:00,15.582450832072622
2022-04-04T08:15-07:00,15.588235294117652
2022-04-04T08:30-07:00,11.077389984825498
2022-04-04T08:45-07:00,11.065573770491802
2022-04-04T09:00-07:00,10.13215859030837
2022-04-04T09:15-07:00,12.981455064194014
2022-04-04T09:30-07:00,14.678899082568808
2022-04-04T09:45-07:00,3.650586701434163
2022-04-04T10:00-07:00,9.022556390977444
2022-04-04T10:15-07:00,16.60377358490566
2022-04-04T10:30-07:00,7.8431372549019605
2022-04-04T10:45-07:00,7.793923381770141
2022-04-04T11:00-07:00,4.062909567496727
2022-04-04T11:15-07:00,11.128903122497993
2022-04-04T11:30-07:00,8.83152173913043
2022-04-04T11:45-07:00,6.327372764786799
2022-04-04T12:00-07:00,4.624277456647404
2022-04-04T12:15-07:00,8.190224570673708
2022-04-04T12:30-07:00,9.510489510489506
2022-04-04T12:45-07:00,15.517241379310345
2022-04-04T13:00-07:00,12.749003984063744
2022-04-04T13:15-07:00,11.590296495956869
2022-04-04T13:30-07:00,6.870229007633588
2022-04-04T13:45-07:00,19.383259911894275
2022-04-04T14:00-07:00,15.198863636363633
2022-04-04T14:15-07:00,15.021459227467812
2022-04-04T14:30-07:00,12.37830319888734
2022-04-04T14:45-07:00,8.68983957219251
2022-04-04T15:00-07:00,10.460251046025105
2022-04-04T15:15-07:00,13.529411764705879
2022-04-04T15:30-07:00,13.207547169811326
2022-04-04T15:45-07:00,17.748917748917748
2022-04-04T16:00-07:00,6.868867082961647
2022-04-04T16:15-07:00,7.2046109510086405
2022-04-04T16:30-07:00,9.90990990990991
2022-04-04T16:45-07:00,4.518950437317789
2022-04-04T17:00-07:00,14.693295292439377
2022-04-04T17:15-07:00,6.437768240343348
2022-04-04T17:30-07:00,9.051094890510944
2022-04-04T17:45-07:00,2.4734982332155426
2022-04-04T18:00-07:00,12.827988338192425
2022-04-04T18:15-07:00,4.5822102425876015
2022-04-04T18:30-07:00,8.885542168674693
2022-04-04T18:45-07:00,8.370044052863436
2022-04-04T19:00-07:00,6.762589928057549
2022-04-04T19:15-07:00,13.713405238828962
2022-04-04T19:30-07:00,6.787330316742081
2022-04-04T19:45-07:00,10.182370820668698
2022-04-04T20:00-07:00,5.579399141630901
2022-04-04T20:15-07:00,4.585798816568052
2022-04-04T20:30-07:00,12.46200607902736
2022-04-04T20:45-07:00,15.62974203338392
2022-04-04T21:00-07:00,5.451127819548867
2022-04-04T21:15-07:00,16.431924882629108
2022-04-04T21:30-07:00,2.881844380403454
2022-04-04T21:45-07:00,20.356612184249624
2022-04-04T22:00-07:00,7.368421052631584
2022-04-04T22:15-07:00,11.144578313253007
2022-04-04T22:30-07:00,7.142857142857148
2022-04-04T22:45-07:00,9.253731343283578
2022-04-04T23:00-07:00,13.099041533546332
2022-04-04T23:15-07:00,13.564668769716082
2022-04-04T23:30-07:00,15.865384615384615
2022-04-04T23:45-07:00,12.5
2022-04-05T00:00-07:00,3.2640949554896186
2022-04-05T00:15-07:00,17.07317073170732
2022-04-05T00:30-07:00,12.149532710280374
2022-04-05T00:45-07:00,13.050075872534139
2022-04-05T01:00-07:00,6.8111455108359085
2022-04-05T01:15-07:00,5.687203791469194
2022-04-05T01:30-07:00,17.04035874439462
2022-04-05T01:45-07:00,7.621951219512191
2022-04-05T02:00-07:00,12.210200927357038
2022-04-05T02:15-07:00,9.131075110456548
2022-04-05T02:30-07:00,9.796672828096112
2022-04-05T02:45-07:00,14.826498422712937
2022-04-05T03:00-07:00,11.919504643962842
2022-04-05T03:15-07:00,4.788732394366197
2022-04-05T03:30-07:00,12.386706948640489
2022-04-05T03:45-07:00,8.095238095238095
2022-04-05T04:00-07:00,14.285714285714286
2022-04-05T04:15-07:00,2.3845007451564872
2022-04-05T04:30-07:00,0.8583690987124464
2022-04-05T04:45-07:00,12.616822429906541
2022-04-05T05:00-07:00,10.574018126888223
2022-04-05T05:15-07:00,8.912386706948636
2022-04-05T05:30-07:00,8.022922636103148
2022-04-05T05:45-07:00,16.97478991596638
2022-04-05T06:00-07:00,11.059907834101383
2022-04-05T06:15-07:00,7.5
2022-04-05T06:30-07:00,1.1577424023154805
2022-04-05T06:45-07:00,2.293577981651376
2022-04-05T07:00-07:00,13.343328335832078
2022-04-05T07:15-07:00,11.2759643916914
2022-04-05T07:30-07:00,0.8733624454148472
2022-04-05T07:45-07:00,9.06389301634473
2022-04-05T08:00-07:00,10.0
2022-04-05T08:15-07:00,19.7268588770865
2022-04-05T08:30-07:00,10.480349344978166
2022-04-05T08:45-07:00,9.436619718309863
2022-04-05T09:00-07:00,9.04033379694019
2022-04-05T09:15-07:00,8.100147275405012
2022-04-05T09:30-07:00,11.326378539493298
2022-04-05T09:45-07:00,7.23404255319149
2022-04-05T10:00-07:00,3.493449781659389
2022-04-05T10:15-07:00,7.086614173228346
2022-04-05T10:30-07:00,8.977900552486183
2022-04-05T10:45-07:00,11.452513966480451
2022-04-05T11:00-07:00,14.84049930651872
2022-04-05T11:15-07:00,5.245055889939806
2022-04-05T11:30-07:00,9.695290858725766
2022-04-05T11:45-07:00,16.595744680851062
2022-04-05T12:00-07:00,12.499999999999995
2022-04-05T12:15-07:00,7.901907356948233
2022-04-05T12:30-07:00,9.71272229822161
2022-04-05T12:45-07:00,11.870967741935493
2022-04-05T13:00-07:00,16.52892561983471
2022-04-05T13:15-07:00,13.133940182054626
2022-04-05T13:30-07:00,9.090909090909092
2022-04-05T13:45-07:00,15.720524017467248
2022-04-05T14:00-07:00,11.155378486055778
2022-04-05T14:15-07:00,11.934156378600823
2022-04-05T14:30-07:00,8.796895213454082
2022-04-05T14:45-07:00,8.484005563282341
2022-04-05T15:00-07:00,14.8849797023004
2022-04-05T15:15-07:00,6.887755102040816
2022-04-05T15:30-07:00,10.729613733905579
2022-04-05T15:45-07:00,7.945205479452059
2022-04-05T16:00-07:00,6.714285714285709
2022-04-05T16:15-07:00,10.123239436619713
2022-04-05T16:30-07:00,7.327586206896552
2022-04-05T16:45-07:00,6.573426573426569
2022-04-05T17:00-07:00,9.557774607703285
2022-04-05T17:15-07:00,5.429864253393665
2022-04-05T17:30-07:00,10.935251798561156
2022-04-05T17:45-07:00,10.090361445783136
2022-04-05T18:00-07:00,14.912280701754385
2022-04-05T18:15-07:00,3.404255319148936
2022-04-05T18:30-07:00,6.65722379603399
2022-04-05T18:45-07:00,6.646058732612061
2022-04-05T19:00-07:00,8.600583090379004
2022-04-05T19:15-07:00,8.450704225352112
2022-04-05T19:30-07:00,17.04035874439462
2022-04-05T19:45-07:00,11.583577712609975
2022-04-05T20:00-07:00,10.080645161290322
2022-04-05T20:15-07:00,9.375
2022-04-05T20:30-07:00,12.960235640648015
2022-04-05T20:45-07:00,14.285714285714286
2022-04-05T21:00-07:00,11.81683899556868
2022-04-05T21:15-07:00,7.898658718330845
2022-04-05T21:30-07:00,9.638554216867474
2022-04-05T21:45-07:00,14.418604651162791
2022-04-05T22:00-07:00,14.417177914110434
2022-04-05T22:15-07:00,16.30615640599001
2022-04-05T22:30-07:00,8.640226628895189
2022-04-05T22:45-07:00,8.646616541353389
2022-04-05T23:00-07:00,19.716088328075706
2022-04-05T23:15-07:00,10.156249999999995
2022-04-05T23:30-07:00,12.500000000000005
2022-04-05T23:45-07:00,7.560627674750353
2022-04-06T00:00-07:00,3.0470914127423825
2022-04-06T00:15-07:00,10.477657935285048
2022-04-06T00:30-07:00,12.537764350453168
2022-04-06T00:45-07:00,11.128048780487811
2022-04-06T01:00-07:00,8.912386706948636
2022-04-06T01:15-07:00,5.614973262032086
2022-04-06T01:30-07:00,15.070422535211264
2022-04-06T01:45-07:00,16.244411326378543
2022-04-06T02:00-07:00,11.562499999999995
2022-04-06T02:15-07:00,10.416666666666666
2022-04-06T02:30-07:00,8.435582822085895
2022-04-06T02:45-07:00,12.785388127853881
2022-04-06T03:00-07:00,9.312977099236646
2022-04-06T03:15-07:00,13.77633711507294
2022-04-06T03:30-07:00,10.256410256410257
2022-04-06T03:45-07:00,7.999999999999995
2022-04-06T04:00-07:00,11.926605504587156
2022-04-06T04:15-07:00,14.285714285714281
2022-04-06T04:30-07:00,17.17495987158908
2022-04-06T04:45-07:00,9.401709401709402
2022-04-06T05:00-07:00,5.239520958083828
2022-04-06T05:15-07:00,12.539184952978053
2022-04-06T05:30-07:00,4.186046511627907
2022-04-06T05:45-07:00,13.169984686064314
2022-04-06T06:00-07:00,7.733812949640293
2022-04-06T06:15-07:00,15.656565656565656
2022-04-06T06:30-07:00,9.423604757548027
2022-04-06T06:45-07:00,12.419354838709673
2022-04-06T07:00-07:00,12.738853503184707
2022-04-06T07:15-07:00,4.270986745213545
2022-04-06T07:30-07:00,17.272727272727273
2022-04-06T07:45-07:00,8.100147275405012
2022-04-06T08:00-07:00,15.273311897106103
2022-04-06T08:15-07:00,7.719928186714548
2022-04-06T08:30-07:00,5.5710306406685275
2022-04-06T08:45-07:00,9.57290132547864
2022-04-06T09:00-07:00,7.798165137614679
2022-04-06T09:15-07:00,12.354651162790702
2022-04-06T09:30-07:00,15.351506456241028
2022-04-06T09:45-07:00,7.818930041152264
2022-04-06T10:00-07:00,10.256410256410257
2022-04-06T10:15-07:00,8.403361344537815
2022-04-06T10:30-07:00,11.143270622286536
2022-04-06T10:45-07:00,12.117177097203733
2022-04-06T11:00-07:00,14.12103746397694
2022-04-06T11:15-07:00,10.296191819464038
2022-04-06T11:30-07:00,6.827309236947791
2022-04-06T11:45-07:00,5.284552845528455
2022-04-06T12:00-07:00,5.179282868525896
2022-04-06T12:15-07:00,19.747899159663866
2022-04-06T12:30-07:00,12.500000000000005
2022-04-06T12:45-07:00,16.80327868852459
2022-04-06T13:00-07:00,12.879884225759763
2022-04-06T13:15-07:00,15.320334261838434
2022-04-06T13:30-07:00,12.809917355371901
2022-04-06T13:45-07:00,15.22633744855967
2022-04-06T14:00-07:00,13.959731543624157
2022-04-06T14:15-07:00,14.185393258426961
2022-04-06T14:30-07:00,5.792163543441232
2022-04-06T14:45-07:00,6.2415196743555
2022-04-06T15:00-07:00,9.982788296041313
2022-04-06T15:15-07:00,7.3553719008264515
2022-04-06T15:30-07:00,5.711775043936737
2022-04-06T15:45-07:00,6.661115736885934
2022-04-06T16:00-07:00,9.01785714285715
2022-04-06T16:15-07:00,5.063291139240507
2022-04-06T16:30-07:00,13.135593220338983
2022-04-06T16:45-07:00,5.359661495063465
2022-04-06T17:00-07:00,9.917355371900827
2022-04-06T17:15-07:00,2.9411764705882355
2022-04-06T17:30-07:00,8.438818565400844
2022-04-06T17:45-07:00,10.564399421128803
2022-04-06T18:00-07:00,5.329593267882184
2022-04-06T18:15-07:00,6.54205607476636
2022-04-06T18:30-07:00,7.0754716981132075
2022-04-06T18:45-07:00,10.814606741573028
2022-04-06T19:00-07:00,8.658008658008658
2022-04-06T19:15-07:00,6.7647058823529465
2022-04-06T19:30-07:00,12.334801762114537
2022-04-06T19:45-07:00,11.504424778761061
2022-04-06T20:00-07:00,7.142857142857143
2022-04-06T20:15-07:00,10.619469026548673
2022-04-06T20:30-07:00,1.8018018018018018
2022-04-06T20:45-07:00,5.689900426742536
2022-04-06T21:00-07:00,14.027149321266968
2022-04-06T21:15-07:00,6.094182825484765
2022-04-06T21:30-07:00,14.351851851851851
2022-04-06T21:45-07:00,6.406249999999995
2022-04-06T22:00-07:00,16.438356164383563
2022-04-06T22:15-07:00,16.769230769230774
2022-04-06T22:30-07:00,5.9854014598540095
2022-04-06T22:45-07:00,13.242009132420092
2022-04-06T23:00-07:00,14.746543778801843
2022-04-06T23:15-07:00,10.95890410958904
2022-04-06T23:30-07:00,12.444444444444445
2022-04-06T23:45-07:00,5.5037313432835875
2022-04-07T00:00-07:00,12.609970674486798
2022-04-07T00:15-07:00,4.329004329004329
2022-04-07T00:30-07:00,8.710801393728223
2022-04-07T00:45-07:00,8.805970149253726
2022-04-07T01:00-07:00,11.574074074074074
2022-04-07T01:15-07:00,15.312499999999995
2022-04-07T01:30-07:00,11.848341232227488
2022-04-07T01:45-07:00,6.086956521739131
2022-04-07T02:00-07:00,11.297709923664117
2022-04-07T02:15-07:00,11.402157164869024
2022-04-07T02:30-07:00,6.6730219256434635
2022-04-07T02:45-07:00,15.453194650817231
2022-04-07T03:00-07:00,14.090909090909092
2022-04-07T03:15-07:00,11.403508771929825
2022-04-07T03:30-07:00,10.52631578947369
2022-04-07T03:45-07:00,12.206572769953052
2022-04-07T04:00-07:00,8.281249999999995
2022-04-07T04:15-07:00,10.95890410958904
2022-04-07T04:30-07:00,8.538350217076696
2022-04-07T04:45-07:00,8.810572687224669
2022-04-07T05:00-07:00,14.423076923076923
2022-04-07T05:15-07:00,15.030674846625761
2022-04-07T05:30-07:00,7.800312012480495
2022-04-07T05:45-07:00,18.69158878504673
2022-04-07T06:00-07:00,6.567164179104473
2022-04-07T06:15-07:00,10.134128166915048
2022-04-07T06:30-07:00,16.972477064220183
2022-04-07T06:45-07:00,10.221793635486975
2022-04-07T07:00-07:00,15.822784810126588
2022-04-07T07:15-07:00,4.46428571428572
2022-04-07T07:30-07:00,11.02719033232629
2022-04-07T07:45-07:00,7.8984485190408975
2022-04-07T08:00-07:00,11.059907834101383
2022-04-07T08:15-07:00,9.565217391304348
2022-04-07T08:30-07:00,11.577424023154842
2022-04-07T08:45-07:00,5.913978494623656
2022-04-07T09:00-07:00,7.112970711297071
2022-04-07T09:15-07:00,10.52631578947368
2022-04-07T09:30-07:00,9.631728045325774
2022-04-07T09:45-07:00,7.2727272727272725
2022-04-07T10:00-07:00,9.640287769784178
2022-04-07T10:15-07:00,11.063829787234043
2022-04-07T10:30-07:00,4.9132947976878665
2022-04-07T10:45-07:00,4.134366925064599
2022-04-07T11:00-07:00,5.4224464060529565
2022-04-07T11:15-07:00,7.475317348377993
2022-04-07T11:30-07:00,11.627906976744194
2022-04-07T11:45-07:00,6.077348066298338
2022-04-07T12:00-07:00,6.740027510316373
2022-04-07T12:15-07:00,6.1959654178674395
2022-04-07T12:30-07:00,13.07371349095967
2022-04-07T12:45-07:00,6.849315068493146
2022-04-07T13:00-07:00,4.196816208393628
2022-04-07T13:15-07:00,5.957446808510638
2022-04-07T13:30-07:00,2.6455026455026456
2022-04-07T13:45-07:00,10.85972850678733
2022-04-07T14:00-07:00,9.601181683899553
2022-04-07T14:15-07:00,13.661971830985921
2022-04-07T14:30-07:00,12.820512820512821
2022-04-07T14:45-07:00,8.695652173913043
2022-04-07T15:00-07:00,11.946902654867257
2022-04-07T15:15-07:00,4.471544715447155
2022-04-07T15:30-07:00,9.20679886685552
2022-04-07T15:45-07:00,10.027472527472533
2022-04-07T16:00-07:00,9.012875536480687
2022-04-07T16:15-07:00,8.484005563282341
2022-04-07T16:30-07:00,4.460431654676264
2022-04-07T16:45-07:00,10.946745562130172
2022-04-07T17:00-07:00,10.52631578947368
2022-04-07T17:15-07:00,3.3755274261603376
2022-04-07T17:30-07:00,3.506311360448812
2022-04-07T17:45-07:00,8.286516853932579
2022-04-07T18:00-07:00,6.304985337243406
2022-04-07T18:15-07:00,10.306406685236764
2022-04-07T18:30-07:00,4.8034934497816595
2022-04-07T18:45-07:00,11.747851002865335
2022-04-07T19:00-07:00,1.7094017094017093
2022-04-07T19:15-07:00,13.513513513513509
2022-04-07T19:30-07:00,1.6528925619834711
2022-04-07T19:45-07:00,4.7156726768377295
2022-04-07T20:00-07:00,4.836415362731157
2022-04-07T20:15-07:00,12.280701754385966
2022-04-07T20:30-07:00,4.711246200607907
2022-04-07T20:45-07:00,11.842105263157896
2022-04-07T21:00-07:00,5.2631578947368425
2022-04-07T21:15-07:00,5.799812909260998
2022-04-07T21:30-07:00,14.782608695652174
2022-04-07T21:45-07:00,11.363636363636363
2022-04-07T22:00-07:00,5.75035063113604
2022-04-07T22:15-07:00,8.620689655172415
2022-04-07T22:30-07:00,12.10762331838565
2022-04-07T22:45-07:00,12.05882352941177
2022-04-07T23:00-07:00,6.726457399103139
2022-04-07T23:15-07:00,11.879699248120305
2022-04-07T23:30-07:00,11.041009463722402
2022-04-07T23:45-07:00,9.104477611940302
2022-04-08T00:00-07:00,2.9166666666666665
2022-04-08T00:15-07:00,3.4743202416918386
2022-04-08T00:30-07:00,13.190184049079749
2022-04-08T00:45-07:00,10.64467766116941
2022-04-08T01:00-07:00,12.594840667678296
2022-04-08T01:15-07:00,11.959654178674347
2022-04-08T01:30-07:00,12.031249999999995
2022-04-08T01:45-07:00,7.8873239436619675
2022-04-08T02:00-07:00,8.882082695252684
2022-04-08T02:15-07:00,12.613981762917927
2022-04-08T02:30-07:00,11.711711711711711
2022-04-08T02:45-07:00,12.839879154078556
2022-04-08T03:00-07:00,7.704160246533123
2022-04-08T03:15-07:00,4.407294832826743
2022-04-08T03:30-07:00,5.128205128205129
2022-04-08T03:45-07:00,15.855572998430135
2022-04-08T04:00-07:00,10.81081081081081
2022-04-08T04:15-07:00,13.198757763975161
2022-04-08T04:30-07:00,10.49475262368816
2022-04-08T04:45-07:00,10.075187969924817
2022-04-08T05:00-07:00,2.0408163265306083
2022-04-08T05:15-07:00,9.770992366412218
2022-04-08T05:30-07:00,10.185185185185185
2022-04-08T05:45-07:00,6.451612903225806
2022-04-08T06:00-07:00,18.01801801801802
2022-04-08T06:15-07:00,7.794117647058819
2022-04-08T06:30-07:00,11.255411255411255
2022-04-08T06:45-07:00,11.702127659574463
2022-04-08T07:00-07:00,7.441860465116279
2022-04-08T07:15-07:00,8.320950965824661
2022-04-08T07:30-07:00,14.503816793893124
2022-04-08T07:45-07:00,6.472196900638109
2022-04-08T08:00-07:00,8.684863523573192
2022-04-08T08:15-07:00,5.267857142857149
2022-04-08T08:30-07:00,20.179372197309416
2022-04-08T08:45-07:00,3.3647375504710673
2022-04-08T09:00-07:00,15.727002967359056
2022-04-08T09:15-07:00,4.01554404145077
2022-04-08T09:30-07:00,9.971910112359545
2022-04-08T09:45-07:00,6.509695290858722
2022-04-08T10:00-07:00,7.799442896935928
2022-04-08T10:15-07:00,4.557640750670246
2022-04-08T10:30-07:00,6.048387096774194
2022-04-08T10:45-07:00,12.8
2022-04-08T11:00-07:00,9.103840682788055
2022-04-08T11:15-07:00,8.209959623149398
2022-04-08T11:30-07:00,6.039325842696633
2022-04-08T11:45-07:00,12.833545108005092
2022-04-08T12:00-07:00,6.046511627906983
2022-04-08T12:15-07:00,8.448753462603882
2022-04-08T12:30-07:00,7.450980392156863
2022-04-08T12:45-07:00,11.702127659574472
2022-04-08T13:00-07:00,7.172995780590718
2022-04-08T13:15-07:00,16.16847826086956
2022-04-08T13:30-07:00,9.50413223140496
2022-04-08T13:45-07:00,13.96648044692738
2022-04-08T14:00-07:00,13.748191027496377
2022-04-08T14:15-07:00,13.095238095238095
2022-04-08T14:30-07:00,5.531914893617022
2022-04-08T14:45-07:00,5.6
2022-04-08T15:00-07:00,7.323943661971835
2022-04-08T15:15-07:00,5.9523809523809526
2022-04-08T15:30-07:00,10.317460317460318
2022-04-08T15:45-07:00,9.126984126984127
2022-04-08T16:00-07:00,10.0
2022-04-08T16:15-07:00,10.0
2022-04-08T16:30-07:00,9.210526315789474
2022-04-08T16:45-07:00,5.146036161335193
2022-04-08T17:00-07:00,4.971590909090905
2022-04-08T17:15-07:00,5.9071729957805905
2022-04-08T17:30-07:00,5.9854014598540095
2022-04-08T17:45-07:00,6.481481481481482
2022-04-08T18:00-07:00,10.814606741573028
2022-04-08T18:15-07:00,7.657657657657658
2022-04-08T18:30-07:00,9.128065395095373
2022-04-08T18:45-07:00,12.03007518796992
2022-04-08T19:00-07:00,8.95953757225433
2022-04-08T19:15-07:00,15.170278637770892
2022-04-08T19:30-07:00,11.887072808320946
2022-04-08T19:45-07:00,8.482142857142858
2022-04-08T20:00-07:00,6.344827586206901
2022-04-08T20:15-07:00,5.300859598853873
2022-04-08T20:30-07:00,12.326656394453
2022-04-08T20:45-07:00,10.7981220657277
2022-04-08T21:00-07:00,13.587786259541978
2022-04-08T21:15-07:00,14.771048744460861
2022-04-08T21:30-07:00,11.627906976744185
2022-04-08T21:45-07:00,9.379727685325259
2022-04-08T22:00-07:00,13.488372093023257
2022-04-08T22:15-07:00,6.886227544910184
2022-04-08T22:30-07:00,8.689248895434458
2022-04-08T22:45-07:00,0.8658008658008658
2022-04-08T23:00-07:00,12.084592145015101
2022-04-08T23:15-07:00,4.545454545454546
2022-04-08T23:30-07:00,14.637904468412938
2022-04-08T23:45-07:00,6.656580937972763
2022-04-09T00:00-07:00,15.898959881129267
2022-04-09T00:15-07:00,4.565537555228281
2022-04-09T00:30-07:00,5.357142857142857
2022-04-09T00:45-07:00,10.000000000000004
2022-04-09T01:00-07:00,10.383386581469644
2022-04-09T01:15-07:00,5.692307692307698
2022-04-09T01:30-07:00,17.674418604651162
2022-04-09T01:45-07:00,13.746223564954688
2022-04-09T02:00-07:00,11.659192825112108
2022-04-09T02:15-07:00,3.432835820895518
2022-04-09T02:30-07:00,13.909224011713027
2022-04-09T02:45-07:00,14.090909090909092
2022-04-09T03:00-07:00,9.682299546142213
2022-04-09T03:15-07:00,13.322884012539191
2022-04-09T03:30-07:00,12.442396313364055
2022-04-09T03:45-07:00,13.629842180774745
2022-04-09T04:00-07:00,4.692082111436945
2022-04-09T04:15-07:00,11.782032400589097
2022-04-09T04:30-07:00,12.217194570135746
2022-04-09T04:45-07:00,15.458937198067632
2022-04-09T05:00-07:00,6.550218340611353
2022-04-09T05:15-07:00,9.531250000000005
2022-04-09T05:30-07:00,5.502063273727652
2022-04-09T05:45-07:00,9.389671361502348
2022-04-09T06:00-07:00,10.355486862442046
2022-04-09T06:15-07:00,10.63829787234043
2022-04-09T06:30-07:00,11.093502377179085
2022-04-09T06:45-07:00,12.727272727272727
2022-04-09T07:00-07:00,8.452722063037244
2022-04-09T07:15-07:00,10.849056603773585
2022-04-09T07:30-07:00,15.419161676646713
2022-04-09T07:45-07:00,14.285714285714286
2022-04-09T08:00-07:00,15.662650602409633
2022-04-09T08:15-07:00,10.355029585798821
2022-04-09T08:30-07:00,9.170305676855895
2022-04-09T08:45-07:00,8.270676691729328
2022-04-09T09:00-07:00,14.308681672025717
2022-04-09T09:15-07:00,6.358381502890169
2022-04-09T09:30-07:00,12.037037037037036
2022-04-09T09:45-07:00,10.526315789473685
2022-04-09T10:00-07:00,11.02719033232629
2022-04-09T10:15-07:00,7.1633237822349525
2022-04-09T10:30-07:00,11.432706222865416
2022-04-09T10:45-07:00,16.390977443609028
2022-04-09T11:00-07:00,11.52073732718894
2022-04-09T11:15-07:00,7.5987841945288706
2022-04-09T11:30-07:00,8.853410740203199
2022-04-09T11:45-07:00,9.846153846153852
2022-04-09T12:00-07:00,5.247376311844073
2022-04-09T12:15-07:00,9.365994236311234
2022-04-09T12:30-07:00,1.5130674002750992
2022-04-09T12:45-07:00,10.775862068965518
2022-04-09T13:00-07:00,7.929515418502203
2022-04-09T13:15-07:00,10.903873744619803
2022-04-09T13:30-07:00,8.482142857142858
2022-04-09T13:45-07:00,16.17647058823529
2022-04-09T14:00-07:00,11.300309597523224
2022-04-09T14:15-07:00,10.91703056768559
2022-04-09T14:30-07:00,10.990712074303401
2022-04-09T14:45-07:00,11.280487804878044
2022-04-09T15:00-07:00,9.95475113122172
2022-04-09T15:15-07:00,10.670731707317078
2022-04-09T15:30-07:00,10.429447852760731
2022-04-09T15:45-07:00,6.595092024539882
2022-04-09T16:00-07:00,13.561847988077501
2022-04-09T16:15-07:00,8.444444444444445
2022-04-09T16:30-07:00,11.290322580645157
2022-04-09T16:45-07:00,3.857566765578631
2022-04-09T17:00-07:00,16.589861751152075
2022-04-09T17:15-07:00,10.447761194029855
2022-04-09T17:30-07:00,11.74652241112829
2022-04-09T17:45-07:00,11.585365853658542
2022-04-09T18:00-07:00,15.454545454545455
2022-04-09T18:15-07:00,9.048361934477384
2022-04-09T18:30-07:00,7.202216066481999
2022-04-09T18:45-07:00,1.4970059880239563
2022-04-09T19:00-07:00,13.45609065155807
2022-04-09T19:15-07:00,12.324492979719194
2022-04-09T19:30-07:00,12.173913043478262
2022-04-09T19:45-07:00,12.443778110944523
2022-04-09T20:00-07:00,6.837606837606837
2022-04-09T20:15-07:00,9.701492537313428
2022-04-09T20:30-07:00,11.26126126126126
2022-04-09T20:45-07:00,16.129032258064523
2022-04-09T21:00-07:00,11.73913043478261
2022-04-09T21:15-07:00,5.688622754491013
2022-04-09T21:30-07:00,4.692082111436945
2022-04-09T21:45-07:00,15.199999999999994
2022-04-09T22:00-07:00,13.513513513513514
2022-04-09T22:15-07:00,9.800918836140893
2022-04-09T22:30-07:00,7.999999999999995
2022-04-09T22:45-07:00,6.756756756756757
2022-04-09T23:00-07:00,10.619469026548673
2022-04-09T23:15-07:00,19.999999999999996
2022-04-09T23:30-07:00,3.9603960396039604
2022-04-09T23:45-07:00,7.365439093484423
2022-04-10T00:00-07:00,6.8656716417910495
2022-04-10T00:15-07:00,14.090909090909092
2022-04-10T00:30-07:00,13.694267515923562
2022-04-10T00:45-07:00,9.71786833855799
2022-04-10T01:00-07:00,10.377358490566039
2022-04-10T01:15-07:00,7.3964497041420065
2022-04-10T01:30-07:00,11.822660098522167
2022-04-10T01:45-07:00,12.121212121212121
2022-04-10T02:00-07:00,12.5
2022-04-10T02:15-07:00,3.2258064516129075
2022-04-10T02:30-07:00,5.255023183925816
2022-04-10T02:45-07:00,10.144927536231885
2022-04-10T03:00-07:00,10.271903323262835
2022-04-10T03:15-07:00,8.181818181818182
2022-04-10T03:30-07:00,6.616541353383454
2022-04-10T03:45-07:00,13.858267716535439
2022-04-10T04:00-07:00,13.538461538461544
2022-04-10T04:15-07:00,16.7987321711569
2022-04-10T04:30-07:00,5.240174672489083
2022-04-10T04:45-07:00,3.9097744360902214
2022-04-10T05:00-07:00,13.662790697674422
2022-04-10T05:15-07:00,14.437689969604858
2022-04-10T05:30-07:00,14.135338345864668
2022-04-10T05:45-07:00,11.37724550898204
2022-04-10T06:00-07:00,6.686046511627912
2022-04-10T06:15-07:00,9.624060150375945
2022-04-10T06:30-07:00,10.631229235880404
2022-04-10T06:45-07:00,7.172995780590718
2022-04-10T07:00-07:00,11.976047904191612
2022-04-10T07:15-07:00,6.976744186046512
2022-04-10T07:30-07:00,14.596273291925472
2022-04-10T07:45-07:00,9.365558912386703
2022-04-10T08:00-07:00,5.621301775147924
2022-04-10T08:15-07:00,10.975609756097562
2022-04-10T08:30-07:00,12.861736334405139
2022-04-10T08:45-07:00,10.13215859030837
2022-04-10T09:00-07:00,10.059171597633132
2022-04-10T09:15-07:00,7.232267037552161
2022-04-10T09:30-07:00,7.886435331230278
2022-04-10T09:45-07:00,11.555555555555555
2022-04-10T10:00-07:00,13.80952380952381
2022-04-10T10:15-07:00,7.649513212795554
2022-04-10T10:30-07:00,4.366812227074236
2022-04-10T10:45-07:00,15.38461538461538
2022-04-10T11:00-07:00,9.049773755656108
2022-04-10T11:15-07:00,13.971742543171109
2022-04-10T11:30-07:00,8.15450643776824
2022-04-10T11:45-07:00,9.361702127659575
2022-04-10T12:00-07:00,13.414634146341468
2022-04-10T12:15-07:00,13.153724247226618
2022-04-10T12:30-07:00,6.8037974683544356
2022-04-10T12:45-07:00,10.909090909090908
2022-04-10T13:00-07:00,8.974358974358974
2022-04-10T13:15-07:00,11.49068322981366
2022-04-10T13:30-07:00,10.714285714285714
2022-04-10T13:45-07:00,16.113744075829384
2022-04-10T14:00-07:00,11.04651162790698
2022-04-10T14:15-07:00,7.5987841945288706
2022-04-10T14:30-07:00,6.3559322033898304
2022-04-10T14:45-07:00,10.95890410958904
2022-04-10T15:00-07:00,16.742081447963802
2022-04-10T15:15-07:00,9.768211920529795
2022-04-10T15:30-07:00,14.89361702127659
2022-04-10T15:45-07:00,6.550218340611353
2022-04-10T16:00-07:00,5.371900826446281
2022-04-10T16:15-07:00,7.704160246533123
2022-04-10T16:30-07:00,12.762973352033665
2022-04-10T16:45-07:00,10.000000000000004
2022-04-10T17:00-07:00,12.557427258805518
2022-04-10T17:15-07:00,6.714285714285709
2022-04-10T17:30-07:00,5.067064083457531
2022-04-10T17:45-07:00,7.926829268292688
2022-04-10T18:00-07:00,12.258064516129037
2022-04-10T18:15-07:00,7.763975155279499
2022-04-10T18:30-07:00,9.129814550641944
2022-04-10T18:45-07:00,6.808510638297872
2022-04-10T19:00-07:00,16.995447647951448
2022-04-10T19:15-07:00,15.304606240713229
2022-04-10T19:30-07:00,6.818181818181818
2022-04-10T19:45-07:00,7.792207792207792
2022-04-10T20:00-07:00,6.285714285714281
2022-04-10T20:15-07:00,15.455950540958275
2022-04-10T20:30-07:00,9.779179810725546
2022-04-10T20:45-07:00,9.048361934477384
2022-04-10T21:00-07:00,6.666666666666667
2022-04-10T21:15-07:00,11.585365853658542
2022-04-10T21:30-07:00,8.461538461538467
2022-04-10T21:45-07:00,12.5
2022-04-10T22:00-07:00,8.071748878923767
2022-04-10T22:15-07:00,8.128834355828216
2022-04-10T22:30-07:00,2.467343976777935
2022-04-10T22:45-07:00,8.968609865470851
2022-04-10T23:00-07:00,12.680577849117181
2022-04-10T23:15-07:00,8.755760368663594
2022-04-10T23:30-07:00,10.755813953488367
2022-04-10T23:45-07:00,4.017857142857143
2022-04-11T00:00-07:00,9.268292682926829
2022-04-11T00:15-07:00,14.483821263482284
2022-04-11T00:30-07:00,7.692307692307688
2022-04-11T00:45-07:00,6.6371681415929205
2022-04-11T01:00-07:00,14.746543778801843
2022-04-11T01:15-07:00,11.627906976744185
2022-04-11T01:30-07:00,15.490797546012264
2022-04-11T01:45-07:00,4.8034934497816595
2022-04-11T02:00-07:00,11.059907834101383
2022-04-11T02:15-07:00,9.495548961424337
2022-04-11T02:30-07:00,9.25925925925926
2022-04-11T02:45-07:00,10.185185185185185
2022-04-11T03:00-07:00,5.405405405405405
2022-04-11T03:15-07:00,8.702531645569625
2022-04-11T03:30-07:00,9.779179810725546
2022-04-11T03:45-07:00,13.425925925925926
2022-04-11T04:00-07:00,4.538799414348468
2022-04-11T04:15-07:00,10.755813953488367
2022-04-11T04:30-07:00,13.312693498452006
2022-04-11T04:45-07:00,13.023255813953488
2022-04-11T05:00-07:00,6.666666666666667
2022-04-11T05:15-07:00,8.67579908675799
2022-04-11T05:30-07:00,12.217194570135746
2022-04-11T05:45-07:00,19.07692307692308
2022-04-11T06:00-07:00,7.753164556962031
2022-04-11T06:15-07:00,10.339734121122605
2022-04-11T06:30-07:00,7.461328480436755
2022-04-11T06:45-07:00,16.818181818181817
2022-04-11T07:00-07:00,15.668202764976959
2022-04-11T07:15-07:00,10.95305832147937
2022-04-11T07:30-07:00,9.883720930232553
2022-04-11T07:45-07:00,5.3977272727272725
2022-04-11T08:00-07:00,11.755725190839689
2022-04-11T08:15-07:00,14.522821576763485
2022-04-11T08:30-07:00,12.448700410396722
2022-04-11T08:45-07:00,6.464379947229556
2022-04-11T09:00-07:00,7.746478873239441
2022-04-11T09:15-07:00,16.61971830985916
2022-04-11T09:30-07:00,8.300395256916996
2022-04-11T09:45-07:00,9.31174089068826
2022-04-11T10:00-07:00,13.793103448275858
2022-04-11T10:15-07:00,6.8874172185430504
2022-04-11T10:30-07:00,14.919354838709678
2022-04-11T10:45-07:00,7.445442875481379
2022-04-11T11:00-07:00,6.2015503875969
2022-04-11T11:15-07:00,14.911080711354314
2022-04-11T11:30-07:00,13.54581673306773
2022-04-11T11:45-07:00,14.209115281501346
2022-04-11T12:00-07:00,10.063694267515915
2022-04-11T12:15-07:00,11.507936507936508
2022-04-11T12:30-07:00,19.21052631578947
2022-04-11T12:45-07:00,14.901960784313726
2022-04-11T13:00-07:00,11.475409836065573
2022-04-11T13:15-07:00,5.078125
2022-04-11T13:30-07:00,7.627829002514663
2022-04-11T13:45-07:00,19.117647058823525
2022-04-11T14:00-07:00,14.789687924016286
2022-04-11T14:15-07:00,7.788944723618099
2022-04-11T14:30-07:00,5.813953488372093
2022-04-11T14:45-07:00,11.927877947295418
2022-04-11T15:00-07:00,18.64406779661017
2022-04-11T15:15-07:00,9.9601593625498
2022-04-11T15:30-07:00,6.829896907216502
2022-04-11T15:45-07:00,7.95892169448011
2022-04-11T16:00-07:00,9.756097560975604
2022-04-11T16:15-07:00,8.764940239043824
2022-04-11T16:30-07:00,8.583690987124463
2022-04-11T16:45-07:00,3.908355795148244
2022-04-11T17:00-07:00,10.738255033557042
2022-04-11T17:15-07:00,15.850144092219015
2022-04-11T17:30-07:00,2.282453637660489
2022-04-11T17:45-07:00,10.306406685236764
2022-04-11T18:00-07:00,8.16326530612245
2022-04-11T18:15-07:00,9.248554913294802
2022-04-11T18:30-07:00,5.701754385964913
2022-04-11T18:45-07:00,19.190404797601197
2022-04-11T19:00-07:00,2.5974025974025974
2022-04-11T19:15-07:00,14.285714285714286
2022-04-11T19:30-07:00,8.054711246200602
2022-04-11T19:45-07:00,18.75
2022-04-11T20:00-07:00,3.7037037037037037
2022-04-11T20:15-07:00,10.548523206751055
2022-04-11T20:30-07:00,13.215859030837004
2022-04-11T20:45-07:00,5.0691244239631335
2022-04-11T21:00-07:00,14.992272024729527
2022-04-11T21:15-07:00,12.09239130434782
2022-04-11T21:30-07:00,10.24096385542168
2022-04-11T21:45-07:00,18.502202643171806
2022-04-11T22:00-07:00,11.603053435114509
2022-04-11T22:15-07:00,12.181303116147303
2022-04-11T22:30-07:00,2.5260029717681975
2022-04-11T22:45-07:00,13.204747774480708
2022-04-11T23:00-07:00,20.551724137931032
2022-04-11T23:15-07:00,15.350223546944864
2022-04-11T23:30-07:00,4.367469879518068
2022-04-11T23:45-07:00,2.7104136947218302
2022-04-12T00:00-07:00,17.744360902255643
2022-04-12T00:15-07:00,10.850439882697943
2022-04-12T00:30-07:00,6.4935064935064934
2022-04-12T00:45-07:00,7.26256983240224
2022-04-12T01:00-07:00,12.673879443585786
2022-04-12T01:15-07:00,18.46846846846847
2022-04-12T01:30-07:00,5.393586005830909
2022-04-12T01:45-07:00,9.70464135021097
2022-04-12T02:00-07:00,17.187499999999993
2022-04-12T02:15-07:00,14.413075780089157
2022-04-12T02:30-07:00,11.077389984825498
2022-04-12T02:45-07:00,13.549337260677461
2022-04-12T03:00-07:00,11.45374449339207
2022-04-12T03:15-07:00,15.0
2022-04-12T03:30-07:00,20.0
2022-04-12T03:45-07:00,11.887072808320946
2022-04-12T04:00-07:00,5.848787446504988
2022-04-12T04:15-07:00,14.664586583463343
2022-04-12T04:30-07:00,14.913657770800622
2022-04-12T04:45-07:00,9.873060648801133
2022-04-12T05:00-07:00,11.864406779661017
2022-04-12T05:15-07:00,10.719754977029101
2022-04-12T05:30-07:00,13.461538461538462
2022-04-12T05:45-07:00,6.187050359712235
2022-04-12T06:00-07:00,5.701754385964913
2022-04-12T06:15-07:00,12.272727272727273
2022-04-12T06:30-07:00,13.425925925925926
2022-04-12T06:45-07:00,11.078717201166185
2022-04-12T07:00-07:00,8.438818565400844
2022-04-12T07:15-07:00,9.29203539823009
2022-04-12T07:30-07:00,13.057324840764336
2022-04-12T07:45-07:00,9.322033898305085
2022-04-12T08:00-07:00,11.864406779661017
2022-04-12T08:15-07:00,13.019390581717456
2022-04-12T08:30-07:00,10.36496350364963
2022-04-12T08:45-07:00,8.381502890173415
2022-04-12T09:00-07:00,7.506702412868629
2022-04-12T09:15-07:00,4.081632653061225
2022-04-12T09:30-07:00,9.695290858725766
2022-04-12T09:45-07:00,14.644351464435147
2022-04-12T10:00-07:00,1.7082785808147212
2022-04-12T10:15-07:00,5.405405405405405
2022-04-12T10:30-07:00,1.8791946308724794
2022-04-12T10:45-07:00,13.630406290956746
2022-04-12T11:00-07:00,10.259740259740251
2022-04-12T11:15-07:00,3.4220532319391634
2022-04-12T11:30-07:00,6.553079947575356
2022-04-12T11:45-07:00,5.702364394993042
2022-04-12T12:00-07:00,7.723577235772358
2022-04-12T12:15-07:00,4.705882352941177
2022-04-12T12:30-07:00,6.041131105398465
2022-04-12T12:45-07:00,3.5211267605633845
2022-04-12T13:00-07:00,10.11984021304927
2022-04-12T13:15-07:00,12.247644683714675
2022-04-12T13:30-07:00,8.26771653543307
2022-04-12T13:45-07:00,2.735978112175099
2022-04-12T14:00-07:00,7.569721115537849
2022-04-12T14:15-07:00,6.877579092159555
2022-04-12T14:30-07:00,10.460251046025105
2022-04-12T14:45-07:00,1.424870466321251
2022-04-12T15:00-07:00,6.568364611260058
2022-04-12T15:15-07:00,9.01639344262295
2022-04-12T15:30-07:00,8.938547486033524
2022-04-12T15:45-07:00,5.603448275862069
2022-04-12T16:00-07:00,1.3513513513513553
2022-04-12T16:15-07:00,5.184174624829463
2022-04-12T16:30-07:00,11.217510259917926
2022-04-12T16:45-07:00,4.489795918367347
2022-04-12T17:00-07:00,5.594405594405599
2022-04-12T17:15-07:00,6.998654104979816
2022-04-12T17:30-07:00,2.880658436213992
2022-04-12T17:45-07:00,10.878661087866108
2022-04-12T18:00-07:00,4.005524861878449
2022-04-12T18:15-07:00,5.950653120464437
2022-04-12T18:30-07:00,6.0522696011004085
2022-04-12T18:45-07:00,2.074688796680498
2022-04-12T19:00-07:00,12.754409769335147
2022-04-12T19:15-07:00,13.233082706766922
2022-04-12T19:30-07:00,9.476661951909481
2022-04-12T19:45-07:00,9.971910112359545
2022-04-12T20:00-07:00,3.1593406593406557
2022-04-12T20:15-07:00,12.917933130699092
2022-04-12T20:30-07:00,12.102874432677755
2022-04-12T20:45-07:00,7.5829383886255926
2022-04-12T21:00-07:00,10.548523206751055
2022-04-12T21:15-07:00,3.4782608695652173
2022-04-12T21:30-07:00,12.278106508875734
2022-04-12T21:45-07:00,12.500000000000005
2022-04-12T22:00-07:00,13.215859030837004
2022-04-12T22:15-07:00,13.128491620111737
2022-04-12T22:30-07:00,12.738853503184707
2022-04-12T22:45-07:00,12.960235640648015
2022-04-12T23:00-07:00,9.485530546623789
2022-04-12T23:15-07:00,7.865168539325838
2022-04-12T23:30-07:00,13.464447806354004
2022-04-12T23:45-07:00,13.983050847457626
2022-04-13T00:00-07:00,14.953271028037383
2022-04-13T00:15-07:00,9.051724137931034
2022-04-13T00:30-07:00,5.2238805970149205
2022-04-13T00:45-07:00,13.304721030042918
2022-04-13T01:00-07:00,11.41479099678456
2022-04-13T01:15-07:00,12.133891213389122
2022-04-13T01:30-07:00,2.314814814814815
2022-04-13T01:45-07:00,4.545454545454546
2022-04-13T02:00-07:00,13.529411764705879
2022-04-13T02:15-07:00,13.00940438871473
2022-04-13T02:30-07:00,6.110283159463483
2022-04-13T02:45-07:00,16.29955947136564
2022-04-13T03:00-07:00,11.842105263157896
2022-04-13T03:15-07:00,12.987012987012982
2022-04-13T03:30-07:00,5.504587155963303
2022-04-13T03:45-07:00,8.181818181818182
2022-04-13T04:00-07:00,15.11111111111111
2022-04-13T04:15-07:00,17.268445839874406
2022-04-13T04:30-07:00,14.285714285714286
2022-04-13T04:45-07:00,8.591549295774653
2022-04-13T05:00-07:00,10.238429172510523
2022-04-13T05:15-07:00,7.281553398058253
2022-04-13T05:30-07:00,14.372163388804836
2022-04-13T05:45-07:00,11.04477611940298
2022-04-13T06:00-07:00,17.167381974248926
2022-04-13T06:15-07:00,15.246636771300448
2022-04-13T06:30-07:00,14.719271623672237
2022-04-13T06:45-07:00,12.591508052708635
2022-04-13T07:00-07:00,15.243902439024396
2022-04-13T07:15-07:00,13.643178410794606
2022-04-13T07:30-07:00,18.322981366459633
2022-04-13T07:45-07:00,8.866279069767446
2022-04-13T08:00-07:00,18.45688350983358
2022-04-13T08:15-07:00,6.182795698924731
2022-04-13T08:30-07:00,14.060258249641315
2022-04-13T08:45-07:00,7.053941908713693
2022-04-13T09:00-07:00,13.333333333333334
2022-04-13T09:15-07:00,10.13698630136986
2022-04-13T09:30-07:00,16.08695652173913
2022-04-13T09:45-07:00,9.945504087193465
2022-04-13T10:00-07:00,15.13513513513514
2022-04-13T10:15-07:00,17.029972752043594
2022-04-13T10:30-07:00,8.452535760728228
2022-04-13T10:45-07:00,8.844507845934375
2022-04-13T11:00-07:00,3.2813781788351064
2022-04-13T11:15-07:00,11.203319502074688
2022-04-13T11:30-07:00,5.2247873633049755
2022-04-13T11:45-07:00,6.878306878306878
2022-04-13T12:00-07:00,6.1797752808988715
2022-04-13T12:15-07:00,4.182509505703422
2022-04-13T12:30-07:00,4.602510460251046
2022-04-13T12:45-07:00,9.241379310344833
2022-04-13T13:00-07:00,10.65918653576438
2022-04-13T13:15-07:00,12.653061224489797
2022-04-13T13:30-07:00,7.608695652173909
2022-04-13T13:45-07:00,7.123287671232881
2022-04-13T14:00-07:00,6.684856753069581
2022-04-13T14:15-07:00,5.928853754940712
2022-04-13T14:30-07:00,8.16326530612245
2022-04-13T14:45-07:00,9.40397350993377
2022-04-13T15:00-07:00,4.871060171919775
2022-04-13T15:15-07:00,6.2261753494282015
2022-04-13T15:30-07:00,6.177606177606178
2022-04-13T15:45-07:00,8.769633507853408
2022-04-13T16:00-07:00,10.212765957446809
2022-04-13T16:15-07:00,6.843575418994418
2022-04-13T16:30-07:00,5.73991031390134
2022-04-13T16:45-07:00,5.22193211488251
2022-04-13T17:00-07:00,3.4059945504087232
2022-04-13T17:15-07:00,8.493150684931502
2022-04-13T17:30-07:00,3.6775106082036735
2022-04-13T17:45-07:00,3.27455919395466
2022-04-13T18:00-07:00,7.920792079207916
2022-04-13T18:15-07:00,5.857740585774058
2022-04-13T18:30-07:00,3.3755274261603376
2022-04-13T18:45-07:00,8.284023668639048
2022-04-13T19:00-07:00,8.701854493580605
2022-04-13T19:15-07:00,7.818930041152264
2022-04-13T19:30-07:00,5.40540540540541
2022-04-13T19:45-07:00,5.499276410998548
2022-04-13T20:00-07:00,7.9341317365269415
2022-04-13T20:15-07:00,6.018518518518518
2022-04-13T20:30-07:00,1.4769765421372767
2022-04-13T20:45-07:00,7.203389830508475
2022-04-13T21:00-07:00,14.847161572052402
2022-04-13T21:15-07:00,9.51612903225806
2022-04-13T21:30-07:00,14.414414414414415
2022-04-13T21:45-07:00,2.5036818851251796
2022-04-13T22:00-07:00,12.608695652173912
2022-04-13T22:15-07:00,10.551948051948047
2022-04-13T22:30-07:00,11.755725190839689
2022-04-13T22:45-07:00,7.203389830508475
2022-04-13T23:00-07:00,7.2727272727272725
2022-04-13T23:15-07:00,12.278106508875734
2022-04-13T23:30-07:00,16.74418604651163
2022-04-13T23:45-07:00,2.4691358024691357
2022-04-14T00:00-07:00,8.72781065088757
2022-04-14T00:15-07:00,8.92018779342723
2022-04-14T00:30-07:00,14.442700156985866
2022-04-14T00:45-07:00,6.5378900445765185
2022-04-14T01:00-07:00,11.465892597968075
2022-04-14T01:15-07:00,7.11237553342816
2022-04-14T01:30-07:00,13.615023474178404
2022-04-14T01:45-07:00,7.845433255269313
2022-04-14T02:00-07:00,2.9542097488921675
2022-04-14T02:15-07:00,6.358381502890169
2022-04-14T02:30-07:00,10.014727540500731
2022-04-14T02:45-07:00,7.760532150776045
2022-04-14T03:00-07:00,7.363770250368184
2022-04-14T03:15-07:00,8.05084745762712
2022-04-14T03:30-07:00,13.953488372093023
2022-04-14T03:45-07:00,14.264036418816394
2022-04-14T04:00-07:00,10.72555205047318
2022-04-14T04:15-07:00,5.135951661631425
2022-04-14T04:30-07:00,4.329004329004329
2022-04-14T04:45-07:00,11.24620060790273
2022-04-14T05:00-07:00,10.549777117384838
2022-04-14T05:15-07:00,6.269592476489033
2022-04-14T05:30-07:00,7.746478873239441
2022-04-14T05:45-07:00,3.3816425120772946
2022-04-14T06:00-07:00,18.70170015455951
2022-04-14T06:15-07:00,10.670731707317078
2022-04-14T06:30-07:00,16.978417266187055
2022-04-14T06:45-07:00,12.158054711246196
2022-04-14T07:00-07:00,14.241486068111449
2022-04-14T07:15-07:00,11.764705882352942
2022-04-14T07:30-07:00,18.771331058020472
2022-04-14T07:45-07:00,16.703662597114327
2022-04-14T08:00-07:00,14.734561213434455
2022-04-14T08:15-07:00,12.857142857142858
2022-04-14T08:30-07:00,18.009478672985782
2022-04-14T08:45-07:00,20.472440944881892
2022-04-14T09:00-07:00,16.582914572864322
2022-04-14T09:15-07:00,12.448700410396722
2022-04-14T09:30-07:00,5.327868852459017
2022-04-14T09:45-07:00,18.269230769230774
2022-04-14T10:00-07:00,8.149171270718227
2022-04-14T10:15-07:00,13.480055020632733
2022-04-14T10:30-07:00,10.775862068965518
2022-04-14T10:45-07:00,8.655126498002659
2022-04-14T11:00-07:00,8.19070904645476
2022-04-14T11:15-07:00,5.766710353866313
2022-04-14T11:30-07:00,6.788511749347262
2022-04-14T11:45-07:00,8.240223463687146
2022-04-14T12:00-07:00,10.439560439560445
2022-04-14T12:15-07:00,7.818930041152264
2022-04-14T12:30-07:00,10.56910569105691
2022-04-14T12:45-07:00,5.184174624829463
2022-04-14T13:00-07:00,9.956709956709958
2022-04-14T13:15-07:00,11.60365058670143
2022-04-14T13:30-07:00,9.090909090909086
2022-04-14T13:45-07:00,12.707182320441984
2022-04-14T14:00-07:00,11.983471074380166
2022-04-14T14:15-07:00,6.315789473684211
2022-04-14T14:30-07:00,7.03125
2022-04-14T14:45-07:00,9.002770083102488
2022-04-14T15:00-07:00,14.717477003942186
2022-04-14T15:15-07:00,10.195530726256989
2022-04-14T15:30-07:00,11.049723756906072
2022-04-14T15:45-07:00,12.396694214876034
2022-04-14T16:00-07:00,16.504854368932033
2022-04-14T16:15-07:00,9.352517985611506
2022-04-14T16:30-07:00,7.671232876712324
2022-04-14T16:45-07:00,12.871287128712876
2022-04-14T17:00-07:00,13.304721030042918
2022-04-14T17:15-07:00,4.906333630686881
2022-04-14T17:30-07:00,13.284671532846719
2022-04-14T17:45-07:00,3.508771929824561
2022-04-14T18:00-07:00,11.036339165545092
2022-04-14T18:15-07:00,10.719754977029101
2022-04-14T18:30-07:00,16.52173913043478
2022-04-14T18:45-07:00,5.621301775147924
2022-04-14T19:00-07:00,10.802919708029192
2022-04-14T19:15-07:00,5.022156573116696
2022-04-14T19:30-07:00,11.888111888111892
2022-04-14T19:45-07:00,9.130434782608695
2022-04-14T20:00-07:00,14.027149321266968
2022-04-14T20:15-07:00,4.907975460122694
2022-04-14T20:30-07:00,12.976022566995765
2022-04-14T20:45-07:00,10.55900621118012
2022-04-14T21:00-07:00,11.013215859030836
2022-04-14T21:15-07:00,8.235294117647054
2022-04-14T21:30-07:00,11.318051575931237
2022-04-14T21:45-07:00,5.963938973647716
2022-04-14T22:00-07:00,15.279878971255668
2022-04-14T22:15-07:00,13.004484304932735
2022-04-14T22:30-07:00,17.585692995529065
2022-04-14T22:45-07:00,6.896551724137931
2022-04-14T23:00-07:00,6.092124814264483
2022-04-14T23:15-07:00,7.96178343949044
2022-04-14T23:30-07:00,9.742647058823524
2022-04-14T23:45-07:00,10.670731707317078
2022-04-15T00:00-07:00,8.196721311475414
2022-04-15T00:15-07:00,13.100436681222707
2022-04-15T00:30-07:00,9.598853868194848
2022-04-15T00:45-07:00,17.159763313609464
2022-04-15T01:00-07:00,4.9132947976878665
2022-04-15T01:15-07:00,8.238636363636369
2022-04-15T01:30-07:00,15.62974203338392
2022-04-15T01:45-07:00,11.710887465690766
2022-04-15T02:00-07:00,12.721893491124256
2022-04-15T02:15-07:00,4.892086330935257
2022-04-15T02:30-07:00,5.538922155688628
2022-04-15T02:45-07:00,14.608433734939764
2022-04-15T03:00-07:00,10.252365930599364
2022-04-15T03:15-07:00,13.239436619718315
2022-04-15T03:30-07:00,14.139941690962104
2022-04-15T03:45-07:00,15.38461538461539
2022-04-15T04:00-07:00,10.328638497652582
2022-04-15T04:15-07:00,19.90950226244344
2022-04-15T04:30-07:00,4.956268221574349
2022-04-15T04:45-07:00,5.473372781065093
2022-04-15T05:00-07:00,17.37160120845922
2022-04-15T05:15-07:00,11.077389984825498
2022-04-15T05:30-07:00,10.09957325746799
2022-04-15T05:45-07:00,7.0422535211267565
2022-04-15T06:00-07:00,13.88888888888889
2022-04-15T06:15-07:00,13.181818181818182
2022-04-15T06:30-07:00,16.591928251121075
2022-04-15T06:45-07:00,5.936073059360731
2022-04-15T07:00-07:00,6.023029229406561
2022-04-15T07:15-07:00,11.710323574730358
2022-04-15T07:30-07:00,12.88888888888889
2022-04-15T07:45-07:00,9.756097560975604
2022-04-15T08:00-07:00,8.370044052863436
2022-04-15T08:15-07:00,10.2880658436214
2022-04-15T08:30-07:00,12.916666666666666
2022-04-15T08:45-07:00,17.79411764705883
2022-04-15T09:00-07:00,9.34579439252337
2022-04-15T09:15-07:00,5.943152454780361
2022-04-15T09:30-07:00,11.36690647482015
2022-04-15T09:45-07:00,15.555555555555555
2022-04-15T10:00-07:00,9.497964721845323
2022-04-15T10:15-07:00,9.34579439252337
2022-04-15T10:30-07:00,16.25
2022-04-15T10:45-07:00,9.126466753585403
2022-04-15T11:00-07:00,9.888579387186624
2022-04-15T11:15-07:00,7.341772151898727
2022-04-15T11:30-07:00,7.352941176470592
2022-04-15T11:45-07:00,18.538565629228685
2022-04-15T12:00-07:00,13.73626373626374
2022-04-15T12:15-07:00,15.074024226110367
2022-04-15T12:30-07:00,13.269493844049252
2022-04-15T12:45-07:00,7.197943444730085
2022-04-15T13:00-07:00,11.583011583011583
2022-04-15T13:15-07:00,10.817941952506601
2022-04-15T13:30-07:00,8.190224570673708
2022-04-15T13:45-07:00,11.82197496522949
2022-04-15T14:00-07:00,3.7086092715231826
2022-04-15T14:15-07:00,10.861423220973784
2022-04-15T14:30-07:00,4.924242424242424
2022-04-15T14:45-07:00,11.583011583011583
2022-04-15T15:00-07:00,5.284552845528455
2022-04-15T15:15-07:00,13.215258855585835
2022-04-15T15:30-07:00,6.530612244897959
2022-04-15T15:45-07:00,10.195530726256989
2022-04-15T16:00-07:00,8.01576872536137
2022-04-15T16:15-07:00,6.122448979591836
2022-04-15T16:30-07:00,6.601123595505613
2022-04-15T16:45-07:00,8.05084745762712
2022-04-15T17:00-07:00,7.083333333333333
2022-04-15T17:15-07:00,11.340206185567006
2022-04-15T17:30-07:00,7.509881422924901
2022-04-15T17:45-07:00,2.880658436213992
2022-04-15T18:00-07:00,10.344827586206897
2022-04-15T18:15-07:00,9.126466753585403
2022-04-15T18:30-07:00,14.017341040462433
2022-04-15T18:45-07:00,6.6197183098591506
2022-04-15T19:00-07:00,11.357340720221611
2022-04-15T19:15-07:00,11.079943899018238
2022-04-15T19:30-07:00,16.491754122938524
2022-04-15T19:45-07:00,8.444444444444445
2022-04-15T20:00-07:00,9.711684370257972
2022-04-15T20:15-07:00,4.626865671641796
2022-04-15T20:30-07:00,17.45068285280729
2022-04-15T20:45-07:00,13.684210526315795
2022-04-15T21:00-07:00,13.83458646616541
2022-04-15T21:15-07:00,0.8968609865470852
2022-04-15T21:30-07:00,9.911242603550301
2022-04-15T21:45-07:00,12.206572769953052
2022-04-15T22:00-07:00,15.555555555555555
2022-04-15T22:15-07:00,18.277945619335352
2022-04-15T22:30-07:00,6.306306306306307
2022-04-15T22:45-07:00,17.611026033690663
2022-04-15T23:00-07:00,7.949125596184415
2022-04-15T23:15-07:00,14.814814814814815
2022-04-15T23:30-07:00,9.943181818181824
2022-04-15T23:45-07:00,12.272727272727273
2022-04-16T00:00-07:00,10.895522388059705
2022-04-16T00:15-07:00,10.355029585798821
2022-04-16T00:30-07:00,10.36496350364963
2022-04-16T00:45-07:00,14.730878186968834
2022-04-16T01:00-07:00,10.086455331412107
2022-04-16T01:15-07:00,16.249999999999993
2022-04-16T01:30-07:00,13.963963963963964
2022-04-16T01:45-07:00,12.500000000000005
2022-04-16T02:00-07:00,8.284023668639048
2022-04-16T02:15-07:00,13.191489361702128
2022-04-16T02:30-07:00,15.898251192368845
2022-04-16T02:45-07:00,17.810218978102185
2022-04-16T03:00-07:00,6.940063091482645
2022-04-16T03:15-07:00,11.798561151079141
2022-04-16T03:30-07:00,12.844036697247706
2022-04-16T03:45-07:00,15.868263473053897
2022-04-16T04:00-07:00,13.694267515923562
2022-04-16T04:15-07:00,8.11965811965812
2022-04-16T04:30-07:00,12.721893491124256
2022-04-16T04:45-07:00,8.668730650154794
2022-04-16T05:00-07:00,17.35015772870662
2022-04-16T05:15-07:00,5.563689604685208
2022-04-16T05:30-07:00,8.701854493580605
2022-04-16T05:45-07:00,14.626865671641786
2022-04-16T06:00-07:00,12.917933130699092
2022-04-16T06:15-07:00,15.600624024961004
2022-04-16T06:30-07:00,13.362068965517242
2022-04-16T06:45-07:00,9.472049689440999
2022-04-16T07:00-07:00,17.180616740088105
2022-04-16T07:15-07:00,16.560509554140122
2022-04-16T07:30-07:00,4.761904761904762
2022-04-16T07:45-07:00,4.6686746987951855
2022-04-16T08:00-07:00,17.180616740088105
2022-04-16T08:15-07:00,18.13953488372093
2022-04-16T08:30-07:00,12.389380530973451
2022-04-16T08:45-07:00,7.175572519083964
2022-04-16T09:00-07:00,5.799151343705795
2022-04-16T09:15-07:00,16.22047244094489
2022-04-16T09:30-07:00,12.612612612612613
2022-04-16T09:45-07:00,9.148264984227135
2022-04-16T10:00-07:00,9.724238026124823
2022-04-16T10:15-07:00,12.391930835734865
2022-04-16T10:30-07:00,13.824884792626728
2022-04-16T10:45-07:00,6.61538461538462
2022-04-16T11:00-07:00,11.331444759206795
2022-04-16T11:15-07:00,4.610951008645529
2022-04-16T11:30-07:00,12.500000000000005
2022-04-16T11:45-07:00,13.636363636363637
2022-04-16T12:00-07:00,12.500000000000005
2022-04-16T12:15-07:00,5.882352941176471
2022-04-16T12:30-07:00,12.293853073463273
2022-04-16T12:45-07:00,12.121212121212121
2022-04-16T13:00-07:00,15.217391304347823
2022-04-16T13:15-07:00,14.710042432814706
2022-04-16T13:30-07:00,12.55474452554744
2022-04-16T13:45-07:00,6.68563300142247
2022-04-16T14:00-07:00,13.793103448275856
2022-04-16T14:15-07:00,21.374045801526712
2022-04-16T14:30-07:00,9.298780487804883
2022-04-16T14:45-07:00,25.538461538461544
2022-04-16T15:00-07:00,6.960227272727278
2022-04-16T15:15-07:00,9.817671809256668
2022-04-16T15:30-07:00,12.445730824891456
2022-04-16T15:45-07:00,10.344827586206897
2022-04-16T16:00-07:00,9.411764705882359
2022-04-16T16:15-07:00,11.143270622286536
2022-04-16T16:30-07:00,3.894297635605011
2022-04-16T16:45-07:00,16.430594900849854
2022-04-16T17:00-07:00,6.278026905829597
2022-04-16T17:15-07:00,14.285714285714286
2022-04-16T17:30-07:00,6.545961002785511
2022-04-16T17:45-07:00,4.125177809388331
2022-04-16T18:00-07:00,12.343966712898746
2022-04-16T18:15-07:00,12.500000000000005
2022-04-16T18:30-07:00,6.686930091185405
2022-04-16T18:45-07:00,14.102564102564102
2022-04-16T19:00-07:00,8.643815201192256
2022-04-16T19:15-07:00,5.131761442441058
2022-04-16T19:30-07:00,12.974683544303803
2022-04-16T19:45-07:00,14.139941690962104
2022-04-16T20:00-07:00,16.01208459214502
2022-04-16T20:15-07:00,6.302521008403361
2022-04-16T20:30-07:00,11.555555555555555
2022-04-16T20:45-07:00,16.444444444444443
2022-04-16T21:00-07:00,15.707620528771379
2022-04-16T21:15-07:00,10.480349344978166
2022-04-16T21:30-07:00,6.0606060606060606
2022-04-16T21:45-07:00,13.383458646616537
2022-04-16T22:00-07:00,7.239819004524887
2022-04-16T22:15-07:00,13.354037267080741
2022-04-16T22:30-07:00,8.017492711370267
2022-04-16T22:45-07:00,9.985096870342778
2022-04-16T23:00-07:00,11.504424778761061
2022-04-16T23:15-07:00,7.448494453248806
2022-04-16T23:30-07:00,11.921458625525952
2022-04-16T23:45-07:00,9.9554234769688
2022-04-17T00:00-07:00,19.184290030211486
2022-04-17T00:15-07:00,3.7037037037037037
2022-04-17T00:30-07:00,14.035087719298245
2022-04-17T00:45-07:00,10.13215859030837
2022-04-17T01:00-07:00,12.778603268945018
2022-04-17T01:15-07:00,13.74172185430463
2022-04-17T01:30-07:00,10.248901903367502
2022-04-17T01:45-07:00,5.829596412556054
2022-04-17T02:00-07:00,11.404728789986097
2022-04-17T02:15-07:00,9.95260663507109
2022-04-17T02:30-07:00,13.615023474178404
2022-04-17T02:45-07:00,4.956268221574349
2022-04-17T03:00-07:00,10.029940119760484
2022-04-17T03:15-07:00,11.028315946348728
2022-04-17T03:30-07:00,18.15384615384616
2022-04-17T03:45-07:00,15.490797546012264
2022-04-17T04:00-07:00,9.389671361502348
2022-04-17T04:15-07:00,14.736842105263154
2022-04-17T04:30-07:00,13.245033112582776
2022-04-17T04:45-07:00,15.068493150684931
2022-04-17T05:00-07:00,10.166919575113814
2022-04-17T05:15-07:00,7.412587412587408
2022-04-17T05:30-07:00,16.61585365853659
2022-04-17T05:45-07:00,10.822510822510823
2022-04-17T06:00-07:00,5.697151424287851
2022-04-17T06:15-07:00,15.06276150627615
2022-04-17T06:30-07:00,8.605341246290806
2022-04-17T06:45-07:00,17.79141104294478
2022-04-17T07:00-07:00,10.031347962382451
2022-04-17T07:15-07:00,9.624060150375945
2022-04-17T07:30-07:00,9.73837209302326
2022-04-17T07:45-07:00,17.95665634674922
2022-04-17T08:00-07:00,11.627906976744185
2022-04-17T08:15-07:00,9.361702127659575
2022-04-17T08:30-07:00,5.1893408134642405
2022-04-17T08:45-07:00,19.81132075471698
2022-04-17T09:00-07:00,5.045871559633028
2022-04-17T09:15-07:00,16.56626506024096
2022-04-17T09:30-07:00,6.302521008403361
2022-04-17T09:45-07:00,17.757009345794394
2022-04-17T10:00-07:00,11.33540372670808
2022-04-17T10:15-07:00,13.411078717201162
2022-04-17T10:30-07:00,11.221590909090914
2022-04-17T10:45-07:00,6.3559322033898304
2022-04-17T11:00-07:00,13.091482649842266
2022-04-17T11:15-07:00,13.142857142857137
2022-04-17T11:30-07:00,8.67579908675799
2022-04-17T11:45-07:00,8.500772797527054
2022-04-17T12:00-07:00,6.960227272727278
2022-04-17T12:15-07:00,8.853410740203199
2022-04-17T12:30-07:00,12.78195488721805
2022-04-17T12:45-07:00,8.461538461538467
2022-04-17T13:00-07:00,16.85552407932011
2022-04-17T13:15-07:00,3.0386740331491753
2022-04-17T13:30-07:00,13.154362416107379
2022-04-17T13:45-07:00,10.526315789473685
2022-04-17T14:00-07:00,7.488986784140969
2022-04-17T14:15-07:00,14.577259475218664
2022-04-17T14:30-07:00,4.721030042918455
2022-04-17T14:45-07:00,9.580838323353298
2022-04-17T15:00-07:00,8.71369294605809
2022-04-17T15:15-07:00,8.298755186721992
2022-04-17T15:30-07:00,12.824207492795384
2022-04-17T15:45-07:00,9.787234042553191
2022-04-17T16:00-07:00,11.079943899018238
2022-04-17T16:15-07:00,7.482014388489214
2022-04-17T16:30-07:00,12.01157742402315
2022-04-17T16:45-07:00,6.344827586206901
2022-04-17T17:00-07:00,5.994550408719342
2022-04-17T17:15-07:00,7.456140350877193
2022-04-17T17:30-07:00,5.7553956834532425
2022-04-17T17:45-07:00,9.401709401709402
2022-04-17T18:00-07:00,9.431345353675447
2022-04-17T18:15-07:00,5.485232067510548
2022-04-17T18:30-07:00,7.172995780590718
2022-04-17T18:45-07:00,10.28744326777609
2022-04-17T19:00-07:00,10.964912280701755
2022-04-17T19:15-07:00,14.202049780380678
2022-04-17T19:30-07:00,5.531914893617022
2022-04-17T19:45-07:00,11.255411255411255
2022-04-17T20:00-07:00,6.25
2022-04-17T20:15-07:00,11.432706222865416
2022-04-17T20:30-07:00,13.629842180774745
2022-04-17T20:45-07:00,8.428571428571423
2022-04-17T21:00-07:00,9.800918836140893
2022-04-17T21:15-07:00,9.048361934477384
2022-04-17T21:30-07:00,16.068642745709834
2022-04-17T21:45-07:00,11.946902654867257
2022-04-17T22:00-07:00,13.444108761329302
2022-04-17T22:15-07:00,21.461187214611872
2022-04-17T22:30-07:00,15.773353751914248
2022-04-17T22:45-07:00,9.19377652050919
2022-04-17T23:00-07:00,10.693641618497105
2022-04-17T23:15-07:00,12.324492979719194
2022-04-17T23:30-07:00,15.74074074074074
2022-04-17T23:45-07:00,17.937219730941703
2022-04-18T00:00-07:00,6.6371681415929205
2022-04-18T00:15-07:00,10.399999999999995
2022-04-18T00:30-07:00,16.689466484268124
2022-04-18T00:45-07:00,14.155251141552512
2022-04-18T01:00-07:00,6.0650887573964445
2022-04-18T01:15-07:00,9.28882438316401
2022-04-18T01:30-07:00,14.985590778097977
2022-04-18T01:45-07:00,12.158054711246196
2022-04-18T02:00-07:00,11.527377521613827
2022-04-18T02:15-07:00,5.555555555555555
2022-04-18T02:30-07:00,17.110799438990178
2022-04-18T02:45-07:00,10.52631578947368
2022-04-18T03:00-07:00,19.184290030211486
2022-04-18T03:15-07:00,9.66767371601209
2022-04-18T03:30-07:00,11.013215859030836
2022-04-18T03:45-07:00,17.004680187207494
2022-04-18T04:00-07:00,17.889908256880734
2022-04-18T04:15-07:00,12.440191387559809
2022-04-18T04:30-07:00,14.857142857142852
2022-04-18T04:45-07:00,13.06990881458966
2022-04-18T05:00-07:00,9.228441754916798
2022-04-18T05:15-07:00,13.333333333333334
2022-04-18T05:30-07:00,9.01162790697674
2022-04-18T05:45-07:00,8.95953757225433
2022-04-18T06:00-07:00,14.220183486238533
2022-04-18T06:15-07:00,15.624999999999996
2022-04-18T06:30-07:00,12.962962962962964
2022-04-18T06:45-07:00,10.709117221418229
2022-04-18T07:00-07:00,11.16504854368932
2022-04-18T07:15-07:00,13.122171945701357
2022-04-18T07:30-07:00,18.74062968515742
2022-04-18T07:45-07:00,9.628610729023388
2022-04-18T08:00-07:00,2.643171806167401
2022-04-18T08:15-07:00,11.53262518968134
2022-04-18T08:30-07:00,5.44117647058824
2022-04-18T08:45-07:00,8.947368421052632
2022-04-18T09:00-07:00,4.9132947976878665
2022-04-18T09:15-07:00,2.4691358024691357
2022-04-18T09:30-07:00,5.9440559440559495
2022-04-18T09:45-07:00,10.679611650485432
2022-04-18T10:00-07:00,8.936170212765957
2022-04-18T10:15-07:00,12.550607287449393
2022-04-18T10:30-07:00,11.037234042553187
2022-04-18T10:45-07:00,7.432432432432437
2022-04-18T11:00-07:00,8.913649025069642
2022-04-18T11:15-07:00,9.462915601023019
2022-04-18T11:30-07:00,9.785522788203759
2022-04-18T11:45-07:00,2.493765586034913
2022-04-18T12:00-07:00,3.591160220994471
2022-04-18T12:15-07:00,9.592641261498034
2022-04-18T12:30-07:00,3.7313432835820897
2022-04-18T12:45-07:00,7.949790794979079
2022-04-18T13:00-07:00,9.585492227979284
2022-04-18T13:15-07:00,6.451612903225806
2022-04-18T13:30-07:00,12.301587301587302
2022-04-18T13:45-07:00,0.5788712011577465
2022-04-18T14:00-07:00,10.547945205479447
2022-04-18T14:15-07:00,4.660452729693738
2022-04-18T14:30-07:00,4.966442953020138
2022-04-18T14:45-07:00,5.328258801141775
2022-04-18T15:00-07:00,3.2981530343007956
2022-04-18T15:15-07:00,6.0606060606060606
2022-04-18T15:30-07:00,5.692108667529114
2022-04-18T15:45-07:00,6.322580645161284
2022-04-18T16:00-07:00,6.603773584905665
2022-04-18T16:15-07:00,9.274193548387096
2022-04-18T16:30-07:00,5.255681818181823
2022-04-18T16:45-07:00,6.54205607476636
2022-04-18T17:00-07:00,2.3842917251051854
2022-04-18T17:15-07:00,4.046997389033947
2022-04-18T17:30-07:00,4.613297150610588
2022-04-18T17:45-07:00,12.133891213389122
2022-04-18T18:00-07:00,6.027397260273968
2022-04-18T18:15-07:00,10.43723554301833
2022-04-18T18:30-07:00,11.516034985422746
2022-04-18T18:45-07:00,8.781869688385264
2022-04-18T19:00-07:00,3.7344398340248963
2022-04-18T19:15-07:00,11.479289940828394
2022-04-18T19:30-07:00,11.230769230769235
2022-04-18T19:45-07:00,14.693295292439377
2022-04-18T20:00-07:00,9.509202453987724
2022-04-18T20:15-07:00,8.744710860366709
2022-04-18T20:30-07:00,9.833585476550676
2022-04-18T20:45-07:00,10.369318181818187
2022-04-18T21:00-07:00,15.454545454545455
2022-04-18T21:15-07:00,8.340971585701185
2022-04-18T21:30-07:00,8.472012102874427
2022-04-18T21:45-07:00,14.349775784753364
2022-04-18T22:00-07:00,16.033755274261605
2022-04-18T22:15-07:00,11.90817790530846
2022-04-18T22:30-07:00,10.692771084337345
2022-04-18T22:45-07:00,8.895265423242463
2022-04-18T23:00-07:00,12.55886970172684
2022-04-18T23:15-07:00,9.836065573770492
2022-04-18T23:30-07:00,18.127786032689446
2022-04-18T23:45-07:00,13.671875
2022-04-19T00:00-07:00,5.9854014598540095
2022-04-19T00:15-07:00,11.45996860282575
2022-04-19T00:30-07:00,8.371246587807104
2022-04-19T00:45-07:00,16.071428571428573
2022-04-19T01:00-07:00,9.322033898305085
2022-04-19T01:15-07:00,9.130434782608695
2022-04-19T01:30-07:00,14.220183486238533
2022-04-19T01:45-07:00,20.000000000000004
2022-04-19T02:00-07:00,15.811965811965813
2022-04-19T02:15-07:00,8.018154311649011
2022-04-19T02:30-07:00,14.644351464435147
2022-04-19T02:45-07:00,8.962264150943396
2022-04-19T03:00-07:00,15.898959881129267
2022-04-19T03:15-07:00,15.132605304212174
2022-04-19T03:30-07:00,9.401709401709402
2022-04-19T03:45-07:00,18.573551263001484
2022-04-19T04:00-07:00,12.88888888888889
2022-04-19T04:15-07:00,8.834586466165407
2022-04-19T04:30-07:00,9.682080924855496
2022-04-19T04:45-07:00,6.866952789699571
2022-04-19T05:00-07:00,10.232558139534884
2022-04-19T05:15-07:00,12.556732223903172
2022-04-19T05:30-07:00,11.702127659574463
2022-04-19T05:45-07:00,10.616929698708747
2022-04-19T06:00-07:00,15.959004392386536
2022-04-19T06:15-07:00,16.037735849056602
2022-04-19T06:30-07:00,11.244239631336411
2022-04-19T06:45-07:00,16.972477064220183
2022-04-19T07:00-07:00,7.8549848942598235
2022-04-19T07:15-07:00,19.732937685459945
2022-04-19T07:30-07:00,12.560386473429952
2022-04-19T07:45-07:00,19.400855920114125
2022-04-19T08:00-07:00,7.865168539325838
2022-04-19T08:15-07:00,8.864265927977844
2022-04-19T08:30-07:00,15.450643776824034
2022-04-19T08:45-07:00,17.732558139534877
2022-04-19T09:00-07:00,6.891495601173015
2022-04-19T09:15-07:00,10.354223433242511
2022-04-19T09:30-07:00,4.938271604938271
2022-04-19T09:45-07:00,11.263736263736268
2022-04-19T10:00-07:00,11.914893617021276
2022-04-19T10:15-07:00,12.068965517241383
2022-04-19T10:30-07:00,6.504065040650406
2022-04-19T10:45-07:00,7.851239669421488
2022-04-19T11:00-07:00,7.407407407407407
2022-04-19T11:15-07:00,9.193954659949613
2022-04-19T11:30-07:00,7.821229050279325
2022-04-19T11:45-07:00,9.053497942386832
2022-04-19T12:00-07:00,3.278688524590171
2022-04-19T12:15-07:00,2.979274611398971
2022-04-19T12:30-07:00,10.460251046025105
2022-04-19T12:45-07:00,6.930693069306935
2022-04-19T13:00-07:00,10.37344398340249
2022-04-19T13:15-07:00,9.59097320169252
2022-04-19T13:30-07:00,6.122448979591836
2022-04-19T13:45-07:00,2.005231037489107
2022-04-19T14:00-07:00,20.584144645340753
2022-04-19T14:15-07:00,7.999999999999996
2022-04-19T14:30-07:00,11.83673469387755
2022-04-19T14:45-07:00,11.428571428571429
2022-04-19T15:00-07:00,13.75
2022-04-19T15:15-07:00,5.222929936305739
2022-04-19T15:30-07:00,8.144192256341794
2022-04-19T15:45-07:00,10.13698630136986
2022-04-19T16:00-07:00,8.151260504201675
2022-04-19T16:15-07:00,4.366197183098596
2022-04-19T16:30-07:00,10.987482614742703
2022-04-19T16:45-07:00,1.8766756032171545
2022-04-19T17:00-07:00,7.310704960835505
2022-04-19T17:15-07:00,7.230559345156885
2022-04-19T17:30-07:00,10.741301059001508
2022-04-19T17:45-07:00,10.128388017118398
2022-04-19T18:00-07:00,9.658246656760767
2022-04-19T18:15-07:00,4.149377593360996
2022-04-19T18:30-07:00,14.598540145985405
2022-04-19T18:45-07:00,12.556053811659194
2022-04-19T19:00-07:00,16.041979010494746
2022-04-19T19:15-07:00,11.818181818181818
2022-04-19T19:30-07:00,6.960227272727278
2022-04-19T19:45-07:00,14.782608695652174
2022-04-19T20:00-07:00,11.12107623318385
2022-04-19T20:15-07:00,11.461318051575928
2022-04-19T20:30-07:00,7.2727272727272725
2022-04-19T20:45-07:00,13.351134846461955
2022-04-19T21:00-07:00,12.16617210682493
2022-04-19T21:15-07:00,16.837481698389464
2022-04-19T21:30-07:00,17.674418604651162
2022-04-19T21:45-07:00,5.897887323943656
2022-04-19T22:00-07:00,12.990936555891235
2022-04-19T22:15-07:00,13.333333333333334
2022-04-19T22:30-07:00,18.97356143079315
2022-04-19T22:45-07:00,13.043478260869565
2022-04-19T23:00-07:00,11.516034985422746
2022-04-19T23:15-07:00,14.1304347826087
2022-04-19T23:30-07:00,10.81081081081081
2022-04-19T23:45-07:00,13.525835866261392
2022-04-20T00:00-07:00,0.7173601147776143
2022-04-20T00:15-07:00,14.873417721518994
2022-04-20T00:30-07:00,11.682242990654206
2022-04-20T00:45-07:00,17.25731895223421
2022-04-20T01:00-07:00,11.798561151079141
2022-04-20T01:15-07:00,10.703812316715547
2022-04-20T01:30-07:00,18.048780487804876
2022-04-20T01:45-07:00,15.315315315315315
2022-04-20T02:00-07:00,21.189024390243905
2022-04-20T02:15-07:00,10.384068278805126
2022-04-20T02:30-07:00,17.823343848580436
2022-04-20T02:45-07:00,7.800312012480495
2022-04-20T03:00-07:00,17.82608695652174
2022-04-20T03:15-07:00,5.934718100890213
2022-04-20T03:30-07:00,13.268156424581
2022-04-20T03:45-07:00,12.046444121915815
2022-04-20T04:00-07:00,12.799999999999994
2022-04-20T04:15-07:00,16.257668711656446
2022-04-20T04:30-07:00,10.49475262368816
2022-04-20T04:45-07:00,15.246636771300448
2022-04-20T05:00-07:00,14.570552147239258
2022-04-20T05:15-07:00,14.89361702127659
2022-04-20T05:30-07:00,9.871244635193133
2022-04-20T05:45-07:00,11.504424778761061
2022-04-20T06:00-07:00,11.62790697674418
2022-04-20T06:15-07:00,12.962962962962964
2022-04-20T06:30-07:00,23.11111111111111
2022-04-20T06:45-07:00,10.898379970544914
2022-04-20T07:00-07:00,16.666666666666668
2022-04-20T07:15-07:00,16.459627329192553
2022-04-20T07:30-07:00,8.09160305343511
2022-04-20T07:45-07:00,5.829596412556054
2022-04-20T08:00-07:00,6.743185078909608
2022-04-20T08:15-07:00,9.22570016474464
2022-04-20T08:30-07:00,10.526315789473685
2022-04-20T08:45-07:00,6.153846153846159
2022-04-20T09:00-07:00,5.2631578947368425
2022-04-20T09:15-07:00,10.344827586206897
2022-04-20T09:30-07:00,4.407294832826743
2022-04-20T09:45-07:00,9.510489510489506
2022-04-20T10:00-07:00,3.7463976945244912
2022-04-20T10:15-07:00,3.965517241379305
2022-04-20T10:30-07:00,8.104196816208388
2022-04-20T10:45-07:00,10.933333333333334
2022-04-20T11:00-07:00,6.647398843930641
2022-04-20T11:15-07:00,5.939226519337021
2022-04-20T11:30-07:00,4.060913705583756
2022-04-20T11:45-07:00,11.83510638297872
2022-04-20T12:00-07:00,7.999999999999996
2022-04-20T12:15-07:00,4.939919893190925
2022-04-20T12:30-07:00,1.8791946308724794
2022-04-20T12:45-07:00,7.532467532467525
2022-04-20T13:00-07:00,5.833333333333333
2022-04-20T13:15-07:00,5.405405405405405
2022-04-20T13:30-07:00,10.263522884882104
2022-04-20T13:45-07:00,4.822335025380711
2022-04-20T14:00-07:00,1.0825439783491166
2022-04-20T14:15-07:00,7.4179743223965815
2022-04-20T14:30-07:00,5.20547945205479
2022-04-20T14:45-07:00,7.516778523489928
2022-04-20T15:00-07:00,9.660574412532632
2022-04-20T15:15-07:00,4.188481675392667
2022-04-20T15:30-07:00,4.9865229110512175
2022-04-20T15:45-07:00,9.421265141318981
2022-04-20T16:00-07:00,11.548913043478265
2022-04-20T16:15-07:00,11.432706222865416
2022-04-20T16:30-07:00,13.128491620111737
2022-04-20T16:45-07:00,0.2877697841726578
2022-04-20T17:00-07:00,3.616133518776074
2022-04-20T17:15-07:00,9.734513274336283
2022-04-20T17:30-07:00,10.88825214899714
2022-04-20T17:45-07:00,5.976806422836747
2022-04-20T18:00-07:00,6.030855539971954
2022-04-20T18:15-07:00,8.333333333333334
2022-04-20T18:30-07:00,12.665684830633278
2022-04-20T18:45-07:00,7.252946509519497
2022-04-20T19:00-07:00,18.42105263157895
2022-04-20T19:15-07:00,4.299583911234401
2022-04-20T19:30-07:00,9.840810419681615
2022-04-20T19:45-07:00,5.612998522895121
2022-04-20T20:00-07:00,13.097072419106322
2022-04-20T20:15-07:00,7.7247191011236
2022-04-20T20:30-07:00,15.853658536585366
2022-04-20T20:45-07:00,17.515923566878975
2022-04-20T21:00-07:00,18.711656441717786
2022-04-20T21:15-07:00,11.415525114155251
2022-04-20T21:30-07:00,8.597285067873303
2022-04-20T21:45-07:00,13.270142180094787
2022-04-20T22:00-07:00,8.606173994387284
2022-04-20T22:15-07:00,11.214953271028037
2022-04-20T22:30-07:00,10.087719298245615
2022-04-20T22:45-07:00,7.112970711297071
2022-04-20T23:00-07:00,7.048458149779735
2022-04-20T23:15-07:00,16.289592760180994
2022-04-20T23:30-07:00,4.046242774566478
2022-04-20T23:45-07:00,12.603878116343495
2022-04-21T00:00-07:00,11.2759643916914
2022-04-21T00:15-07:00,14.374999999999995
2022-04-21T00:30-07:00,8.4070796460177
2022-04-21T00:45-07:00,9.502262443438914
2022-04-21T01:00-07:00,11.363636363636363
2022-04-21T01:15-07:00,17.370892018779344
2022-04-21T01:30-07:00,10.5421686746988
2022-04-21T01:45-07:00,13.157894736842104
2022-04-21T02:00-07:00,0.7112375533428125
2022-04-21T02:15-07:00,13.114754098360661
2022-04-21T02:30-07:00,10.52631578947369
2022-04-21T02:45-07:00,12.552891396332859
2022-04-21T03:00-07:00,3.0837004405286343
2022-04-21T03:15-07:00,12.048192771084333
2022-04-21T03:30-07:00,13.270142180094787
2022-04-21T03:45-07:00,12.673879443585786
2022-04-21T04:00-07:00,9.23913043478261
2022-04-21T04:15-07:00,13.513513513513514
2022-04-21T04:30-07:00,12.042682926829274
2022-04-21T04:45-07:00,10.204081632653056
2022-04-21T05:00-07:00,8.39580209895052
2022-04-21T05:15-07:00,5.683836589698041
2022-04-21T05:30-07:00,9.216589861751151
2022-04-21T05:45-07:00,13.414634146341468
2022-04-21T06:00-07:00,12.499999999999995
2022-04-21T06:15-07:00,9.517045454545459
2022-04-21T06:30-07:00,15.037593984962411
2022-04-21T06:45-07:00,10.48387096774193
2022-04-21T07:00-07:00,11.349693251533736
2022-04-21T07:15-07:00,10.741301059001508
2022-04-21T07:30-07:00,8.082191780821914
2022-04-21T07:45-07:00,12.848297213622285
2022-04-21T08:00-07:00,11.987860394537183
2022-04-21T08:15-07:00,8.233532934131741
2022-04-21T08:30-07:00,6.172839506172839
2022-04-21T08:45-07:00,14.992272024729527
2022-04-21T09:00-07:00,10.014104372355426
2022-04-21T09:15-07:00,1.7857142857142858
2022-04-21T09:30-07:00,8.476821192052984
2022-04-21T09:45-07:00,10.977443609022561
2022-04-21T10:00-07:00,4.676753782668505
2022-04-21T10:15-07:00,4.761904761904762
2022-04-21T10:30-07:00,4.834254143646405
2022-04-21T10:45-07:00,6.866952789699571
2022-04-21T11:00-07:00,12.283236994219658
2022-04-21T11:15-07:00,4.680851063829787
2022-04-21T11:30-07:00,16.759002770083107
2022-04-21T11:45-07:00,4.16107382550336
2022-04-21T12:00-07:00,7.1736011477761785
2022-04-21T12:15-07:00,14.80996068152031
2022-04-21T12:30-07:00,8.707865168539321
2022-04-21T12:45-07:00,15.549215406562059
2022-04-21T13:00-07:00,5.541237113402054
2022-04-21T13:15-07:00,6.122448979591836
2022-04-21T13:30-07:00,3.053435114503817
2022-04-21T13:45-07:00,7.816711590296496
2022-04-21T14:00-07:00,7.355021216407359
2022-04-21T14:15-07:00,12.921348314606737
2022-04-21T14:30-07:00,3.337612323491663
2022-04-21T14:45-07:00,16.740088105726873
2022-04-21T15:00-07:00,5.785123966942149
2022-04-21T15:15-07:00,16.736401673640167
2022-04-21T15:30-07:00,9.357541899441346
2022-04-21T15:45-07:00,14.568599717114573
2022-04-21T16:00-07:00,5.51724137931035
2022-04-21T16:15-07:00,15.319148936170214
2022-04-21T16:30-07:00,9.809663250366038
2022-04-21T16:45-07:00,10.735294117647063
2022-04-21T17:00-07:00,11.344537815126051
2022-04-21T17:15-07:00,9.051724137931034
2022-04-21T17:30-07:00,12.97071129707113
2022-04-21T17:45-07:00,8.403361344537815
2022-04-21T18:00-07:00,5.397727272727268
2022-04-21T18:15-07:00,15.28189910979229
2022-04-21T18:30-07:00,4.700854700854701
2022-04-21T18:45-07:00,11.577424023154842
2022-04-21T19:00-07:00,17.22141823444283
2022-04-21T19:15-07:00,3.3747779751332203
2022-04-21T19:30-07:00,12.184873949579831
2022-04-21T19:45-07:00,1.2345679012345678
2022-04-21T20:00-07:00,13.822284908321574
2022-04-21T20:15-07:00,10.889570552147234
2022-04-21T20:30-07:00,15.8284023668639
2022-04-21T20:45-07:00,6.940509915014169
2022-04-21T21:00-07:00,9.318497913769129
2022-04-21T21:15-07:00,9.192200557103064
2022-04-21T21:30-07:00,14.586466165413539
2022-04-21T21:45-07:00,19.7268588770865
2022-04-21T22:00-07:00,13.868613138686126
2022-04-21T22:15-07:00,5.718701700154565
2022-04-21T22:30-07:00,7.368421052631584
2022-04-21T22:45-07:00,21.439999999999998
2022-04-21T23:00-07:00,7.293127629733525
2022-04-21T23:15-07:00,14.857142857142852
2022-04-21T23:30-07:00,10.526315789473685
2022-04-21T23:45-07:00,21.64634146341464
2022-04-22T00:00-07:00,3.8632986627043047
2022-04-22T00:15-07:00,12.039660056657228
2022-04-22T00:30-07:00,14.110429447852756
2022-04-22T00:45-07:00,17.95665634674922
2022-04-22T01:00-07:00,14.483821263482284
2022-04-22T01:15-07:00,9.24608819345661
2022-04-22T01:30-07:00,8.022922636103152
2022-04-22T01:45-07:00,18.552036199095024
2022-04-22T02:00-07:00,9.767441860465116
2022-04-22T02:15-07:00,11.894273127753303
2022-04-22T02:30-07:00,12.499999999999995
2022-04-22T02:45-07:00,17.647058823529413
2022-04-22T03:00-07:00,14.961832061068696
2022-04-22T03:15-07:00,16.393442622950815
2022-04-22T03:30-07:00,9.789156626506019
2022-04-22T03:45-07:00,14.090909090909092
2022-04-22T04:00-07:00,14.241486068111449
2022-04-22T04:15-07:00,17.80821917808219
2022-04-22T04:30-07:00,9.447674418604645
2022-04-22T04:45-07:00,13.233923578751158
2022-04-22T05:00-07:00,11.483253588516746
2022-04-22T05:15-07:00,18.934911242603548
2022-04-22T05:30-07:00,9.44206008583691
2022-04-22T05:45-07:00,11.002785515320339
2022-04-22T06:00-07:00,13.918305597579419
2022-04-22T06:15-07:00,8.0
2022-04-22T06:30-07:00,10.188087774294667
2022-04-22T06:45-07:00,6.90140845070423
2022-04-22T07:00-07:00,10.335195530726256
2022-04-22T07:15-07:00,17.276720351390928
2022-04-22T07:30-07:00,12.500000000000005
2022-04-22T07:45-07:00,11.221590909090914
2022-04-22T08:00-07:00,9.29203539823009
2022-04-22T08:15-07:00,17.236255572065375
2022-04-22T08:30-07:00,11.755725190839689
2022-04-22T08:45-07:00,9.210526315789474
2022-04-22T09:00-07:00,6.330935251798556
2022-04-22T09:15-07:00,13.004484304932735
2022-04-22T09:30-07:00,8.575581395348832
2022-04-22T09:45-07:00,10.999999999999995
2022-04-22T10:00-07:00,6.730769230769235
2022-04-22T10:15-07:00,8.951048951048955
2022-04-22T10:30-07:00,11.227154046997384
2022-04-22T10:45-07:00,1.7150395778364154
2022-04-22T11:00-07:00,2.8151774785801784
2022-04-22T11:15-07:00,5.906040268456372
2022-04-22T11:30-07:00,13.37931034482759
2022-04-22T11:45-07:00,5.128205128205129
2022-04-22T12:00-07:00,7.486631016042776
2022-04-22T12:15-07:00,7.919463087248317
2022-04-22T12:30-07:00,2.1447721179624706
2022-04-22T12:45-07:00,12.5
2022-04-22T13:00-07:00,10.0
2022-04-22T13:15-07:00,14.025245441795237
2022-04-22T13:30-07:00,8.835341365461847
2022-04-22T13:45-07:00,6.640625
2022-04-22T14:00-07:00,10.724233983286902
2022-04-22T14:15-07:00,11.277173913043473
2022-04-22T14:30-07:00,11.079943899018238
2022-04-22T14:45-07:00,13.037249283667627
2022-04-22T15:00-07:00,8.31062670299728
2022-04-22T15:15-07:00,13.822284908321574
2022-04-22T15:30-07:00,9.172932330827074
2022-04-22T15:45-07:00,12.875536480686696
2022-04-22T16:00-07:00,9.251101321585903
2022-04-22T16:15-07:00,7.496823379923769
2022-04-22T16:30-07:00,4.11522633744856
2022-04-22T16:45-07:00,8.15450643776824
2022-04-22T17:00-07:00,12.394366197183103
2022-04-22T17:15-07:00,9.800918836140893
2022-04-22T17:30-07:00,4.691689008042891
2022-04-22T17:45-07:00,8.219178082191782
2022-04-22T18:00-07:00,6.891495601173015
2022-04-22T18:15-07:00,13.274336283185841
2022-04-22T18:30-07:00,12.88888888888889
2022-04-22T18:45-07:00,6.786703601108038
2022-04-22T19:00-07:00,13.45609065155807
2022-04-22T19:15-07:00,11.782032400589097
2022-04-22T19:30-07:00,17.507418397626118
2022-04-22T19:45-07:00,12.68656716417911
2022-04-22T20:00-07:00,14.668547249647386
2022-04-22T20:15-07:00,9.389671361502348
2022-04-22T20:30-07:00,14.692653673163413
2022-04-22T20:45-07:00,11.77347242921014
2022-04-22T21:00-07:00,11.188811188811185
2022-04-22T21:15-07:00,2.202643171806167
2022-04-22T21:30-07:00,11.196319018404912
2022-04-22T21:45-07:00,15.62974203338392
2022-04-22T22:00-07:00,10.526315789473685
2022-04-22T22:15-07:00,9.090909090909095
2022-04-22T22:30-07:00,13.256484149855902
2022-04-22T22:45-07:00,12.419354838709673
2022-04-22T23:00-07:00,14.74452554744525
2022-04-22T23:15-07:00,7.462686567164174
2022-04-22T23:30-07:00,9.789156626506019
2022-04-22T23:45-07:00,12.22707423580786
2022-04-23T00:00-07:00,14.89361702127659
2022-04-23T00:15-07:00,6.460674157303375
2022-04-23T00:30-07:00,8.882521489971342
2022-04-23T00:45-07:00,11.162790697674419
2022-04-23T01:00-07:00,9.878419452887533
2022-04-23T01:15-07:00,25.078369905956116
2022-04-23T01:30-07:00,4.651162790697669
2022-04-23T01:45-07:00,15.765765765765765
2022-04-23T02:00-07:00,11.33540372670808
2022-04-23T02:15-07:00,18.54103343465045
2022-04-23T02:30-07:00,11.527377521613827
2022-04-23T02:45-07:00,12.01157742402315
2022-04-23T03:00-07:00,13.918305597579419
2022-04-23T03:15-07:00,13.942307692307692
2022-04-23T03:30-07:00,12.8935532233883
2022-04-23T03:45-07:00,11.659192825112108
2022-04-23T04:00-07:00,14.836795252225524
2022-04-23T04:15-07:00,12.280701754385966
2022-04-23T04:30-07:00,7.448494453248806
2022-04-23T04:45-07:00,9.74930362116992
2022-04-23T05:00-07:00,12.903225806451612
2022-04-23T05:15-07:00,12.385321100917432
2022-04-23T05:30-07:00,21.502209131075105
2022-04-23T05:45-07:00,1.946107784431142
2022-04-23T06:00-07:00,13.333333333333334
2022-04-23T06:15-07:00,14.485981308411215
2022-04-23T06:30-07:00,12.987012987012987
2022-04-23T06:45-07:00,8.885542168674693
2022-04-23T07:00-07:00,9.489051094890506
2022-04-23T07:15-07:00,15.600624024961004
2022-04-23T07:30-07:00,15.846153846153852
2022-04-23T07:45-07:00,12.556732223903172
2022-04-23T08:00-07:00,6.392694063926941
2022-04-23T08:15-07:00,12.987012987012987
2022-04-23T08:30-07:00,19.999999999999996
2022-04-23T08:45-07:00,7.339449541284404
2022-04-23T09:00-07:00,9.800918836140893
2022-04-23T09:15-07:00,7.460545193687235
2022-04-23T09:30-07:00,11.919504643962842
2022-04-23T09:45-07:00,17.889908256880734
2022-04-23T10:00-07:00,7.589285714285714
2022-04-23T10:15-07:00,7.982583454281572
2022-04-23T10:30-07:00,8.88888888888889
2022-04-23T10:45-07:00,12.288135593220339
2022-04-23T11:00-07:00,11.12737920937043
2022-04-23T11:15-07:00,12.981455064194014
2022-04-23T11:30-07:00,11.834319526627214
2022-04-23T11:45-07:00,17.251908396946558
2022-04-23T12:00-07:00,13.467048710601725
2022-04-23T12:15-07:00,13.642960812772138
2022-04-23T12:30-07:00,6.0344827586206895
2022-04-23T12:45-07:00,11.432706222865416
2022-04-23T13:00-07:00,14.06491499227203
2022-04-23T13:15-07:00,11.806543385490748
2022-04-23T13:30-07:00,15.348837209302326
2022-04-23T13:45-07:00,13.716814159292035
2022-04-23T14:00-07:00,16.431924882629108
2022-04-23T14:15-07:00,4.700854700854701
2022-04-23T14:30-07:00,10.970464135021096
2022-04-23T14:45-07:00,10.692771084337345
2022-04-23T15:00-07:00,8.964451313755802
2022-04-23T15:15-07:00,18.141592920353983
2022-04-23T15:30-07:00,12.55474452554744
2022-04-23T15:45-07:00,17.272727272727273
2022-04-23T16:00-07:00,6.786703601108038
2022-04-23T16:15-07:00,7.702888583218702
2022-04-23T16:30-07:00,7.749627421758574
2022-04-23T16:45-07:00,12.338593974175032
2022-04-23T17:00-07:00,11.210762331838565
2022-04-23T17:15-07:00,7.981220657276995
2022-04-23T17:30-07:00,6.222222222222222
2022-04-23T17:45-07:00,7.792207792207792
2022-04-23T18:00-07:00,14.513788098693764
2022-04-23T18:15-07:00,8.845577211394298
2022-04-23T18:30-07:00,10.166919575113814
2022-04-23T18:45-07:00,13.656387665198238
2022-04-23T19:00-07:00,3.3557046979865808
2022-04-23T19:15-07:00,10.166919575113814
2022-04-23T19:30-07:00,10.822510822510823
2022-04-23T19:45-07:00,14.1304347826087
2022-04-23T20:00-07:00,15.451895043731783
2022-04-23T20:15-07:00,4.215116279069763
2022-04-23T20:30-07:00,8.203677510608209
2022-04-23T20:45-07:00,15.350223546944864
2022-04-23T21:00-07:00,13.589364844903985
2022-04-23T21:15-07:00,15.970149253731337
2022-04-23T21:30-07:00,10.81081081081081
2022-04-23T21:45-07:00,4.608294930875576
2022-04-23T22:00-07:00,16.9811320754717
2022-04-23T22:15-07:00,19.44869831546708
2022-04-23T22:30-07:00,17.721518987341778
2022-04-23T22:45-07:00,3.142857142857147
2022-04-23T23:00-07:00,9.4224924012158
2022-04-23T23:15-07:00,12.0
2022-04-23T23:30-07:00,17.95665634674922
2022-04-23T23:45-07:00,11.987860394537183
2022-04-24T00:00-07:00,5.052005943536408
2022-04-24T00:15-07:00,13.215859030837004
2022-04-24T00:30-07:00,10.01540832049306
2022-04-24T00:45-07:00,16.8421052631579
2022-04-24T01:00-07:00,12.831858407079647
2022-04-24T01:15-07:00,13.777777777777779
2022-04-24T01:30-07:00,9.343065693430662
2022-04-24T01:45-07:00,18.506998444790042
2022-04-24T02:00-07:00,10.8695652173913
2022-04-24T02:15-07:00,16.114457831325296
2022-04-24T02:30-07:00,7.485029940119756
2022-04-24T02:45-07:00,11.965811965811966
2022-04-24T03:00-07:00,15.42056074766355
2022-04-24T03:15-07:00,17.117117117117118
2022-04-24T03:30-07:00,11.041990668740274
2022-04-24T03:45-07:00,7.267441860465111
2022-04-24T04:00-07:00,10.787172011661804
2022-04-24T04:15-07:00,13.5678391959799
2022-04-24T04:30-07:00,10.692771084337345
2022-04-24T04:45-07:00,11.764705882352942
2022-04-24T05:00-07:00,9.956709956709958
2022-04-24T05:15-07:00,15.238095238095237
2022-04-24T05:30-07:00,10.601265822784816
2022-04-24T05:45-07:00,12.042682926829274
2022-04-24T06:00-07:00,12.445095168374822
2022-04-24T06:15-07:00,7.725947521865885
2022-04-24T06:30-07:00,15.909090909090903
2022-04-24T06:45-07:00,13.181818181818182
2022-04-24T07:00-07:00,21.02803738317757
2022-04-24T07:15-07:00,2.4096385542168717
2022-04-24T07:30-07:00,13.748191027496377
2022-04-24T07:45-07:00,14.395099540581935
2022-04-24T08:00-07:00,14.196567862714515
2022-04-24T08:15-07:00,7.7272727272727275
2022-04-24T08:30-07:00,16.39344262295082
2022-04-24T08:45-07:00,12.741935483870973
2022-04-24T09:00-07:00,19.724770642201836
2022-04-24T09:15-07:00,10.456553755522823
2022-04-24T09:30-07:00,14.12520064205458
2022-04-24T09:45-07:00,6.872370266479668
2022-04-24T10:00-07:00,7.503828483920373
2022-04-24T10:15-07:00,13.010590015128587
2022-04-24T10:30-07:00,13.946587537091993
2022-04-24T10:45-07:00,12.835820895522383
2022-04-24T11:00-07:00,11.754966887417213
2022-04-24T11:15-07:00,10.886469673405914
2022-04-24T11:30-07:00,8.538350217076696
2022-04-24T11:45-07:00,16.017316017316016
2022-04-24T12:00-07:00,15.41984732824427
2022-04-24T12:15-07:00,15.8284023668639
2022-04-24T12:30-07:00,13.010590015128587
2022-04-24T12:45-07:00,12.017167381974248
2022-04-24T13:00-07:00,9.516380655226214
2022-04-24T13:15-07:00,19.908116385911182
2022-04-24T13:30-07:00,5.4285714285714235
2022-04-24T13:45-07:00,13.596491228070175
2022-04-24T14:00-07:00,8.16023738872404
2022-04-24T14:15-07:00,13.96648044692738
2022-04-24T14:30-07:00,9.482758620689655
2022-04-24T14:45-07:00,14.450867052023126
2022-04-24T15:00-07:00,6.60377358490566
2022-04-24T15:15-07:00,9.329446064139947
2022-04-24T15:30-07:00,6.976744186046512
2022-04-24T15:45-07:00,14.307228915662645
2022-04-24T16:00-07:00,14.220183486238533
2022-04-24T16:15-07:00,14.388489208633098
2022-04-24T16:30-07:00,15.522388059701488
2022-04-24T16:45-07:00,8.284023668639048
2022-04-24T17:00-07:00,12.386706948640489
2022-04-24T17:15-07:00,5.657708628005662
2022-04-24T17:30-07:00,14.473684210526315
2022-04-24T17:45-07:00,14.883720930232558
2022-04-24T18:00-07:00,8.682634730538927
2022-04-24T18:15-07:00,16.617210682492587
2022-04-24T18:30-07:00,4.923076923076918
2022-04-24T18:45-07:00,12.67605633802817
2022-04-24T19:00-07:00,11.160714285714286
2022-04-24T19:15-07:00,8.211143695014657
2022-04-24T19:30-07:00,8.144796380090497
2022-04-24T19:45-07:00,10.047846889952153
2022-04-24T20:00-07:00,13.911620294599023
2022-04-24T20:15-07:00,12.379421221864947
2022-04-24T20:30-07:00,14.873417721518994
2022-04-24T20:45-07:00,11.818181818181818
2022-04-24T21:00-07:00,5.579399141630901
2022-04-24T21:15-07:00,9.4224924012158
2022-04-24T21:30-07:00,19.912790697674414
2022-04-24T21:45-07:00,10.429447852760731
2022-04-24T22:00-07:00,18.05359661495063
2022-04-24T22:15-07:00,12.91866028708134
2022-04-24T22:30-07:00,11.37980085348506
2022-04-24T22:45-07:00,8.421052631578943
2022-04-24T23:00-07:00,18.656716417910445
2022-04-24T23:15-07:00,17.928902627511587
2022-04-24T23:30-07:00,16.1849710982659
2022-04-24T23:45-07:00,16.15853658536586
2022-04-25T00:00-07:00,8.124076809453475
2022-04-25T00:15-07:00,6.815020862308767
2022-04-25T00:30-07:00,19.81132075471698
2022-04-25T00:45-07:00,9.158050221565727
2022-04-25T01:00-07:00,20.833333333333332
2022-04-25T01:15-07:00,2.6315789473684212
2022-04-25T01:30-07:00,13.868613138686126
2022-04-25T01:45-07:00,14.374999999999995
2022-04-25T02:00-07:00,16.398243045388
2022-04-25T02:15-07:00,17.727272727272727
2022-04-25T02:30-07:00,16.23277182235835
2022-04-25T02:45-07:00,9.77443609022556
2022-04-25T03:00-07:00,12.031249999999995
2022-04-25T03:15-07:00,17.4922600619195
2022-04-25T03:30-07:00,15.283842794759826
2022-04-25T03:45-07:00,15.527950310559012
2022-04-25T04:00-07:00,4.721030042918455
2022-04-25T04:15-07:00,12.852664576802514
2022-04-25T04:30-07:00,13.383458646616537
2022-04-25T04:45-07:00,14.027149321266968
2022-04-25T05:00-07:00,14.492753623188406
2022-04-25T05:15-07:00,11.747851002865335
2022-04-25T05:30-07:00,11.345218800648304
2022-04-25T05:45-07:00,18.96551724137931
2022-04-25T06:00-07:00,13.759999999999994
2022-04-25T06:15-07:00,16.956521739130434
2022-04-25T06:30-07:00,9.553158705701073
2022-04-25T06:45-07:00,16.261398176291788
2022-04-25T07:00-07:00,14.992272024729527
2022-04-25T07:15-07:00,14.786585365853664
2022-04-25T07:30-07:00,14.705882352941181
2022-04-25T07:45-07:00,10.126582278481013
2022-04-25T08:00-07:00,6.410256410256411
2022-04-25T08:15-07:00,14.199395770392755
2022-04-25T08:30-07:00,11.179173047473206
2022-04-25T08:45-07:00,5.563689604685208
2022-04-25T09:00-07:00,15.277777777777779
2022-04-25T09:15-07:00,8.428571428571423
2022-04-25T09:30-07:00,10.7981220657277
2022-04-25T09:45-07:00,10.085227272727268
2022-04-25T10:00-07:00,9.49464012251148
2022-04-25T10:15-07:00,7.594936708860759
2022-04-25T10:30-07:00,10.548523206751055
2022-04-25T10:45-07:00,11.353711790393014
2022-04-25T11:00-07:00,6.530612244897959
2022-04-25T11:15-07:00,7.488986784140969
2022-04-25T11:30-07:00,8.097165991902834
2022-04-25T11:45-07:00,8.450704225352112
2022-04-25T12:00-07:00,7.649513212795554
2022-04-25T12:15-07:00,12.158054711246196
2022-04-25T12:30-07:00,10.967741935483863
2022-04-25T12:45-07:00,12.605042016806722
2022-04-25T13:00-07:00,8.017492711370267
2022-04-25T13:15-07:00,9.76253298153034
2022-04-25T13:30-07:00,12.554112554112555
2022-04-25T13:45-07:00,14.979757085020243
2022-04-25T14:00-07:00,11.290322580645157
2022-04-25T14:15-07:00,8.069164265129679
2022-04-25T14:30-07:00,8.93118594436311
2022-04-25T14:45-07:00,13.580246913580247
2022-04-25T15:00-07:00,6.995884773662551
2022-04-25T15:15-07:00,12.653061224489797
2022-04-25T15:30-07:00,6.930693069306935
2022-04-25T15:45-07:00,14.484679665738156
2022-04-25T16:00-07:00,10.068965517241384
2022-04-25T16:15-07:00,12.382234185733509
2022-04-25T16:30-07:00,6.0522696011004085
2022-04-25T16:45-07:00,12.121212121212121
2022-04-25T17:00-07:00,5.785123966942149
2022-04-25T17:15-07:00,3.877005347593579
2022-04-25T17:30-07:00,11.013215859030836
2022-04-25T17:45-07:00,14.782608695652174
2022-04-25T18:00-07:00,10.889570552147234
2022-04-25T18:15-07:00,12.656467315716277
2022-04-25T18:30-07:00,12.844036697247706
2022-04-25T18:45-07:00,10.186513629842176
2022-04-25T19:00-07:00,3.5313001605136485
2022-04-25T19:15-07:00,14.705882352941181
2022-04-25T19:30-07:00,7.386363636363641
2022-04-25T19:45-07:00,13.190184049079749
2022-04-25T20:00-07:00,10.120845921450156
2022-04-25T20:15-07:00,10.501567398119128
2022-04-25T20:30-07:00,12.884333821376286
2022-04-25T20:45-07:00,11.297709923664117
2022-04-25T21:00-07:00,13.525179856115113
2022-04-25T21:15-07:00,16.6421207658321
2022-04-25T21:30-07:00,7.507082152974499
2022-04-25T21:45-07:00,9.333333333333334
2022-04-25T22:00-07:00,14.985590778097977
2022-04-25T22:15-07:00,15.373134328358214
2022-04-25T22:30-07:00,12.43016759776536
2022-04-25T22:45-07:00,10.72555205047318
2022-04-25T23:00-07:00,13.233082706766922
2022-04-25T23:15-07:00,5.035971223021578
2022-04-25T23:30-07:00,16.742081447963802
2022-04-25T23:45-07:00,12.616822429906541
2022-04-26T00:00-07:00,10.935251798561156
2022-04-26T00:15-07:00,14.874815905743736
2022-04-26T00:30-07:00,12.446958981612452
2022-04-26T00:45-07:00,6.5378900445765185
2022-04-26T01:00-07:00,19.65566714490674
2022-04-26T01:15-07:00,13.444108761329302
2022-04-26T01:30-07:00,15.727002967359056
2022-04-26T01:45-07:00,12.326656394453
2022-04-26T02:00-07:00,17.764165390505354
2022-04-26T02:15-07:00,6.666666666666667
2022-04-26T02:30-07:00,20.187793427230048
2022-04-26T02:45-07:00,8.372093023255815
2022-04-26T03:00-07:00,14.135338345864668
2022-04-26T03:15-07:00,12.36959761549925
2022-04-26T03:30-07:00,13.596491228070175
2022-04-26T03:45-07:00,10.55634807417974
2022-04-26T04:00-07:00,13.36405529953917
2022-04-26T04:15-07:00,12.55474452554744
2022-04-26T04:30-07:00,9.701492537313428
2022-04-26T04:45-07:00,14.225352112676052
2022-04-26T05:00-07:00,4.867872044506255
2022-04-26T05:15-07:00,25.454545454545453
2022-04-26T05:30-07:00,7.668711656441713
2022-04-26T05:45-07:00,21.67487684729064
2022-04-26T06:00-07:00,8.538350217076696
2022-04-26T06:15-07:00,12.137931034482763
2022-04-26T06:30-07:00,13.219284603421466
2022-04-26T06:45-07:00,14.092953523238386
2022-04-26T07:00-07:00,13.461538461538462
2022-04-26T07:15-07:00,7.660167130919224
2022-04-26T07:30-07:00,9.333333333333334
2022-04-26T07:45-07:00,15.416666666666666
2022-04-26T08:00-07:00,5.214723926380373
2022-04-26T08:15-07:00,22.396576319543513
2022-04-26T08:30-07:00,4.936530324400559
2022-04-26T08:45-07:00,9.241379310344833
2022-04-26T09:00-07:00,7.580174927113708
2022-04-26T09:15-07:00,7.66456266907123
2022-04-26T09:30-07:00,11.176470588235299
2022-04-26T09:45-07:00,8.032128514056225
2022-04-26T10:00-07:00,2.4
2022-04-26T10:15-07:00,4.5414847161572
2022-04-26T10:30-07:00,8.104196816208388
2022-04-26T10:45-07:00,9.59097320169252
2022-04-26T11:00-07:00,12.027972027972023
2022-04-26T11:15-07:00,1.3389121338912087
2022-04-26T11:30-07:00,12.04330175913396
2022-04-26T11:45-07:00,7.5
2022-04-26T12:00-07:00,8.312655086848627
2022-04-26T12:15-07:00,1.869158878504669
2022-04-26T12:30-07:00,11.83510638297872
2022-04-26T12:45-07:00,7.805596465390275
2022-04-26T13:00-07:00,12.04330175913396
2022-04-26T13:15-07:00,6.779661016949152
2022-04-26T13:30-07:00,7.450980392156863
2022-04-26T13:45-07:00,7.05725699067909
2022-04-26T14:00-07:00,6.601123595505613
2022-04-26T14:15-07:00,11.283497884344142
2022-04-26T14:30-07:00,9.28882438316401
2022-04-26T14:45-07:00,10.769230769230765
2022-04-26T15:00-07:00,6.967213114754099
2022-04-26T15:15-07:00,9.482758620689655
2022-04-26T15:30-07:00,7.468879668049793
2022-04-26T15:45-07:00,15.647226173541958
2022-04-26T16:00-07:00,2.407932011331441
2022-04-26T16:15-07:00,11.590296495956869
2022-04-26T16:30-07:00,5.85651537335286
2022-04-26T16:45-07:00,10.219922380336342
2022-04-26T17:00-07:00,8.321579689703803
2022-04-26T17:15-07:00,8.77659574468085
2022-04-26T17:30-07:00,8.605341246290806
2022-04-26T17:45-07:00,14.513788098693764
2022-04-26T18:00-07:00,4.4534412955465585
2022-04-26T18:15-07:00,21.418020679468246
2022-04-26T18:30-07:00,7.052186177715087
2022-04-26T18:45-07:00,6.767955801104977
2022-04-26T19:00-07:00,13.100436681222707
2022-04-26T19:15-07:00,16.64275466284074
2022-04-26T19:30-07:00,7.906976744186046
2022-04-26T19:45-07:00,9.824046920821118
2022-04-26T20:00-07:00,9.322033898305085
2022-04-26T20:15-07:00,7.072135785007068
2022-04-26T20:30-07:00,13.852813852813853
2022-04-26T20:45-07:00,14.56166419019316
2022-04-26T21:00-07:00,11.555555555555555
2022-04-26T21:15-07:00,9.642301710730944
2022-04-26T21:30-07:00,7.172995780590718
2022-04-26T21:45-07:00,8.51063829787234
2022-04-26T22:00-07:00,17.507418397626118
2022-04-26T22:15-07:00,13.981762917933125
2022-04-26T22:30-07:00,16.189111747850998
2022-04-26T22:45-07:00,8.558558558558559
2022-04-26T23:00-07:00,7.191316146540023
2022-04-26T23:15-07:00,18.322981366459633
2022-04-26T23:30-07:00,14.90593342981187
2022-04-26T23:45-07:00,12.839879154078556
2022-04-27T00:00-07:00,11.016949152542374
2022-04-27T00:15-07:00,12.46200607902736
2022-04-27T00:30-07:00,10.454545454545455
2022-04-27T00:45-07:00,11.842105263157896
2022-04-27T01:00-07:00,11.965811965811966
2022-04-27T01:15-07:00,2.6666666666666665
2022-04-27T01:30-07:00,15.77464788732395
2022-04-27T01:45-07:00,8.444444444444445
2022-04-27T02:00-07:00,19.910179640718567
2022-04-27T02:15-07:00,5.555555555555555
2022-04-27T02:30-07:00,15.488721804511284
2022-04-27T02:45-07:00,14.903129657228023
2022-04-27T03:00-07:00,15.442278860569719
2022-04-27T03:15-07:00,14.664586583463343
2022-04-27T03:30-07:00,6.140350877192983
2022-04-27T03:45-07:00,11.04477611940298
2022-04-27T04:00-07:00,8.4070796460177
2022-04-27T04:15-07:00,22.42152466367713
2022-04-27T04:30-07:00,4.219409282700422
2022-04-27T04:45-07:00,13.909224011713027
2022-04-27T05:00-07:00,10.574018126888223
2022-04-27T05:15-07:00,10.075187969924817
2022-04-27T05:30-07:00,12.16407355021216
2022-04-27T05:45-07:00,12.242268041237121
2022-04-27T06:00-07:00,10.679611650485437
2022-04-27T06:15-07:00,12.157221206581346
2022-04-27T06:30-07:00,9.18220946915352
2022-04-27T06:45-07:00,11.310344827586212
2022-04-27T07:00-07:00,10.194902548725633
2022-04-27T07:15-07:00,12.280701754385966
2022-04-27T07:30-07:00,7.460545193687235
2022-04-27T07:45-07:00,10.699588477366255
2022-04-27T08:00-07:00,4.740200546946212
2022-04-27T08:15-07:00,9.39226519337016
2022-04-27T08:30-07:00,7.555555555555555
2022-04-27T08:45-07:00,4.166666666666667
2022-04-27T09:00-07:00,10.704225352112681
2022-04-27T09:15-07:00,12.556053811659194
2022-04-27T09:30-07:00,16.417910447761198
2022-04-27T09:45-07:00,8.519553072625703
2022-04-27T10:00-07:00,7.5396825396825395
2022-04-27T10:15-07:00,7.542262678803635
2022-04-27T10:30-07:00,10.591471801925717
2022-04-27T10:45-07:00,8.1578947368421
2022-04-27T11:00-07:00,9.486166007905139
2022-04-27T11:15-07:00,10.589812332439683
2022-04-27T11:30-07:00,8.998302207130724
2022-04-27T11:45-07:00,9.663865546218487
2022-04-27T12:00-07:00,7.05725699067909
2022-04-27T12:15-07:00,5.508474576271187
2022-04-27T12:30-07:00,7.258064516129032
2022-04-27T12:45-07:00,10.65918653576438
2022-04-27T13:00-07:00,8.81502890173411
2022-04-27T13:15-07:00,11.598302687411604
2022-04-27T13:30-07:00,3.4188034188034186
2022-04-27T13:45-07:00,6.208053691275174
2022-04-27T14:00-07:00,6.349206349206349
2022-04-27T14:15-07:00,8.3224967490247
2022-04-27T14:30-07:00,10.405405405405402
2022-04-27T14:45-07:00,4.419889502762427
2022-04-27T15:00-07:00,10.080645161290322
2022-04-27T15:15-07:00,6.002728512960432
2022-04-27T15:30-07:00,14.572192513368988
2022-04-27T15:45-07:00,1.8617021276595707
2022-04-27T16:00-07:00,7.225806451612911
2022-04-27T16:15-07:00,12.137931034482763
2022-04-27T16:30-07:00,4.847645429362877
2022-04-27T16:45-07:00,13.881019830028324
2022-04-27T17:00-07:00,5.898123324396779
2022-04-27T17:15-07:00,7.977991746905094
2022-04-27T17:30-07:00,3.2500000000000067
2022-04-27T17:45-07:00,4.672897196261682
2022-04-27T18:00-07:00,13.559322033898304
2022-04-27T18:15-07:00,11.976047904191612
2022-04-27T18:30-07:00,12.068965517241379
2022-04-27T18:45-07:00,10.204081632653066
2022-04-27T19:00-07:00,8.643815201192256
2022-04-27T19:15-07:00,10.977443609022561
2022-04-27T19:30-07:00,10.087719298245615
2022-04-27T19:45-07:00,7.799442896935928
2022-04-27T20:00-07:00,7.617728531855961
2022-04-27T20:15-07:00,2.377414561664194
2022-04-27T20:30-07:00,10.064043915828004
2022-04-27T20:45-07:00,7.1646341463414585
2022-04-27T21:00-07:00,13.191489361702128
2022-04-27T21:15-07:00,9.210526315789474
2022-04-27T21:30-07:00,17.727272727272727
2022-04-27T21:45-07:00,12.78195488721805
2022-04-27T22:00-07:00,3.2670454545454506
2022-04-27T22:15-07:00,11.64901664145234
2022-04-27T22:30-07:00,14.456035767511183
2022-04-27T22:45-07:00,11.516034985422746
2022-04-27T23:00-07:00,17.628705148205924
2022-04-27T23:15-07:00,0.7451564828613967
2022-04-27T23:30-07:00,16.563467492260056
2022-04-27T23:45-07:00,11.764705882352937
2022-04-28T00:00-07:00,12.01923076923077
2022-04-28T00:15-07:00,12.04330175913396
2022-04-28T00:30-07:00,13.036809815950924
2022-04-28T00:45-07:00,14.473684210526315
2022-04-28T01:00-07:00,12.74362818590705
2022-04-28T01:15-07:00,10.52631578947368
2022-04-28T01:30-07:00,8.69565217391304
2022-04-28T01:45-07:00,13.578274760383392
2022-04-28T02:00-07:00,12.500000000000005
2022-04-28T02:15-07:00,12.230215827338135
2022-04-28T02:30-07:00,4.444444444444445
2022-04-28T02:45-07:00,15.2073732718894
2022-04-28T03:00-07:00,5.190839694656493
2022-04-28T03:15-07:00,5.19662921348315
2022-04-28T03:30-07:00,13.852813852813853
2022-04-28T03:45-07:00,7.613469985358717
2022-04-28T04:00-07:00,15.868263473053897
2022-04-28T04:15-07:00,3.581661891117483
2022-04-28T04:30-07:00,15.21084337349397
2022-04-28T04:45-07:00,10.230547550432272
2022-04-28T05:00-07:00,17.8517397881997
2022-04-28T05:15-07:00,5.278174037089876
2022-04-28T05:30-07:00,8.15450643776824
2022-04-28T05:45-07:00,13.636363636363637
2022-04-28T06:00-07:00,15.155807365439088
2022-04-28T06:15-07:00,17.370129870129865
2022-04-28T06:30-07:00,4.441260744985678
2022-04-28T06:45-07:00,14.809160305343516
2022-04-28T07:00-07:00,10.830860534124634
2022-04-28T07:15-07:00,10.64467766116941
2022-04-28T07:30-07:00,6.191117092866761
2022-04-28T07:45-07:00,12.084592145015101
2022-04-28T08:00-07:00,16.386554621848738
2022-04-28T08:15-07:00,11.077389984825498
2022-04-28T08:30-07:00,8.0
2022-04-28T08:45-07:00,10.36036036036036
2022-04-28T09:00-07:00,11.158798283261802
2022-04-28T09:15-07:00,6.232294617563735
2022-04-28T09:30-07:00,11.67582417582418
2022-04-28T09:45-07:00,3.6984352773826417
2022-04-28T10:00-07:00,14.206896551724142
2022-04-28T10:15-07:00,12.611275964391696
2022-04-28T10:30-07:00,6.624203821656043
2022-04-28T10:45-07:00,7.11237553342816
2022-04-28T11:00-07:00,5.1771117166212495
2022-04-28T11:15-07:00,6.56488549618321
2022-04-28T11:30-07:00,9.34579439252337
2022-04-28T11:45-07:00,5.579399141630907
2022-04-28T12:00-07:00,8.855585831062667
2022-04-28T12:15-07:00,13.278008298755188
2022-04-28T12:30-07:00,13.088235294117643
2022-04-28T12:45-07:00,9.95850622406639
2022-04-28T13:00-07:00,9.734513274336283
2022-04-28T13:15-07:00,11.608391608391603
2022-04-28T13:30-07:00,14.265335235378037
2022-04-28T13:45-07:00,4.680851063829787
2022-04-28T14:00-07:00,22.672064777327936
2022-04-28T14:15-07:00,5.361930294906171
2022-04-28T14:30-07:00,7.597173144876331
2022-04-28T14:45-07:00,13.090909090909092
2022-04-28T15:00-07:00,17.464788732394368
2022-04-28T15:15-07:00,14.084507042253525
2022-04-28T15:30-07:00,12.129760225669953
2022-04-28T15:45-07:00,13.428943937418518
2022-04-28T16:00-07:00,10.396716826265395
2022-04-28T16:15-07:00,16.08695652173913
2022-04-28T16:30-07:00,4.755244755244759
2022-04-28T16:45-07:00,16.282420749279535
2022-04-28T17:00-07:00,11.185983827493256
2022-04-28T17:15-07:00,10.703812316715547
2022-04-28T17:30-07:00,13.45609065155807
2022-04-28T17:45-07:00,8.845577211394298
2022-04-28T18:00-07:00,11.445783132530124
2022-04-28T18:15-07:00,12.295081967213115
2022-04-28T18:30-07:00,12.223858615611189
2022-04-28T18:45-07:00,17.87296898079764
2022-04-28T19:00-07:00,0.8658008658008658
2022-04-28T19:15-07:00,3.651685393258423
2022-04-28T19:30-07:00,8.591549295774653
2022-04-28T19:45-07:00,11.432706222865416
2022-04-28T20:00-07:00,8.41720036596524
2022-04-28T20:15-07:00,11.363636363636363
2022-04-28T20:30-07:00,8.17518248175182
2022-04-28T20:45-07:00,11.764705882352942
2022-04-28T21:00-07:00,8.553654743390362
2022-04-28T21:15-07:00,11.879699248120305
2022-04-28T21:30-07:00,3.4334763948497855
2022-04-28T21:45-07:00,5.370101596516696
2022-04-28T22:00-07:00,13.759999999999994
2022-04-28T22:15-07:00,16.491754122938524
2022-04-28T22:30-07:00,12.5
2022-04-28T22:45-07:00,9.436619718309863
2022-04-28T23:00-07:00,13.322884012539191
2022-04-28T23:15-07:00,7.826086956521739
2022-04-28T23:30-07:00,18.705035971223026
2022-04-28T23:45-07:00,8.044382801664359
2022-04-29T00:00-07:00,17.159763313609464
2022-04-29T00:15-07:00,9.63302752293578
2022-04-29T00:30-07:00,13.242009132420092
2022-04-29T00:45-07:00,10.084033613445378
2022-04-29T01:00-07:00,4.978038067349932
2022-04-29T01:15-07:00,8.62385321100917
2022-04-29T01:30-07:00,14.949201741654576
2022-04-29T01:45-07:00,4.017857142857143
2022-04-29T02:00-07:00,6.998654104979816
2022-04-29T02:15-07:00,9.953343701399694
2022-04-29T02:30-07:00,14.157973174366614
2022-04-29T02:45-07:00,13.004484304932735
2022-04-29T03:00-07:00,6.96378830083565
2022-04-29T03:15-07:00,10.549777117384838
2022-04-29T03:30-07:00,15.898959881129267
2022-04-29T03:45-07:00,12.68656716417911
2022-04-29T04:00-07:00,10.339734121122605
2022-04-29T04:15-07:00,13.469985358711563
2022-04-29T04:30-07:00,12.903225806451609
2022-04-29T04:45-07:00,9.090909090909092
2022-04-29T05:00-07:00,9.014084507042257
2022-04-29T05:15-07:00,10.502958579881652
2022-04-29T05:30-07:00,9.000900090008995
2022-04-29T05:45-07:00,11.826347305389227
2022-04-29T06:00-07:00,16.666666666666668
2022-04-29T06:15-07:00,8.974358974358974
2022-04-29T06:30-07:00,13.063063063063064
2022-04-29T06:45-07:00,11.73913043478261
2022-04-29T07:00-07:00,13.343799058084777
2022-04-29T07:15-07:00,11.455525606469006
2022-04-29T07:30-07:00,15.100154083204925
2022-04-29T07:45-07:00,9.489051094890506
2022-04-29T08:00-07:00,9.383378016085791
2022-04-29T08:15-07:00,3.7351443123938926
2022-04-29T08:30-07:00,6.086956521739131
2022-04-29T08:45-07:00,9.91847826086957
2022-04-29T09:00-07:00,7.017543859649122
2022-04-29T09:15-07:00,4.4
2022-04-29T09:30-07:00,5.6657223796034035
2022-04-29T09:45-07:00,9.129213483146062
2022-04-29T10:00-07:00,12.394366197183103
2022-04-29T10:15-07:00,10.0418410041841
2022-04-29T10:30-07:00,2.963917525773203
2022-04-29T10:45-07:00,10.027472527472533
2022-04-29T11:00-07:00,7.11237553342816
2022-04-29T11:15-07:00,13.140604467805524
2022-04-29T11:30-07:00,4.521276595744685
2022-04-29T11:45-07:00,3.6295369211514465
2022-04-29T12:00-07:00,7.355021216407359
2022-04-29T12:15-07:00,8.599167822468788
2022-04-29T12:30-07:00,8.88030888030888
2022-04-29T12:45-07:00,12.603878116343495
2022-04-29T13:00-07:00,4.774897680763979
2022-04-29T13:15-07:00,15.167785234899323
2022-04-29T13:30-07:00,9.623430962343097
2022-04-29T13:45-07:00,19.001386962552008
2022-04-29T14:00-07:00,8.620689655172415
2022-04-29T14:15-07:00,7.7562326869806055
2022-04-29T14:30-07:00,7.713884992987382
2022-04-29T14:45-07:00,8.51063829787234
2022-04-29T15:00-07:00,6.515957446808515
2022-04-29T15:15-07:00,18.119891008174392
2022-04-29T15:30-07:00,9.597523219814237
2022-04-29T15:45-07:00,9.776536312849167
2022-04-29T16:00-07:00,8.071748878923767
2022-04-29T16:15-07:00,15.937940761636103
2022-04-29T16:30-07:00,12.719298245614034
2022-04-29T16:45-07:00,5.714285714285714
2022-04-29T17:00-07:00,14.847161572052402
2022-04-29T17:15-07:00,5.627705627705628
2022-04-29T17:30-07:00,10.36496350364963
2022-04-29T17:45-07:00,7.33137829912023
2022-04-29T18:00-07:00,8.296943231441048
2022-04-29T18:15-07:00,15.567282321899741
2022-04-29T18:30-07:00,12.01157742402315
2022-04-29T18:45-07:00,11.009174311926605
2022-04-29T19:00-07:00,11.550151975683894
2022-04-29T19:15-07:00,11.11111111111111
2022-04-29T19:30-07:00,7.919463087248317
2022-04-29T19:45-07:00,10.487444608567204
2022-04-29T20:00-07:00,15.552325581395344
2022-04-29T20:15-07:00,11.44130757800891
2022-04-29T20:30-07:00,8.01104972375691
2022-04-29T20:45-07:00,4.196816208393628
2022-04-29T21:00-07:00,15.8284023668639
2022-04-29T21:15-07:00,3.7914691943127963
2022-04-29T21:30-07:00,18.01801801801802
2022-04-29T21:45-07:00,10.906515580736539
2022-04-29T22:00-07:00,11.607142857142858
2022-04-29T22:15-07:00,15.454545454545455
2022-04-29T22:30-07:00,12.199036918138047
2022-04-29T22:45-07:00,14.37802907915993
2022-04-29T23:00-07:00,10.159651669085637
2022-04-29T23:15-07:00,15.981735159817351
2022-04-29T23:30-07:00,12.724550898203598
2022-04-29T23:45-07:00,13.373860182370825
2022-04-30T00:00-07:00,9.5307917888563
2022-04-30T00:15-07:00,8.452722063037244
2022-04-30T00:30-07:00,13.728549141965685
2022-04-30T00:45-07:00,11.617647058823534
2022-04-30T01:00-07:00,16.31736526946108
2022-04-30T01:15-07:00,8.205841446453404
2022-04-30T01:30-07:00,5.5639097744360955
2022-04-30T01:45-07:00,14.940828402366858
2022-04-30T02:00-07:00,9.818731117824768
2022-04-30T02:15-07:00,19.104477611940293
2022-04-30T02:30-07:00,2.7496382054992803
2022-04-30T02:45-07:00,14.481707317073166
2022-04-30T03:00-07:00,12.042682926829274
2022-04-30T03:15-07:00,18.08510638297872
2022-04-30T03:30-07:00,8.701854493580605
2022-04-30T03:45-07:00,11.566617862371894
2022-04-30T04:00-07:00,7.017543859649122
2022-04-30T04:15-07:00,17.967599410898373
2022-04-30T04:30-07:00,2.9411764705882395
2022-04-30T04:45-07:00,7.659574468085107
2022-04-30T05:00-07:00,8.016877637130802
2022-04-30T05:15-07:00,13.233082706766922
2022-04-30T05:30-07:00,15.2073732718894
2022-04-30T05:45-07:00,12.1259842519685
2022-04-30T06:00-07:00,8.613138686131382
2022-04-30T06:15-07:00,10.271903323262835
2022-04-30T06:30-07:00,15.41984732824427
2022-04-30T06:45-07:00,11.297709923664117
2022-04-30T07:00-07:00,9.852941176470594
2022-04-30T07:15-07:00,12.125534950071332
2022-04-30T07:30-07:00,6.417910447761199
2022-04-30T07:45-07:00,12.145110410094631
2022-04-30T08:00-07:00,7.079646017699115
2022-04-30T08:15-07:00,9.913793103448276
2022-04-30T08:30-07:00,11.428571428571423
2022-04-30T08:45-07:00,15.241057542768267
2022-04-30T09:00-07:00,15.889212827988343
2022-04-30T09:15-07:00,1.632047477744803
2022-04-30T09:30-07:00,10.526315789473685
2022-04-30T09:45-07:00,6.0509554140127335
2022-04-30T10:00-07:00,14.242878560719635
2022-04-30T10:15-07:00,10.029940119760484
2022-04-30T10:30-07:00,16.099071207430335
2022-04-30T10:45-07:00,2.4691358024691357
2022-04-30T11:00-07:00,22.919937205651486
2022-04-30T11:15-07:00,11.516853932584274
2022-04-30T11:30-07:00,19.57142857142857
2022-04-30T11:45-07:00,8.07754442649434
2022-04-30T12:00-07:00,13.45609065155807
2022-04-30T12:15-07:00,14.090909090909092
2022-04-30T12:30-07:00,4.938271604938271
2022-04-30T12:45-07:00,13.22580645161291
2022-04-30T13:00-07:00,13.983050847457626
2022-04-30T13:15-07:00,10.401188707280836
2022-04-30T13:30-07:00,17.39130434782609
2022-04-30T13:45-07:00,11.127819548872177
2022-04-30T14:00-07:00,12.217194570135746
2022-04-30T14:15-07:00,13.063063063063064
2022-04-30T14:30-07:00,10.849056603773585
2022-04-30T14:45-07:00,7.142857142857148
2022-04-30T15:00-07:00,12.285714285714281
2022-04-30T15:15-07:00,8.085106382978724
2022-04-30T15:30-07:00,11.331444759206795
2022-04-30T15:45-07:00,7.122093023255818
2022-04-30T16:00-07:00,13.452914798206278
2022-04-30T16:15-07:00,10.762331838565023
2022-04-30T16:30-07:00,13.488372093023257
2022-04-30T16:45-07:00,18.842729970326413
2022-04-30T17:00-07:00,14.285714285714286
2022-04-30T17:15-07:00,16.571428571428566
2022-04-30T17:30-07:00,7.11237553342816
2022-04-30T17:45-07:00,14.372163388804836
2022-04-30T18:00-07:00,9.5307917888563
2022-04-30T18:15-07:00,15.384615384615385
2022-04-30T18:30-07:00,11.627906976744185
2022-04-30T18:45-07:00,12.724550898203598
2022-04-30T19:00-07:00,7.7272727272727275
2022-04-30T19:15-07:00,14.977973568281937
2022-04-30T19:30-07:00,13.283582089552233
2022-04-30T19:45-07:00,12.962962962962964
2022-04-30T20:00-07:00,12.275449101796413
2022-04-30T20:15-07:00,6.590257879656165
2022-04-30T20:30-07:00,8.668730650154794
2022-04-30T20:45-07:00,21.7457886676876
2022-04-30T21:00-07:00,13.684210526315795
2022-04-30T21:15-07:00,10.597014925373129
2022-04-30T21:30-07:00,5.934718100890213
2022-04-30T21:45-07:00,6.590257879656165
2022-04-30T22:00-07:00,21.832061068702288
2022-04-30T22:15-07:00,12.03007518796992
2022-04-30T22:30-07:00,15.467075038284834
2022-04-30T22:45-07:00,11.013215859030836
2022-04-30T23:00-07:00,10.73619631901841
2022-04-30T23:15-07:00,18.74062968515742
2022-04-30T23:30-07:00,8.878504672897197
2022-04-30T23:45-07:00,11.80124223602485
2022-05-01T00:00-07:00,10.126582278481013
2022-05-01T00:15-07:00,12.612612612612613
2022-05-01T00:30-07:00,14.1566265060241
2022-05-01T00:45-07:00,11.374407582938389
2022-05-01T01:00-07:00,9.361702127659575
2022-05-01T01:15-07:00,10.043668122270743
2022-05-01T01:30-07:00,14.03249630723781
2022-05-01T01:45-07:00,11.297709923664117
2022-05-01T02:00-07:00,18.769230769230766
2022-05-01T02:15-07:00,4.524886877828054
2022-05-01T02:30-07:00,19.440124416796262
2022-05-01T02:45-07:00,8.540372670807459
2022-05-01T03:00-07:00,18.196202531645575
2022-05-01T03:15-07:00,10.98430813124108
2022-05-01T03:30-07:00,10.81081081081081
2022-05-01T03:45-07:00,6.8807339449541285
2022-05-01T04:00-07:00,15.62974203338392
2022-05-01T04:15-07:00,10.432190760059617
2022-05-01T04:30-07:00,6.882022471910116
2022-05-01T04:45-07:00,4.930662557781197
2022-05-01T05:00-07:00,14.666666666666666
2022-05-01T05:15-07:00,15.562403697996913
2022-05-01T05:30-07:00,8.52017937219731
2022-05-01T05:45-07:00,3.9816232771822317
2022-05-01T06:00-07:00,14.923076923076929
2022-05-01T06:15-07:00,15.42056074766355
2022-05-01T06:30-07:00,14.570552147239258
2022-05-01T06:45-07:00,18.759231905465292
2022-05-01T07:00-07:00,7.8873239436619675
2022-05-01T07:15-07:00,16.918429003021153
2022-05-01T07:30-07:00,9.30232558139535
2022-05-01T07:45-07:00,15.41984732824427
2022-05-01T08:00-07:00,3.91608391608392
2022-05-01T08:15-07:00,14.350453172205434
2022-05-01T08:30-07:00,11.12737920937043
2022-05-01T08:45-07:00,14.307931570762047
2022-05-01T09:00-07:00,10.171919770773634
2022-05-01T09:15-07:00,8.671328671328666
2022-05-01T09:30-07:00,13.567073170731703
2022-05-01T09:45-07:00,21.06824925816024
2022-05-01T10:00-07:00,7.798165137614679
2022-05-01T10:15-07:00,12.16617210682493
2022-05-01T10:30-07:00,14.977973568281937
2022-05-01T10:45-07:00,15.132605304212174
2022-05-01T11:00-07:00,11.143695014662761
2022-05-01T11:15-07:00,9.800918836140893
2022-05-01T11:30-07:00,7.386363636363641
2022-05-01T11:45-07:00,7.613469985358717
2022-05-01T12:00-07:00,14.847161572052402
2022-05-01T12:15-07:00,10.028653295128946
2022-05-01T12:30-07:00,19.165378670788257
2022-05-01T12:45-07:00,6.882591093117409
2022-05-01T13:00-07:00,8.567208271787303
2022-05-01T13:15-07:00,10.218978102189785
2022-05-01T13:30-07:00,14.719271623672237
2022-05-01T13:45-07:00,4.813664596273297
2022-05-01T14:00-07:00,16.353111432706218
2022-05-01T14:15-07:00,12.741935483870973
2022-05-01T14:30-07:00,18.025751072961373
2022-05-01T14:45-07:00,8.810572687224669
2022-05-01T15:00-07:00,11.64901664145234
2022-05-01T15:15-07:00,14.746543778801843
2022-05-01T15:30-07:00,8.827785817655576
2022-05-01T15:45-07:00,10.47904191616767
2022-05-01T16:00-07:00,19.378698224852066
2022-05-01T16:15-07:00,10.619469026548673
2022-05-01T16:30-07:00,9.208633093525185
2022-05-01T16:45-07:00,6.259541984732819
2022-05-01T17:00-07:00,16.540212443095605
2022-05-01T17:15-07:00,10.304789550072565
2022-05-01T17:30-07:00,13.744075829383887
2022-05-01T17:45-07:00,5.154639175257727
2022-05-01T18:00-07:00,7.522123893805309
2022-05-01T18:15-07:00,12.703101920236332
2022-05-01T18:30-07:00,11.566617862371894
2022-05-01T18:45-07:00,16.1875945537065
2022-05-01T19:00-07:00,17.09531013615733
2022-05-01T19:15-07:00,6.925207756232683
2022-05-01T19:30-07:00,10.176991150442477
2022-05-01T19:45-07:00,7.923930269413623
2022-05-01T20:00-07:00,10.819165378670794
2022-05-01T20:15-07:00,13.114754098360661
2022-05-01T20:30-07:00,10.928143712574856
2022-05-01T20:45-07:00,11.11111111111111
2022-05-01T21:00-07:00,9.937888198757769
2022-05-01T21:15-07:00,16.56626506024096
2022-05-01T21:30-07:00,5.063291139240507
2022-05-01T21:45-07:00,8.849557522123893
2022-05-01T22:00-07:00,8.677098150782365
2022-05-01T22:15-07:00,11.214953271028037
2022-05-01T22:30-07:00,3.5616438356164344
2022-05-01T22:45-07:00,10.28744326777609
2022-05-01T23:00-07:00,8.618127786032694
2022-05-01T23:15-07:00,21.189024390243905
2022-05-01T23:30-07:00,13.441654357459385
2022-05-01T23:45-07:00,13.808139534883717
2022-05-02T00:00-07:00,10.381679389312971
2022-05-02T00:15-07:00,19.457013574660632
2022-05-02T00:30-07:00,9.865470852017937
2022-05-02T00:45-07:00,8.677685950413224
2022-05-02T01:00-07:00,5.286343612334802
2022-05-02T01:15-07:00,9.210526315789474
2022-05-02T01:30-07:00,14.492753623188406
2022-05-02T01:45-07:00,3.5971223021582777
2022-05-02T02:00-07:00,12.5
2022-05-02T02:15-07:00,11.331444759206795
2022-05-02T02:30-07:00,15.454545454545455
2022-05-02T02:45-07:00,15.919629057187022
2022-05-02T03:00-07:00,7.890743550834603
2022-05-02T03:15-07:00,18.94273127753304
2022-05-02T03:30-07:00,13.198757763975161
2022-05-02T03:45-07:00,16.403785488958984
2022-05-02T04:00-07:00,9.71428571428571
2022-05-02T04:15-07:00,10.0
2022-05-02T04:30-07:00,10.204081632653056
2022-05-02T04:45-07:00,18.113772455089826
2022-05-02T05:00-07:00,15.555555555555555
2022-05-02T05:15-07:00,9.129213483146062
2022-05-02T05:30-07:00,13.293051359516621
2022-05-02T05:45-07:00,11.16504854368932
2022-05-02T06:00-07:00,10.49475262368816
2022-05-02T06:15-07:00,6.31741140215716
2022-05-02T06:30-07:00,12.359550561797757
2022-05-02T06:45-07:00,14.351851851851851
2022-05-02T07:00-07:00,17.857142857142858
2022-05-02T07:15-07:00,12.957317073170737
2022-05-02T07:30-07:00,8.689248895434458
2022-05-02T07:45-07:00,12.769230769230765
2022-05-02T08:00-07:00,14.970059880239527
2022-05-02T08:15-07:00,11.02719033232629
2022-05-02T08:30-07:00,6.960227272727278
2022-05-02T08:45-07:00,5.73065902578797
2022-05-02T09:00-07:00,12.721893491124256
2022-05-02T09:15-07:00,9.66767371601209
2022-05-02T09:30-07:00,16.763848396501462
2022-05-02T09:45-07:00,3.009575923392617
2022-05-02T10:00-07:00,10.540915395284332
2022-05-02T10:15-07:00,13.706293706293701
2022-05-02T10:30-07:00,8.049113233287853
2022-05-02T10:45-07:00,9.426229508196721
2022-05-02T11:00-07:00,7.951482479784362
2022-05-02T11:15-07:00,8.733624454148472
2022-05-02T11:30-07:00,12.393162393162394
2022-05-02T11:45-07:00,10.37344398340249
2022-05-02T12:00-07:00,2.661596958174905
2022-05-02T12:15-07:00,6.015037593984962
2022-05-02T12:30-07:00,10.027472527472533
2022-05-02T12:45-07:00,12.960436562073665
2022-05-02T13:00-07:00,7.381615598885789
2022-05-02T13:15-07:00,12.350597609561753
2022-05-02T13:30-07:00,3.3783783783783825
2022-05-02T13:45-07:00,6.224627875507447
2022-05-02T14:00-07:00,10.32531824611033
2022-05-02T14:15-07:00,9.165526675786598
2022-05-02T14:30-07:00,11.747851002865335
2022-05-02T14:45-07:00,8.599167822468788
2022-05-02T15:00-07:00,9.95850622406639
2022-05-02T15:15-07:00,4.8
2022-05-02T15:30-07:00,4.055944055944051
2022-05-02T15:45-07:00,9.239940387481367
2022-05-02T16:00-07:00,11.331444759206795
2022-05-02T16:15-07:00,12.951807228915657
2022-05-02T16:30-07:00,14.224137931034482
2022-05-02T16:45-07:00,14.347826086956522
2022-05-02T17:00-07:00,5.427408412483044
2022-05-02T17:15-07:00,8.0
2022-05-02T17:30-07:00,9.31506849315068
2022-05-02T17:45-07:00,5.8558558558558556
2022-05-02T18:00-07:00,13.991769547325102
2022-05-02T18:15-07:00,5.439330543933054
2022-05-02T18:30-07:00,3.75
2022-05-02T18:45-07:00,6.578947368421052
2022-05-02T19:00-07:00,9.722222222222221
2022-05-02T19:15-07:00,10.260336906584998
2022-05-02T19:30-07:00,9.482758620689655
2022-05-02T19:45-07:00,4.8034934497816595
2022-05-02T20:00-07:00,18.48341232227488
2022-05-02T20:15-07:00,12.30101302460203
2022-05-02T20:30-07:00,14.677419354838715
2022-05-02T20:45-07:00,12.447552447552443
2022-05-02T21:00-07:00,13.525835866261392
2022-05-02T21:15-07:00,18.614718614718615
2022-05-02T21:30-07:00,8.72781065088757
2022-05-02T21:45-07:00,5.1204819277108475
2022-05-02T22:00-07:00,6.3559322033898304
2022-05-02T22:15-07:00,16.52173913043478
2022-05-02T22:30-07:00,13.839285714285714
2022-05-02T22:45-07:00,17.04035874439462
2022-05-02T23:00-07:00,2.8208744710860327
2022-05-02T23:15-07:00,16.76646706586827
2022-05-02T23:30-07:00,12.998522895125559
2022-05-02T23:45-07:00,11.195158850226923
2022-05-03T00:00-07:00,9.606986899563319
2022-05-03T00:15-07:00,8.664772727272732
2022-05-03T00:30-07:00,13.373860182370825
2022-05-03T00:45-07:00,11.585365853658542
2022-05-03T01:00-07:00,12.285714285714281
2022-05-03T01:15-07:00,5.6
2022-05-03T01:30-07:00,11.856474258970364
2022-05-03T01:45-07:00,11.846153846153841
2022-05-03T02:00-07:00,9.090909090909097
2022-05-03T02:15-07:00,12.177650429799431
2022-05-03T02:30-07:00,9.30232558139535
2022-05-03T02:45-07:00,14.622641509433961
2022-05-03T03:00-07:00,14.224751066856333
2022-05-03T03:15-07:00,6.2138728323699475
2022-05-03T03:30-07:00,8.714285714285719
2022-05-03T03:45-07:00,5.961251862891213
2022-05-03T04:00-07:00,15.14242878560719
2022-05-03T04:15-07:00,9.624060150375945
2022-05-03T04:30-07:00,8.17518248175182
2022-05-03T04:45-07:00,14.93212669683258
2022-05-03T05:00-07:00,9.40665701881331
2022-05-03T05:15-07:00,10.952380952380953
2022-05-03T05:30-07:00,5.579399141630901
2022-05-03T05:45-07:00,13.857142857142861
2022-05-03T06:00-07:00,13.513513513513514
2022-05-03T06:15-07:00,12.796208530805687
2022-05-03T06:30-07:00,16.617210682492587
2022-05-03T06:45-07:00,6.9591527987897175
2022-05-03T07:00-07:00,12.386706948640489
2022-05-03T07:15-07:00,12.78195488721805
2022-05-03T07:30-07:00,10.091743119266056
2022-05-03T07:45-07:00,6.521739130434782
2022-05-03T08:00-07:00,7.2046109510086405
2022-05-03T08:15-07:00,8.983799705449194
2022-05-03T08:30-07:00,13.808139534883717
2022-05-03T08:45-07:00,7.475317348377993
2022-05-03T09:00-07:00,3.059805285118224
2022-05-03T09:15-07:00,5.371900826446281
2022-05-03T09:30-07:00,7.232267037552161
2022-05-03T09:45-07:00,5.357142857142857
2022-05-03T10:00-07:00,0.7782101167315175
2022-05-03T10:15-07:00,6.343283582089552
2022-05-03T10:30-07:00,2.642007926023774
2022-05-03T10:45-07:00,10.274963820549923
2022-05-03T11:00-07:00,5.98052851182198
2022-05-03T11:15-07:00,4.975124378109452
2022-05-03T11:30-07:00,9.523809523809524
2022-05-03T11:45-07:00,1.5427769985974715
2022-05-03T12:00-07:00,12.129760225669953
2022-05-03T12:15-07:00,3.11730926989336
2022-05-03T12:30-07:00,4.9295774647887285
2022-05-03T12:45-07:00,3.2663316582914574
2022-05-03T13:00-07:00,9.051094890510944
2022-05-03T13:15-07:00,8.344733242134067
2022-05-03T13:30-07:00,17.44505494505495
2022-05-03T13:45-07:00,5.740987983978643
2022-05-03T14:00-07:00,4.7169811320754675
2022-05-03T14:15-07:00,5.8823529411764754
2022-05-03T14:30-07:00,13.908205841446458
2022-05-03T14:45-07:00,8.423913043478256
2022-05-03T15:00-07:00,15.096952908587262
2022-05-03T15:15-07:00,9.051724137931034
2022-05-03T15:30-07:00,10.471204188481671
2022-05-03T15:45-07:00,8.149171270718227
2022-05-03T16:00-07:00,9.876543209876543
2022-05-03T16:15-07:00,14.163090128755364
2022-05-03T16:30-07:00,6.557377049180328
2022-05-03T16:45-07:00,8.733624454148472
2022-05-03T17:00-07:00,5.579399141630901
2022-05-03T17:15-07:00,2.8225806451612905
2022-05-03T17:30-07:00,15.484804630969604
2022-05-03T17:45-07:00,10.61452513966481
2022-05-03T18:00-07:00,11.711711711711711
2022-05-03T18:15-07:00,8.791208791208796
2022-05-03T18:30-07:00,7.207207207207207
2022-05-03T18:45-07:00,9.745762711864407
2022-05-03T19:00-07:00,11.36690647482015
2022-05-03T19:15-07:00,11.747851002865335
2022-05-03T19:30-07:00,9.015256588072118
2022-05-03T19:45-07:00,6.543385490753916
2022-05-03T20:00-07:00,8.054711246200602
2022-05-03T20:15-07:00,12.8935532233883
2022-05-03T20:30-07:00,11.206896551724139
2022-05-03T20:45-07:00,12.709497206703915
2022-05-03T21:00-07:00,1.25
2022-05-03T21:15-07:00,13.574660633484163
2022-05-03T21:30-07:00,13.615023474178404
2022-05-03T21:45-07:00,15.981735159817351
2022-05-03T22:00-07:00,5.419580419580425
2022-05-03T22:15-07:00,13.055954088952658
2022-05-03T22:30-07:00,17.629179331306986
2022-05-03T22:45-07:00,12.229102167182667
2022-05-03T23:00-07:00,12.879884225759763
2022-05-03T23:15-07:00,9.724238026124823
2022-05-03T23:30-07:00,14.641288433382142
2022-05-03T23:45-07:00,20.000000000000004
2022-05-04T00:00-07:00,11.49253731343283
2022-05-04T00:15-07:00,12.170087976539584
2022-05-04T00:30-07:00,5.394190871369295
2022-05-04T00:45-07:00,13.793103448275856
2022-05-04T01:00-07:00,15.044247787610619
2022-05-04T01:15-07:00,13.62940275650842
2022-05-04T01:30-07:00,6.382978723404255
2022-05-04T01:45-07:00,9.34150076569679
2022-05-04T02:00-07:00,13.808801213960551
2022-05-04T02:15-07:00,16.718749999999993
2022-05-04T02:30-07:00,12.609970674486798
2022-05-04T02:45-07:00,9.012875536480687
2022-05-04T03:00-07:00,3.105590062111797
2022-05-04T03:15-07:00,13.609467455621296
2022-05-04T03:30-07:00,8.912386706948636
2022-05-04T03:45-07:00,7.910447761194025
2022-05-04T04:00-07:00,9.01162790697674
2022-05-04T04:15-07:00,13.649851632047474
2022-05-04T04:30-07:00,15.970149253731337
2022-05-04T04:45-07:00,16.363636363636363
2022-05-04T05:00-07:00,5.217391304347826
2022-05-04T05:15-07:00,19.097744360902258
2022-05-04T05:30-07:00,10.714285714285714
2022-05-04T05:45-07:00,22.541603630862326
2022-05-04T06:00-07:00,6.905829596412562
2022-05-04T06:15-07:00,9.9554234769688
2022-05-04T06:30-07:00,18.51851851851852
2022-05-04T06:45-07:00,18.604651162790695
2022-05-04T07:00-07:00,8.042488619119874
2022-05-04T07:15-07:00,13.513513513513509
2022-05-04T07:30-07:00,9.90566037735849
2022-05-04T07:45-07:00,13.114754098360661
2022-05-04T08:00-07:00,11.402157164869024
2022-05-04T08:15-07:00,2.767857142857138
2022-05-04T08:30-07:00,13.36405529953917
2022-05-04T08:45-07:00,10.944527736131938
2022-05-04T09:00-07:00,15.813953488372093
2022-05-04T09:15-07:00,8.07453416149069
2022-05-04T09:30-07:00,11.416781292984865
2022-05-04T09:45-07:00,9.295352323838076
2022-05-04T10:00-07:00,7.755102040816326
2022-05-04T10:15-07:00,5.522388059701497
2022-05-04T10:30-07:00,5.7553956834532425
2022-05-04T10:45-07:00,5.738880918220951
2022-05-04T11:00-07:00,4.4619422572178475
2022-05-04T11:15-07:00,8.016877637130802
2022-05-04T11:30-07:00,9.735744089012522
2022-05-04T11:45-07:00,7.4130105900151335
2022-05-04T12:00-07:00,5.194805194805195
2022-05-04T12:15-07:00,3.3829499323410053
2022-05-04T12:30-07:00,2.9530201342281917
2022-05-04T12:45-07:00,18.155197657393852
2022-05-04T13:00-07:00,3.5555555555555554
2022-05-04T13:15-07:00,16.326530612244902
2022-05-04T13:30-07:00,10.504201680672269
2022-05-04T13:45-07:00,13.135593220338983
2022-05-04T14:00-07:00,13.537117903930131
2022-05-04T14:15-07:00,10.55634807417974
2022-05-04T14:30-07:00,14.608433734939764
2022-05-04T14:45-07:00,9.833585476550676
2022-05-04T15:00-07:00,15.06276150627615
2022-05-04T15:15-07:00,10.762942779291558
2022-05-04T15:30-07:00,7.53911806543385
2022-05-04T15:45-07:00,6.607929515418502
2022-05-04T16:00-07:00,3.58620689655172
2022-05-04T16:15-07:00,8.21192052980132
2022-05-04T16:30-07:00,8.853410740203199
2022-05-04T16:45-07:00,13.777777777777779
2022-05-04T17:00-07:00,10.204081632653061
2022-05-04T17:15-07:00,10.729613733905579
2022-05-04T17:30-07:00,3.950953678474111
2022-05-04T17:45-07:00,10.81081081081081
2022-05-04T18:00-07:00,4.568527918781726
2022-05-04T18:15-07:00,3.203342618384397
2022-05-04T18:30-07:00,5.192878338278927
2022-05-04T18:45-07:00,9.34150076569679
2022-05-04T19:00-07:00,7.181328545780976
2022-05-04T19:15-07:00,9.117647058823525
2022-05-04T19:30-07:00,16.037735849056602
2022-05-04T19:45-07:00,4.621848739495798
2022-05-04T20:00-07:00,11.11111111111111
2022-05-04T20:15-07:00,12.5
2022-05-04T20:30-07:00,15.249266862170083
2022-05-04T20:45-07:00,13.629160063391437
2022-05-04T21:00-07:00,10.823170731707313
2022-05-04T21:15-07:00,10.045662100456621
2022-05-04T21:30-07:00,8.796296296296296
2022-05-04T21:45-07:00,16.082802547770694
2022-05-04T22:00-07:00,13.343328335832078
2022-05-04T22:15-07:00,11.359999999999994
2022-05-04T22:30-07:00,5.240793201133148
2022-05-04T22:45-07:00,7.401574803149602
2022-05-04T23:00-07:00,14.222222222222221
2022-05-04T23:15-07:00,12.968749999999995
2022-05-04T23:30-07:00,13.057851239669427
2022-05-04T23:45-07:00,7.386363636363641
2022-05-05T00:00-07:00,14.566284779050733
2022-05-05T00:15-07:00,9.601181683899553
2022-05-05T00:30-07:00,19.631901840490794
2022-05-05T00:45-07:00,15.241057542768267
2022-05-05T01:00-07:00,8.225108225108226
2022-05-05T01:15-07:00,9.049773755656108
2022-05-05T01:30-07:00,13.302752293577981
2022-05-05T01:45-07:00,15.592203898050968
2022-05-05T02:00-07:00,11.345218800648304
2022-05-05T02:15-07:00,16.255442670537015
2022-05-05T02:30-07:00,14.984227129337533
2022-05-05T02:45-07:00,17.692307692307697
2022-05-05T03:00-07:00,7.383627608346715
2022-05-05T03:15-07:00,15.993788819875782
2022-05-05T03:30-07:00,6.7946824224519995
2022-05-05T03:45-07:00,12.499999999999995
2022-05-05T04:00-07:00,14.395099540581935
2022-05-05T04:15-07:00,13.600000000000005
2022-05-05T04:30-07:00,10.138248847926267
2022-05-05T04:45-07:00,5.381165919282512
2022-05-05T05:00-07:00,16.84698608964452
2022-05-05T05:15-07:00,8.890925756186979
2022-05-05T05:30-07:00,7.060518731988477
2022-05-05T05:45-07:00,12.102874432677755
2022-05-05T06:00-07:00,15.419161676646713
2022-05-05T06:15-07:00,14.992272024729527
2022-05-05T06:30-07:00,17.455621301775153
2022-05-05T06:45-07:00,6.25
2022-05-05T07:00-07:00,15.015974440894574
2022-05-05T07:15-07:00,9.239940387481367
2022-05-05T07:30-07:00,17.469879518072283
2022-05-05T07:45-07:00,4.25531914893617
2022-05-05T08:00-07:00,12.5
2022-05-05T08:15-07:00,8.769448373408766
2022-05-05T08:30-07:00,13.875598086124402
2022-05-05T08:45-07:00,5.067064083457531
2022-05-05T09:00-07:00,8.695652173913043
2022-05-05T09:15-07:00,2.9535864978902953
2022-05-05T09:30-07:00,10.477657935285048
2022-05-05T09:45-07:00,1.500441306266554
2022-05-05T10:00-07:00,2.7131782945736433
2022-05-05T10:15-07:00,5.059920106524629
2022-05-05T10:30-07:00,4.456824512534815
2022-05-05T10:45-07:00,10.928143712574856
2022-05-05T11:00-07:00,1.2787723785166167
2022-05-05T11:15-07:00,5.233380480905238
2022-05-05T11:30-07:00,1.67224080267559
2022-05-05T11:45-07:00,3.5264483627203957
2022-05-05T12:00-07:00,9.59097320169252
2022-05-05T12:15-07:00,5.292479108635093
2022-05-05T12:30-07:00,11.158798283261802
2022-05-05T12:45-07:00,14.060258249641315
2022-05-05T13:00-07:00,9.557774607703285
2022-05-05T13:15-07:00,6.318681318681323
2022-05-05T13:30-07:00,10.709117221418229
2022-05-05T13:45-07:00,10.422535211267602
2022-05-05T14:00-07:00,8.416547788873034
2022-05-05T14:15-07:00,12.760055478502075
2022-05-05T14:30-07:00,10.749646393210755
2022-05-05T14:45-07:00,21.104815864022658
2022-05-05T15:00-07:00,14.040114613180512
2022-05-05T15:15-07:00,12.554112554112555
2022-05-05T15:30-07:00,8.000000000000005
2022-05-05T15:45-07:00,11.126760563380287
2022-05-05T16:00-07:00,4.610951008645529
2022-05-05T16:15-07:00,16.810344827586206
2022-05-05T16:30-07:00,3.8404726735598187
2022-05-05T16:45-07:00,4.0502793296089346
2022-05-05T17:00-07:00,8.558558558558559
2022-05-05T17:15-07:00,9.565217391304348
2022-05-05T17:30-07:00,15.62974203338392
2022-05-05T17:45-07:00,5.726872246696035
2022-05-05T18:00-07:00,15.652173913043478
2022-05-05T18:15-07:00,8.108108108108109
2022-05-05T18:30-07:00,11.312217194570136
2022-05-05T18:45-07:00,6.734992679355789
2022-05-05T19:00-07:00,8.032128514056225
2022-05-05T19:15-07:00,13.981762917933125
2022-05-05T19:30-07:00,11.53262518968134
2022-05-05T19:45-07:00,11.057692307692308
2022-05-05T20:00-07:00,12.391930835734865
2022-05-05T20:15-07:00,18.816388467374814
2022-05-05T20:30-07:00,5.19662921348315
2022-05-05T20:45-07:00,10.55045871559633
2022-05-05T21:00-07:00,10.43723554301833
2022-05-05T21:15-07:00,10.52631578947368
2022-05-05T21:30-07:00,12.998522895125559
2022-05-05T21:45-07:00,4.310344827586207
2022-05-05T22:00-07:00,15.007429420505195
2022-05-05T22:15-07:00,11.669128508124082
2022-05-05T22:30-07:00,17.721518987341778
2022-05-05T22:45-07:00,7.624633431085049
2022-05-05T23:00-07:00,5.20547945205479
2022-05-05T23:15-07:00,13.698630136986305
2022-05-05T23:30-07:00,10.628742514970055
2022-05-05T23:45-07:00,10.194902548725633
2022-05-06T00:00-07:00,7.5829383886255926
2022-05-06T00:15-07:00,13.973799126637555
2022-05-06T00:30-07:00,10.624999999999995
2022-05-06T00:45-07:00,11.300309597523224
2022-05-06T01:00-07:00,13.029827315541596
2022-05-06T01:15-07:00,11.483253588516746
2022-05-06T01:30-07:00,6.340057636887603
2022-05-06T01:45-07:00,11.45374449339207
2022-05-06T02:00-07:00,10.045662100456621
2022-05-06T02:15-07:00,17.236255572065375
2022-05-06T02:30-07:00,13.169984686064314
2022-05-06T02:45-07:00,10.369318181818187
2022-05-06T03:00-07:00,12.669683257918551
2022-05-06T03:15-07:00,10.24096385542168
2022-05-06T03:30-07:00,10.476190476190476
2022-05-06T03:45-07:00,7.142857142857143
2022-05-06T04:00-07:00,11.63859111791731
2022-05-06T04:15-07:00,16.0246533127889
2022-05-06T04:30-07:00,12.0
2022-05-06T04:45-07:00,13.476263399693726
2022-05-06T05:00-07:00,16.517857142857142
2022-05-06T05:15-07:00,6.986899563318778
2022-05-06T05:30-07:00,10.014727540500731
2022-05-06T05:45-07:00,6.9591527987897175
2022-05-06T06:00-07:00,15.79804560260587
2022-05-06T06:15-07:00,8.491947291361646
2022-05-06T06:30-07:00,6.395348837209298
2022-05-06T06:45-07:00,11.864406779661012
2022-05-06T07:00-07:00,20.826952526799392
2022-05-06T07:15-07:00,12.612612612612613
2022-05-06T07:30-07:00,2.2818791946308687
2022-05-06T07:45-07:00,14.705882352941181
2022-05-06T08:00-07:00,11.83144246353323
2022-05-06T08:15-07:00,8.11775200713648
2022-05-06T08:30-07:00,6.346749226006187
2022-05-06T08:45-07:00,10.458452722063042
2022-05-06T09:00-07:00,9.417040358744394
2022-05-06T09:15-07:00,13.10751104565537
2022-05-06T09:30-07:00,7.174231332357253
2022-05-06T09:45-07:00,18.573551263001484
2022-05-06T10:00-07:00,2.0408163265306123
2022-05-06T10:15-07:00,13.88478581979321
2022-05-06T10:30-07:00,19.642857142857142
2022-05-06T10:45-07:00,11.09570041608876
2022-05-06T11:00-07:00,14.456035767511183
2022-05-06T11:15-07:00,12.195121951219512
2022-05-06T11:30-07:00,4.466858789625364
2022-05-06T11:45-07:00,10.330578512396695
2022-05-06T12:00-07:00,3.8123167155425177
2022-05-06T12:15-07:00,10.91703056768559
2022-05-06T12:30-07:00,4.347826086956526
2022-05-06T12:45-07:00,7.293127629733525
2022-05-06T13:00-07:00,5.678670360110799
2022-05-06T13:15-07:00,15.738161559888574
2022-05-06T13:30-07:00,5.668016194331984
2022-05-06T13:45-07:00,1.3586956521739169
2022-05-06T14:00-07:00,0.6596306068601546
2022-05-06T14:15-07:00,4.8951048951048906
2022-05-06T14:30-07:00,10.80711354309166
2022-05-06T14:45-07:00,4.245973645680816
2022-05-06T15:00-07:00,12.499999999999995
2022-05-06T15:15-07:00,12.716763005780352
2022-05-06T15:30-07:00,12.112676056338024
2022-05-06T15:45-07:00,9.051724137931034
2022-05-06T16:00-07:00,13.62275449101797
2022-05-06T16:15-07:00,7.623318385650224
2022-05-06T16:30-07:00,4.768392370572203
2022-05-06T16:45-07:00,0.7012622720897577
2022-05-06T17:00-07:00,9.95475113122172
2022-05-06T17:15-07:00,8.928571428571429
2022-05-06T17:30-07:00,9.777777777777779
2022-05-06T17:45-07:00,3.987730061349689
2022-05-06T18:00-07:00,10.204081632653066
2022-05-06T18:15-07:00,12.556732223903172
2022-05-06T18:30-07:00,11.815561959654183
2022-05-06T18:45-07:00,3.244005641748938
2022-05-06T19:00-07:00,9.33544303797468
2022-05-06T19:15-07:00,13.656387665198238
2022-05-06T19:30-07:00,14.946070878274272
2022-05-06T19:45-07:00,13.010590015128587
2022-05-06T20:00-07:00,10.830860534124634
2022-05-06T20:15-07:00,2.425106990014261
2022-05-06T20:30-07:00,10.719754977029101
2022-05-06T20:45-07:00,9.25644916540213
2022-05-06T21:00-07:00,11.312217194570136
2022-05-06T21:15-07:00,12.18424962852898
2022-05-06T21:30-07:00,2.5974025974025974
2022-05-06T21:45-07:00,15.495207667731636
2022-05-06T22:00-07:00,15.349544072948323
2022-05-06T22:15-07:00,14.467408585055649
2022-05-06T22:30-07:00,16.465256797583088
2022-05-06T22:45-07:00,10.502283105022832
2022-05-06T23:00-07:00,4.664723032069967
2022-05-06T23:15-07:00,12.300319488817888
2022-05-06T23:30-07:00,11.0236220472441
2022-05-06T23:45-07:00,12.857142857142858
2022-05-07T00:00-07:00,6.596701649175407
2022-05-07T00:15-07:00,9.766763848396506
2022-05-07T00:30-07:00,9.886547811993523
2022-05-07T00:45-07:00,22.139673105497767
2022-05-07T01:00-07:00,9.472049689440999
2022-05-07T01:15-07:00,9.598853868194848
2022-05-07T01:30-07:00,14.196567862714515
2022-05-07T01:45-07:00,12.785388127853881
2022-05-07T02:00-07:00,16.14906832298136
2022-05-07T02:15-07:00,9.701492537313428
2022-05-07T02:30-07:00,6.626506024096381
2022-05-07T02:45-07:00,18.51851851851852
2022-05-07T03:00-07:00,12.67605633802817
2022-05-07T03:15-07:00,11.671924290220815
2022-05-07T03:30-07:00,6.818181818181818
2022-05-07T03:45-07:00,9.7841726618705
2022-05-07T04:00-07:00,14.37802907915993
2022-05-07T04:15-07:00,7.4018126888217575
2022-05-07T04:30-07:00,14.774494556765157
2022-05-07T04:45-07:00,7.591240875912413
2022-05-07T05:00-07:00,15.668202764976959
2022-05-07T05:15-07:00,12.98076923076923
2022-05-07T05:30-07:00,16.082802547770694
2022-05-07T05:45-07:00,7.692307692307688
2022-05-07T06:00-07:00,8.2089552238806
2022-05-07T06:15-07:00,10.55045871559633
2022-05-07T06:30-07:00,11.864406779661012
2022-05-07T06:45-07:00,11.26961483594865
2022-05-07T07:00-07:00,11.790393013100436
2022-05-07T07:15-07:00,12.811980033277864
2022-05-07T07:30-07:00,15.021459227467812
2022-05-07T07:45-07:00,13.535031847133762
2022-05-07T08:00-07:00,6.437768240343348
2022-05-07T08:15-07:00,10.692771084337345
2022-05-07T08:30-07:00,17.85714285714286
2022-05-07T08:45-07:00,9.643916913946583
2022-05-07T09:00-07:00,11.057692307692308
2022-05-07T09:15-07:00,1.3043478260869565
2022-05-07T09:30-07:00,18.571428571428573
2022-05-07T09:45-07:00,14.666666666666666
2022-05-07T10:00-07:00,13.538461538461544
2022-05-07T10:15-07:00,2.192982456140351
2022-05-07T10:30-07:00,0.8438818565400844
2022-05-07T10:45-07:00,12.55886970172684
2022-05-07T11:00-07:00,7.910447761194025
2022-05-07T11:15-07:00,17.289719626168225
2022-05-07T11:30-07:00,6.666666666666667
2022-05-07T11:45-07:00,15.014577259475224
2022-05-07T12:00-07:00,11.45374449339207
2022-05-07T12:15-07:00,15.275590551181107
2022-05-07T12:30-07:00,10.36036036036036
2022-05-07T12:45-07:00,18.04043545878693
2022-05-07T13:00-07:00,14.19354838709678
2022-05-07T13:15-07:00,17.289719626168225
2022-05-07T13:30-07:00,3.225806451612903
2022-05-07T13:45-07:00,13.343328335832078
2022-05-07T14:00-07:00,8.095238095238095
2022-05-07T14:15-07:00,19.465081723625552
2022-05-07T14:30-07:00,9.472049689440999
2022-05-07T14:45-07:00,12.499999999999995
2022-05-07T15:00-07:00,12.3367198838897
2022-05-07T15:15-07:00,13.871951219512201
2022-05-07T15:30-07:00,10.166919575113814
2022-05-07T15:45-07:00,8.571428571428571
2022-05-07T16:00-07:00,6.521739130434782
2022-05-07T16:15-07:00,12.769010043041602
2022-05-07T16:30-07:00,9.937888198757769
2022-05-07T16:45-07:00,12.338593974175032
2022-05-07T17:00-07:00,19.808306709265178
2022-05-07T17:15-07:00,7.496251874062963
2022-05-07T17:30-07:00,10.31976744186046
2022-05-07T17:45-07:00,4.513399153737654
2022-05-07T18:00-07:00,10.920436817472705
2022-05-07T18:15-07:00,8.715596330275229
2022-05-07T18:30-07:00,13.549337260677461
2022-05-07T18:45-07:00,14.503816793893124
2022-05-07T19:00-07:00,7.442489851150207
2022-05-07T19:15-07:00,13.091482649842266
2022-05-07T19:30-07:00,9.495548961424337
2022-05-07T19:45-07:00,15.930599369085169
2022-05-07T20:00-07:00,8.628005657708632
2022-05-07T20:15-07:00,2.2831050228310503
2022-05-07T20:30-07:00,11.661807580174923
2022-05-07T20:45-07:00,14.61187214611872
2022-05-07T21:00-07:00,10.159651669085637
2022-05-07T21:15-07:00,6.8807339449541285
2022-05-07T21:30-07:00,12.499999999999995
2022-05-07T21:45-07:00,13.62275449101797
2022-05-07T22:00-07:00,11.682242990654206
2022-05-07T22:15-07:00,11.195158850226923
2022-05-07T22:30-07:00,9.734513274336283
2022-05-07T22:45-07:00,10.045662100456621
2022-05-07T23:00-07:00,12.238805970149258
2022-05-07T23:15-07:00,7.949125596184415
2022-05-07T23:30-07:00,7.017543859649122
2022-05-07T23:45-07:00,9.333333333333334
2022-05-08T00:00-07:00,13.354037267080741
2022-05-08T00:15-07:00,12.903225806451609
2022-05-08T00:30-07:00,13.270142180094787
2022-05-08T00:45-07:00,10.385756676557868
2022-05-08T01:00-07:00,4.97737556561086
2022-05-08T01:15-07:00,15.748031496062998
2022-05-08T01:30-07:00,5.990783410138249
2022-05-08T01:45-07:00,14.264036418816394
2022-05-08T02:00-07:00,7.485029940119756
2022-05-08T02:15-07:00,10.0
2022-05-08T02:30-07:00,18.196202531645575
2022-05-08T02:45-07:00,11.933534743202422
2022-05-08T03:00-07:00,6.042296072507558
2022-05-08T03:15-07:00,9.6728307254623
2022-05-08T03:30-07:00,4.651162790697675
2022-05-08T03:45-07:00,9.090909090909092
2022-05-08T04:00-07:00,7.657657657657658
2022-05-08T04:15-07:00,9.4224924012158
2022-05-08T04:30-07:00,11.53262518968134
2022-05-08T04:45-07:00,10.182370820668698
2022-05-08T05:00-07:00,13.435114503816799
2022-05-08T05:15-07:00,9.61538461538461
2022-05-08T05:30-07:00,9.7331240188383
2022-05-08T05:45-07:00,12.324492979719194
2022-05-08T06:00-07:00,11.11111111111111
2022-05-08T06:15-07:00,3.587443946188341
2022-05-08T06:30-07:00,8.472012102874427
2022-05-08T06:45-07:00,9.643916913946583
2022-05-08T07:00-07:00,16.894977168949772
2022-05-08T07:15-07:00,2.9940119760479003
2022-05-08T07:30-07:00,12.16617210682493
2022-05-08T07:45-07:00,10.229007633587791
2022-05-08T08:00-07:00,16.949152542372875
2022-05-08T08:15-07:00,11.930926216640508
2022-05-08T08:30-07:00,9.985096870342778
2022-05-08T08:45-07:00,13.855421686746983
2022-05-08T09:00-07:00,17.629179331306986
2022-05-08T09:15-07:00,17.757009345794394
2022-05-08T09:30-07:00,8.93118594436311
2022-05-08T09:45-07:00,4.5790251107828706
2022-05-08T10:00-07:00,12.848297213622285
2022-05-08T10:15-07:00,9.502262443438914
2022-05-08T10:30-07:00,5.777777777777778
2022-05-08T10:45-07:00,5.714285714285714
2022-05-08T11:00-07:00,5.555555555555555
2022-05-08T11:15-07:00,6.478873239436624
2022-05-08T11:30-07:00,5.337519623233914
2022-05-08T11:45-07:00,14.683153013910351
2022-05-08T12:00-07:00,7.784431137724556
2022-05-08T12:15-07:00,12.556732223903172
2022-05-08T12:30-07:00,9.090909090909095
2022-05-08T12:45-07:00,11.52073732718894
2022-05-08T13:00-07:00,11.52073732718894
2022-05-08T13:15-07:00,8.309455587392556
2022-05-08T13:30-07:00,14.218009478672986
2022-05-08T13:45-07:00,7.779349363507784
2022-05-08T14:00-07:00,12.210200927357038
2022-05-08T14:15-07:00,8.381502890173415
2022-05-08T14:30-07:00,1.3761467889908257
2022-05-08T14:45-07:00,12.973760932944602
2022-05-08T15:00-07:00,11.627906976744185
2022-05-08T15:15-07:00,7.230769230769226
2022-05-08T15:30-07:00,14.93506493506493
2022-05-08T15:45-07:00,4.566210045662101
2022-05-08T16:00-07:00,15.38461538461538
2022-05-08T16:15-07:00,10.939907550077036
2022-05-08T16:30-07:00,9.651898734177221
2022-05-08T16:45-07:00,13.981762917933125
2022-05-08T17:00-07:00,7.048458149779735
2022-05-08T17:15-07:00,13.198757763975161
2022-05-08T17:30-07:00,13.777777777777779
2022-05-08T17:45-07:00,10.74766355140187
2022-05-08T18:00-07:00,12.11656441717792
2022-05-08T18:15-07:00,7.9341317365269415
2022-05-08T18:30-07:00,4.422253922967195
2022-05-08T18:45-07:00,10.990712074303401
2022-05-08T19:00-07:00,12.280701754385966
2022-05-08T19:15-07:00,6.167400881057269
2022-05-08T19:30-07:00,7.235890014471775
2022-05-08T19:45-07:00,13.374805598755826
2022-05-08T20:00-07:00,16.972477064220183
2022-05-08T20:15-07:00,8.430232558139538
2022-05-08T20:30-07:00,5.485893416927895
2022-05-08T20:45-07:00,8.796296296296296
2022-05-08T21:00-07:00,9.756097560975615
2022-05-08T21:15-07:00,6.079027355623105
2022-05-08T21:30-07:00,10.142857142857137
2022-05-08T21:45-07:00,19.43573667711599
2022-05-08T22:00-07:00,8.49056603773585
2022-05-08T22:15-07:00,18.95043731778426
2022-05-08T22:30-07:00,4.640718562874256
2022-05-08T22:45-07:00,8.591549295774653
2022-05-08T23:00-07:00,10.574018126888223
2022-05-08T23:15-07:00,15.22693997071742
2022-05-08T23:30-07:00,9.439999999999994
2022-05-08T23:45-07:00,3.930131004366812
2022-05-09T00:00-07:00,15.165876777251185
2022-05-09T00:15-07:00,15.789473684210526
2022-05-09T00:30-07:00,10.272873194221514
2022-05-09T00:45-07:00,4.957507082152969
2022-05-09T01:00-07:00,13.672496025437198
2022-05-09T01:15-07:00,12.844036697247706
2022-05-09T01:30-07:00,16.826923076923077
2022-05-09T01:45-07:00,7.203389830508475
2022-05-09T02:00-07:00,5.393586005830909
2022-05-09T02:15-07:00,18.582677165354337
2022-05-09T02:30-07:00,12.386706948640489
2022-05-09T02:45-07:00,4.821150855365479
2022-05-09T03:00-07:00,9.787234042553191
2022-05-09T03:15-07:00,16.949152542372875
2022-05-09T03:30-07:00,8.071748878923767
2022-05-09T03:45-07:00,12.093023255813954
2022-05-09T04:00-07:00,7.792207792207792
2022-05-09T04:15-07:00,13.293051359516621
2022-05-09T04:30-07:00,12.67605633802817
2022-05-09T04:45-07:00,8.962264150943396
2022-05-09T05:00-07:00,13.304721030042918
2022-05-09T05:15-07:00,7.407407407407407
2022-05-09T05:30-07:00,14.560000000000004
2022-05-09T05:45-07:00,12.678288431061802
2022-05-09T06:00-07:00,4.863221884498476
2022-05-09T06:15-07:00,9.130434782608695
2022-05-09T06:30-07:00,7.975460122699391
2022-05-09T06:45-07:00,11.004784688995215
2022-05-09T07:00-07:00,12.269938650306743
2022-05-09T07:15-07:00,9.261939218523883
2022-05-09T07:30-07:00,14.418604651162791
2022-05-09T07:45-07:00,14.652567975830822
2022-05-09T08:00-07:00,8.972503617945002
2022-05-09T08:15-07:00,7.112970711297071
2022-05-09T08:30-07:00,6.358381502890169
2022-05-09T08:45-07:00,11.144578313253007
2022-05-09T09:00-07:00,11.2759643916914
2022-05-09T09:15-07:00,11.715481171548117
2022-05-09T09:30-07:00,6.506364922206511
2022-05-09T09:45-07:00,5.248618784530382
2022-05-09T10:00-07:00,8.144796380090497
2022-05-09T10:15-07:00,10.987482614742703
2022-05-09T10:30-07:00,4.786545924967651
2022-05-09T10:45-07:00,4.384724186704389
2022-05-09T11:00-07:00,10.195530726256989
2022-05-09T11:15-07:00,12.05882352941177
2022-05-09T11:30-07:00,7.509881422924901
2022-05-09T11:45-07:00,5.836575875486381
2022-05-09T12:00-07:00,9.550561797752804
2022-05-09T12:15-07:00,10.719754977029101
2022-05-09T12:30-07:00,14.693877551020408
2022-05-09T12:45-07:00,7.368421052631584
2022-05-09T13:00-07:00,8.344198174706653
2022-05-09T13:15-07:00,5.2197802197802154
2022-05-09T13:30-07:00,14.606741573033704
2022-05-09T13:45-07:00,6.0344827586206895
2022-05-09T14:00-07:00,11.921458625525952
2022-05-09T14:15-07:00,4.768583450210383
2022-05-09T14:30-07:00,5.988857938718668
2022-05-09T14:45-07:00,7.916666666666667
2022-05-09T15:00-07:00,6.102635228848817
2022-05-09T15:15-07:00,8.74831763122476
2022-05-09T15:30-07:00,3.5182679296346375
2022-05-09T15:45-07:00,5.785123966942149
2022-05-09T16:00-07:00,4.489795918367347
2022-05-09T16:15-07:00,3.343023255813949
2022-05-09T16:30-07:00,12.556053811659194
2022-05-09T16:45-07:00,10.714285714285714
2022-05-09T17:00-07:00,9.45945945945946
2022-05-09T17:15-07:00,7.7348066298342495
2022-05-09T17:30-07:00,8.09160305343511
2022-05-09T17:45-07:00,6.521739130434782
2022-05-09T18:00-07:00,8.461538461538467
2022-05-09T18:15-07:00,8.695652173913043
2022-05-09T18:30-07:00,6.2415196743555
2022-05-09T18:45-07:00,8.320726172465966
2022-05-09T19:00-07:00,10.252365930599364
2022-05-09T19:15-07:00,16.788321167883215
2022-05-09T19:30-07:00,5.99700149925038
2022-05-09T19:45-07:00,5.063291139240507
2022-05-09T20:00-07:00,10.075187969924817
2022-05-09T20:15-07:00,12.46200607902736
2022-05-09T20:30-07:00,12.03007518796992
2022-05-09T20:45-07:00,5.045871559633028
2022-05-09T21:00-07:00,10.487444608567204
2022-05-09T21:15-07:00,14.000000000000005
2022-05-09T21:30-07:00,9.767441860465116
2022-05-09T21:45-07:00,9.724238026124823
2022-05-09T22:00-07:00,2.5260029717681975
2022-05-09T22:15-07:00,10.385756676557868
2022-05-09T22:30-07:00,5.43130990415336
2022-05-09T22:45-07:00,2.7104136947218302
2022-05-09T23:00-07:00,10.260115606936411
2022-05-09T23:15-07:00,5.074626865671647
2022-05-09T23:30-07:00,16.536661466458664
2022-05-09T23:45-07:00,5.8015267175572465
2022-05-10T00:00-07:00,8.054711246200602
2022-05-10T00:15-07:00,6.278026905829597
2022-05-10T00:30-07:00,14.992272024729527
2022-05-10T00:45-07:00,11.737089201877934
2022-05-10T01:00-07:00,8.296943231441048
2022-05-10T01:15-07:00,5.523255813953483
2022-05-10T01:30-07:00,13.010590015128587
2022-05-10T01:45-07:00,16.585365853658537
2022-05-10T02:00-07:00,9.292649098474346
2022-05-10T02:15-07:00,2.114803625377639
2022-05-10T02:30-07:00,10.52631578947368
2022-05-10T02:45-07:00,9.247648902821313
2022-05-10T03:00-07:00,5.848787446504988
2022-05-10T03:15-07:00,4.782608695652174
2022-05-10T03:30-07:00,8.374384236453203
2022-05-10T03:45-07:00,13.949843260188084
2022-05-10T04:00-07:00,2.919708029197076
2022-05-10T04:15-07:00,12.71428571428571
2022-05-10T04:30-07:00,7.194244604316543
2022-05-10T04:45-07:00,11.926605504587156
2022-05-10T05:00-07:00,10.222222222222221
2022-05-10T05:15-07:00,4.504504504504505
2022-05-10T05:30-07:00,11.52073732718894
2022-05-10T05:45-07:00,13.953488372093023
2022-05-10T06:00-07:00,10.000000000000005
2022-05-10T06:15-07:00,11.607142857142858
2022-05-10T06:30-07:00,3.994293865905853
2022-05-10T06:45-07:00,12.153846153846159
2022-05-10T07:00-07:00,7.450628366247762
2022-05-10T07:15-07:00,1.8981880931837742
2022-05-10T07:30-07:00,1.0958904109589003
2022-05-10T07:45-07:00,4.918032786885246
2022-05-10T08:00-07:00,16.666666666666668
2022-05-10T08:15-07:00,2.785515320334258
2022-05-10T08:30-07:00,8.085106382978724
2022-05-10T08:45-07:00,7.894736842105263
2022-05-10T09:00-07:00,1.680672268907563
2022-05-10T09:15-07:00,3.389830508474576
2022-05-10T09:30-07:00,6.200527704485484
2022-05-10T09:45-07:00,10.13215859030837
2022-05-10T10:00-07:00,5.3216838760921314
2022-05-10T10:15-07:00,3.1506849315068455
2022-05-10T10:30-07:00,9.536082474226811
2022-05-10T10:45-07:00,1.550387596899225
2022-05-10T11:00-07:00,12.038303693570457
2022-05-10T11:15-07:00,7.350901525658802
2022-05-10T11:30-07:00,8.69565217391304
2022-05-10T11:45-07:00,6.970509383378021
2022-05-10T12:00-07:00,3.6885245901639343
2022-05-10T12:15-07:00,14.484679665738156
2022-05-10T12:30-07:00,9.943181818181824
2022-05-10T12:45-07:00,8.536585365853659
2022-05-10T13:00-07:00,5.4054054054054
2022-05-10T13:15-07:00,6.3800277392510445
2022-05-10T13:30-07:00,3.2951289398280763
2022-05-10T13:45-07:00,14.732142857142858
2022-05-10T14:00-07:00,9.63855421686747
2022-05-10T14:15-07:00,15.352112676056343
2022-05-10T14:30-07:00,5.823863636363632
2022-05-10T14:45-07:00,10.49046321525885
2022-05-10T15:00-07:00,10.504201680672269
2022-05-10T15:15-07:00,17.17451523545707
2022-05-10T15:30-07:00,8.309455587392556
2022-05-10T15:45-07:00,5.39823008849557
2022-05-10T16:00-07:00,9.530201342281874
2022-05-10T16:15-07:00,2.3676880222841183
2022-05-10T16:30-07:00,18.431911966987617
2022-05-10T16:45-07:00,11.702127659574463
2022-05-10T17:00-07:00,12.256267409470755
2022-05-10T17:15-07:00,11.016949152542374
2022-05-10T17:30-07:00,3.1724137931034444
2022-05-10T17:45-07:00,15.021459227467812
2022-05-10T18:00-07:00,6.486486486486487
2022-05-10T18:15-07:00,6.255506607929521
2022-05-10T18:30-07:00,6.591865357643755
2022-05-10T18:45-07:00,8.00542740841248
2022-05-10T19:00-07:00,13.719943422913724
2022-05-10T19:15-07:00,7.831325301204823
2022-05-10T19:30-07:00,16.941529235382305
2022-05-10T19:45-07:00,6.921944035346092
2022-05-10T20:00-07:00,5.957446808510638
2022-05-10T20:15-07:00,9.824046920821118
2022-05-10T20:30-07:00,15.748031496062998
2022-05-10T20:45-07:00,3.4334763948497855
2022-05-10T21:00-07:00,7.725321888412017
2022-05-10T21:15-07:00,7.725321888412017
2022-05-10T21:30-07:00,13.549337260677461
2022-05-10T21:45-07:00,4.6199701937406905
2022-05-10T22:00-07:00,7.293127629733525
2022-05-10T22:15-07:00,10.304789550072565
2022-05-10T22:30-07:00,13.09352517985612
2022-05-10T22:45-07:00,14.485981308411215
2022-05-10T23:00-07:00,3.6649214659685865
2022-05-10T23:15-07:00,7.655502392344498
2022-05-10T23:30-07:00,16.08695652173913
2022-05-10T23:45-07:00,9.531250000000005
2022-05-11T00:00-07:00,8.205841446453404
2022-05-11T00:15-07:00,8.333333333333334
2022-05-11T00:30-07:00,13.788098693759068
2022-05-11T00:45-07:00,14.678899082568808
2022-05-11T01:00-07:00,2.9914529914529915
2022-05-11T01:15-07:00,5.142083897158318
2022-05-11T01:30-07:00,17.038216560509547
2022-05-11T01:45-07:00,10.920436817472705
2022-05-11T02:00-07:00,14.202049780380678
2022-05-11T02:15-07:00,10.043668122270743
2022-05-11T02:30-07:00,17.310664605873267
2022-05-11T02:45-07:00,14.786585365853664
2022-05-11T03:00-07:00,5.714285714285719
2022-05-11T03:15-07:00,15.159944367176639
2022-05-11T03:30-07:00,15.558912386706954
2022-05-11T03:45-07:00,16.465256797583088
2022-05-11T04:00-07:00,4.066543438077639
2022-05-11T04:15-07:00,9.583333333333334
2022-05-11T04:30-07:00,13.41991341991342
2022-05-11T04:45-07:00,13.274336283185841
2022-05-11T05:00-07:00,6.344827586206901
2022-05-11T05:15-07:00,8.849557522123893
2022-05-11T05:30-07:00,14.410480349344978
2022-05-11T05:45-07:00,7.103321033210339
2022-05-11T06:00-07:00,7.96586059743954
2022-05-11T06:15-07:00,10.878661087866108
2022-05-11T06:30-07:00,18.113772455089826
2022-05-11T06:45-07:00,14.641288433382142
2022-05-11T07:00-07:00,5.4285714285714235
2022-05-11T07:15-07:00,9.809663250366038
2022-05-11T07:30-07:00,9.85915492957747
2022-05-11T07:45-07:00,11.53262518968134
2022-05-11T08:00-07:00,5.836236933797903
2022-05-11T08:15-07:00,3.493449781659389
2022-05-11T08:30-07:00,11.255411255411255
2022-05-11T08:45-07:00,3.763440860215054
2022-05-11T09:00-07:00,7.142857142857148
2022-05-11T09:15-07:00,6.092715231788084
2022-05-11T09:30-07:00,8.892128279883387
2022-05-11T09:45-07:00,11.065573770491802
2022-05-11T10:00-07:00,6.082036775106086
2022-05-11T10:15-07:00,5.283505154639182
2022-05-11T10:30-07:00,7.46644295302014
2022-05-11T10:45-07:00,13.333333333333334
2022-05-11T11:00-07:00,18.181818181818183
2022-05-11T11:15-07:00,9.127516778523486
2022-05-11T11:30-07:00,2.1052631578947407
2022-05-11T11:45-07:00,11.140939597315432
2022-05-11T12:00-07:00,6.437768240343348
2022-05-11T12:15-07:00,11.47776183644189
2022-05-11T12:30-07:00,6.518723994452145
2022-05-11T12:45-07:00,6.640625
2022-05-11T13:00-07:00,2.8112449799196786
2022-05-11T13:15-07:00,10.822510822510823
2022-05-11T13:30-07:00,6.04395604395604
2022-05-11T13:45-07:00,11.126760563380287
2022-05-11T14:00-07:00,8.381502890173415
2022-05-11T14:15-07:00,5.616438356164379
2022-05-11T14:30-07:00,7.84061696658097
2022-05-11T14:45-07:00,4.456094364351249
2022-05-11T15:00-07:00,8.317025440313104
2022-05-11T15:15-07:00,1.402524544179527
2022-05-11T15:30-07:00,11.125654450261784
2022-05-11T15:45-07:00,5.439330543933054
2022-05-11T16:00-07:00,6.027397260273968
2022-05-11T16:15-07:00,1.0690789473684164
2022-05-11T16:30-07:00,8.27679782903664
2022-05-11T16:45-07:00,8.15450643776824
2022-05-11T17:00-07:00,12.68965517241379
2022-05-11T17:15-07:00,3.5714285714285676
2022-05-11T17:30-07:00,6.005221932114886
2022-05-11T17:45-07:00,7.109004739336493
2022-05-11T18:00-07:00,9.869375907111753
2022-05-11T18:15-07:00,10.581222056631889
2022-05-11T18:30-07:00,7.755474452554739
2022-05-11T18:45-07:00,4.538799414348468
2022-05-11T19:00-07:00,7.339449541284404
2022-05-11T19:15-07:00,11.143695014662761
2022-05-11T19:30-07:00,14.542728635682163
2022-05-11T19:45-07:00,10.120845921450156
2022-05-11T20:00-07:00,16.995447647951448
2022-05-11T20:15-07:00,7.746478873239441
2022-05-11T20:30-07:00,14.418604651162791
2022-05-11T20:45-07:00,13.501483679525228
2022-05-11T21:00-07:00,4.19161676646707
2022-05-11T21:15-07:00,8.791208791208792
2022-05-11T21:30-07:00,4.782608695652174
2022-05-11T21:45-07:00,18.210361067503918
2022-05-11T22:00-07:00,6.625577812018495
2022-05-11T22:15-07:00,16.793893129770986
2022-05-11T22:30-07:00,5.128205128205129
2022-05-11T22:45-07:00,11.544227886056966
2022-05-11T23:00-07:00,13.596491228070175
2022-05-11T23:15-07:00,12.816691505216092
2022-05-11T23:30-07:00,14.263322884012545
2022-05-11T23:45-07:00,3.004291845493562
2022-05-12T00:00-07:00,6.952662721893486
2022-05-12T00:15-07:00,14.730878186968834
2022-05-12T00:30-07:00,16.61442006269593
2022-05-12T00:45-07:00,9.61538461538461
2022-05-12T01:00-07:00,6.705539358600588
2022-05-12T01:15-07:00,13.283582089552233
2022-05-12T01:30-07:00,7.94392523364486
2022-05-12T01:45-07:00,22.169811320754718
2022-05-12T02:00-07:00,7.692307692307697
2022-05-12T02:15-07:00,9.558823529411761
2022-05-12T02:30-07:00,10.188087774294667
2022-05-12T02:45-07:00,19.306930693069308
2022-05-12T03:00-07:00,17.647058823529413
2022-05-12T03:15-07:00,13.181818181818182
2022-05-12T03:30-07:00,13.411078717201162
2022-05-12T03:45-07:00,13.106796116504855
2022-05-12T04:00-07:00,11.737804878048776
2022-05-12T04:15-07:00,6.1959654178674395
2022-05-12T04:30-07:00,10.735294117647063
2022-05-12T04:45-07:00,9.337349397590357
2022-05-12T05:00-07:00,12.162162162162161
2022-05-12T05:15-07:00,3.183791606367587
2022-05-12T05:30-07:00,11.030478955007261
2022-05-12T05:45-07:00,7.865168539325842
2022-05-12T06:00-07:00,6.466165413533839
2022-05-12T06:15-07:00,20.447284345047922
2022-05-12T06:30-07:00,5.782918149466197
2022-05-12T06:45-07:00,7.667210440456764
2022-05-12T07:00-07:00,6.366459627329188
2022-05-12T07:15-07:00,13.441654357459385
2022-05-12T07:30-07:00,0.42735042735042733
2022-05-12T07:45-07:00,8.146067415730341
2022-05-12T08:00-07:00,10.746268656716419
2022-05-12T08:15-07:00,11.555555555555555
2022-05-12T08:30-07:00,15.28189910979229
2022-05-12T08:45-07:00,3.481894150417831
2022-05-12T09:00-07:00,6.956521739130435
2022-05-12T09:15-07:00,8.298755186721992
2022-05-12T09:30-07:00,4.701627486437608
2022-05-12T09:45-07:00,12.233285917496438
2022-05-12T10:00-07:00,2.0661157024793386
2022-05-12T10:15-07:00,12.55115961800818
2022-05-12T10:30-07:00,8.452722063037244
2022-05-12T10:45-07:00,6.99001426533524
2022-05-12T11:00-07:00,8.71369294605809
2022-05-12T11:15-07:00,2.8720626631853787
2022-05-12T11:30-07:00,6.788511749347262
2022-05-12T11:45-07:00,13.719943422913724
2022-05-12T12:00-07:00,8.333333333333334
2022-05-12T12:15-07:00,9.322033898305085
2022-05-12T12:30-07:00,11.790393013100436
2022-05-12T12:45-07:00,3.3724340175953036
2022-05-12T13:00-07:00,14.957264957264957
2022-05-12T13:15-07:00,11.69757489300999
2022-05-12T13:30-07:00,5.139005897219877
2022-05-12T13:45-07:00,13.409415121255355
2022-05-12T14:00-07:00,5.771812080536916
2022-05-12T14:15-07:00,9.817671809256668
2022-05-12T14:30-07:00,8.368200836820083
2022-05-12T14:45-07:00,7.913043478260865
2022-05-12T15:00-07:00,6.4655172413793105
2022-05-12T15:15-07:00,8.48920863309352
2022-05-12T15:30-07:00,6.703146374829006
2022-05-12T15:45-07:00,9.318497913769129
2022-05-12T16:00-07:00,6.166219839142095
2022-05-12T16:15-07:00,3.1620553359683794
2022-05-12T16:30-07:00,6.056701030927842
2022-05-12T16:45-07:00,4.958677685950414
2022-05-12T17:00-07:00,8.35694050991501
2022-05-12T17:15-07:00,10.78838174273859
2022-05-12T17:30-07:00,8.05084745762712
2022-05-12T17:45-07:00,8.412483039348707
2022-05-12T18:00-07:00,6.722689075630252
2022-05-12T18:15-07:00,4.466858789625364
2022-05-12T18:30-07:00,21.418020679468246
2022-05-12T18:45-07:00,6.821480406386063
2022-05-12T19:00-07:00,10.29411764705883
2022-05-12T19:15-07:00,9.711684370257972
2022-05-12T19:30-07:00,13.23119777158774
2022-05-12T19:45-07:00,5.777777777777778
2022-05-12T20:00-07:00,4.065040650406504
2022-05-12T20:15-07:00,14.329268292682933
2022-05-12T20:30-07:00,16.31736526946108
2022-05-12T20:45-07:00,17.549167927382747
2022-05-12T21:00-07:00,14.135338345864668
2022-05-12T21:15-07:00,11.755725190839689
2022-05-12T21:30-07:00,8.345978755690446
2022-05-12T21:45-07:00,15.030674846625761
2022-05-12T22:00-07:00,14.22155688622754
2022-05-12T22:15-07:00,12.324492979719194
2022-05-12T22:30-07:00,21.69811320754717
2022-05-12T22:45-07:00,15.492957746478874
2022-05-12T23:00-07:00,5.932203389830509
2022-05-12T23:15-07:00,16.438356164383563
2022-05-12T23:30-07:00,11.53262518968134
2022-05-12T23:45-07:00,17.35159817351598
2022-05-13T00:00-07:00,8.34512022630834
2022-05-13T00:15-07:00,6.656346749226011
2022-05-13T00:30-07:00,5.3435114503816745
2022-05-13T00:45-07:00,10.725075528700902
2022-05-13T01:00-07:00,14.045801526717552
2022-05-13T01:15-07:00,13.855421686746983
2022-05-13T01:30-07:00,19.138755980861244
2022-05-13T01:45-07:00,11.965811965811966
2022-05-13T02:00-07:00,13.322632423756016
2022-05-13T02:15-07:00,19.63746223564955
2022-05-13T02:30-07:00,15.527950310559012
2022-05-13T02:45-07:00,10.769230769230765
2022-05-13T03:00-07:00,4.692082111436945
2022-05-13T03:15-07:00,17.45068285280729
2022-05-13T03:30-07:00,12.162162162162161
2022-05-13T03:45-07:00,20.37037037037037
2022-05-13T04:00-07:00,15.41984732824427
2022-05-13T04:15-07:00,15.889212827988343
2022-05-13T04:30-07:00,7.202216066481999
2022-05-13T04:45-07:00,14.398734177215196
2022-05-13T05:00-07:00,12.775330396475772
2022-05-13T05:15-07:00,13.11475409836065
2022-05-13T05:30-07:00,7.982583454281572
2022-05-13T05:45-07:00,5.51601423487545
2022-05-13T06:00-07:00,14.944356120826715
2022-05-13T06:15-07:00,11.790393013100436
2022-05-13T06:30-07:00,10.301109350237713
2022-05-13T06:45-07:00,15.624999999999996
2022-05-13T07:00-07:00,13.242009132420092
2022-05-13T07:15-07:00,14.15929203539823
2022-05-13T07:30-07:00,4.779411764705877
2022-05-13T07:45-07:00,5.282005371530891
2022-05-13T08:00-07:00,15.689149560117297
2022-05-13T08:15-07:00,8.460471567267687
2022-05-13T08:30-07:00,10.597014925373129
2022-05-13T08:45-07:00,10.152990264255916
2022-05-13T09:00-07:00,7.623318385650224
2022-05-13T09:15-07:00,13.100436681222707
2022-05-13T09:30-07:00,2.4390243902438984
2022-05-13T09:45-07:00,8.409986859395536
2022-05-13T10:00-07:00,4.291845493562231
2022-05-13T10:15-07:00,8.786610878661088
2022-05-13T10:30-07:00,5.039787798408488
2022-05-13T10:45-07:00,7.879656160458458
2022-05-13T11:00-07:00,10.110803324099727
2022-05-13T11:15-07:00,6.714285714285709
2022-05-13T11:30-07:00,4.803493449781654
2022-05-13T11:45-07:00,7.009760425909488
2022-05-13T12:00-07:00,4.564907275320966
2022-05-13T12:15-07:00,6.954102920723223
2022-05-13T12:30-07:00,1.9130434782608647
2022-05-13T12:45-07:00,4.366197183098596
2022-05-13T13:00-07:00,8.403361344537815
2022-05-13T13:15-07:00,2.2427440633245346
2022-05-13T13:30-07:00,6.224066390041494
2022-05-13T13:45-07:00,1.8413597733711087
2022-05-13T14:00-07:00,5.645161290322581
2022-05-13T14:15-07:00,1.5427769985974715
2022-05-13T14:30-07:00,4.787961696306425
2022-05-13T14:45-07:00,4.8979591836734695
2022-05-13T15:00-07:00,11.049723756906072
2022-05-13T15:15-07:00,4.166666666666667
2022-05-13T15:30-07:00,14.864864864864865
2022-05-13T15:45-07:00,2.266288951841364
2022-05-13T16:00-07:00,13.935681470137832
2022-05-13T16:15-07:00,4.385964912280702
2022-05-13T16:30-07:00,9.17159763313609
2022-05-13T16:45-07:00,12.788906009244986
2022-05-13T17:00-07:00,10.839694656488545
2022-05-13T17:15-07:00,15.11111111111111
2022-05-13T17:30-07:00,13.777777777777779
2022-05-13T17:45-07:00,8.39580209895052
2022-05-13T18:00-07:00,11.061946902654867
2022-05-13T18:15-07:00,8.056872037914692
2022-05-13T18:30-07:00,11.77347242921014
2022-05-13T18:45-07:00,12.405446293494709
2022-05-13T19:00-07:00,13.279999999999994
2022-05-13T19:15-07:00,11.856474258970364
2022-05-13T19:30-07:00,10.014104372355426
2022-05-13T19:45-07:00,13.030746705710099
2022-05-13T20:00-07:00,9.325681492109034
2022-05-13T20:15-07:00,11.821086261980826
2022-05-13T20:30-07:00,18.86792452830189
2022-05-13T20:45-07:00,11.280487804878044
2022-05-13T21:00-07:00,15.596330275229358
2022-05-13T21:15-07:00,10.068259385665524
2022-05-13T21:30-07:00,13.292117465224107
2022-05-13T21:45-07:00,6.771653543307092
2022-05-13T22:00-07:00,8.95295902883156
2022-05-13T22:15-07:00,12.968749999999995
2022-05-13T22:30-07:00,15.639810426540285
2022-05-13T22:45-07:00,11.44130757800891
2022-05-13T23:00-07:00,10.047846889952153
2022-05-13T23:15-07:00,15.490797546012264
2022-05-13T23:30-07:00,13.043478260869565
2022-05-13T23:45-07:00,10.44117647058823
2022-05-14T00:00-07:00,12.98076923076923
2022-05-14T00:15-07:00,9.33544303797468
2022-05-14T00:30-07:00,15.023474178403756
2022-05-14T00:45-07:00,12.990936555891235
2022-05-14T01:00-07:00,14.479638009049774
2022-05-14T01:15-07:00,6.140350877192983
2022-05-14T01:30-07:00,5.523255813953483
2022-05-14T01:45-07:00,12.32876712328767
2022-05-14T02:00-07:00,10.86956521739131
2022-05-14T02:15-07:00,12.149532710280374
2022-05-14T02:30-07:00,10.166919575113814
2022-05-14T02:45-07:00,14.461538461538467
2022-05-14T03:00-07:00,5.4285714285714235
2022-05-14T03:15-07:00,14.553990610328638
2022-05-14T03:30-07:00,15.781249999999995
2022-05-14T03:45-07:00,11.094452773613188
2022-05-14T04:00-07:00,16.447368421052637
2022-05-14T04:15-07:00,8.801213960546287
2022-05-14T04:30-07:00,9.39907550077042
2022-05-14T04:45-07:00,6.629055007052181
2022-05-14T05:00-07:00,16.5
2022-05-14T05:15-07:00,14.485981308411215
2022-05-14T05:30-07:00,15.96244131455399
2022-05-14T05:45-07:00,15.639810426540285
2022-05-14T06:00-07:00,6.586826347305385
2022-05-14T06:15-07:00,15.495207667731636
2022-05-14T06:30-07:00,13.72549019607843
2022-05-14T06:45-07:00,8.636363636363637
2022-05-14T07:00-07:00,12.807881773399014
2022-05-14T07:15-07:00,9.090909090909095
2022-05-14T07:30-07:00,7.726597325408623
2022-05-14T07:45-07:00,10.666666666666666
2022-05-14T08:00-07:00,12.383900928792563
2022-05-14T08:15-07:00,15.533980582524272
2022-05-14T08:30-07:00,13.242009132420092
2022-05-14T08:45-07:00,8.49056603773585
2022-05-14T09:00-07:00,9.62145110410095
2022-05-14T09:15-07:00,6.948640483383691
2022-05-14T09:30-07:00,17.515923566878975
2022-05-14T09:45-07:00,9.813084112149532
2022-05-14T10:00-07:00,11.179173047473206
2022-05-14T10:15-07:00,15.886287625418055
2022-05-14T10:30-07:00,13.62275449101797
2022-05-14T10:45-07:00,10.668789808917202
2022-05-14T11:00-07:00,16.8421052631579
2022-05-14T11:15-07:00,7.006369426751587
2022-05-14T11:30-07:00,20.285261489698886
2022-05-14T11:45-07:00,14.413075780089157
2022-05-14T12:00-07:00,15.530903328050707
2022-05-14T12:15-07:00,12.206572769953052
2022-05-14T12:30-07:00,14.832535885167465
2022-05-14T12:45-07:00,11.550151975683894
2022-05-14T13:00-07:00,18.74062968515742
2022-05-14T13:15-07:00,10.452418096723875
2022-05-14T13:30-07:00,12.55474452554744
2022-05-14T13:45-07:00,10.886469673405914
2022-05-14T14:00-07:00,11.312217194570136
2022-05-14T14:15-07:00,2.8846153846153846
2022-05-14T14:30-07:00,16.071428571428573
2022-05-14T14:45-07:00,7.175572519083964
2022-05-14T15:00-07:00,7.488986784140969
2022-05-14T15:15-07:00,7.496251874062963
2022-05-14T15:30-07:00,18.56287425149701
2022-05-14T15:45-07:00,12.80575539568345
2022-05-14T16:00-07:00,13.36405529953917
2022-05-14T16:15-07:00,6.726457399103139
2022-05-14T16:30-07:00,20.187793427230048
2022-05-14T16:45-07:00,7.831325301204823
2022-05-14T17:00-07:00,15.214180206794687
2022-05-14T17:15-07:00,8.540372670807459
2022-05-14T17:30-07:00,11.578947368421048
2022-05-14T17:45-07:00,4.128440366972477
2022-05-14T18:00-07:00,10.104011887072803
2022-05-14T18:15-07:00,3.7425149700598848
2022-05-14T18:30-07:00,10.159651669085637
2022-05-14T18:45-07:00,7.50798722044728
2022-05-14T19:00-07:00,9.5307917888563
2022-05-14T19:15-07:00,11.077389984825498
2022-05-14T19:30-07:00,12.22707423580786
2022-05-14T19:45-07:00,10.52631578947369
2022-05-14T20:00-07:00,11.764705882352937
2022-05-14T20:15-07:00,16.775244299674274
2022-05-14T20:30-07:00,4.525547445255479
2022-05-14T20:45-07:00,7.239819004524887
2022-05-14T21:00-07:00,6.831395348837204
2022-05-14T21:15-07:00,11.616954474097327
2022-05-14T21:30-07:00,19.055118110236226
2022-05-14T21:45-07:00,15.217391304347823
2022-05-14T22:00-07:00,18.98148148148148
2022-05-14T22:15-07:00,10.886469673405914
2022-05-14T22:30-07:00,16.438356164383563
2022-05-14T22:45-07:00,16.017964071856284
2022-05-14T23:00-07:00,2.830188679245283
2022-05-14T23:15-07:00,16.261398176291788
2022-05-14T23:30-07:00,12.841091492776881
2022-05-14T23:45-07:00,17.59259259259259
2022-05-15T00:00-07:00,17.119999999999994
2022-05-15T00:15-07:00,13.464447806354004
2022-05-15T00:30-07:00,12.611275964391696
2022-05-15T00:45-07:00,6.715328467153289
2022-05-15T01:00-07:00,2.202643171806167
2022-05-15T01:15-07:00,11.79245283018868
2022-05-15T01:30-07:00,14.350453172205434
2022-05-15T01:45-07:00,16.84698608964452
2022-05-15T02:00-07:00,8.964451313755802
2022-05-15T02:15-07:00,17.4922600619195
2022-05-15T02:30-07:00,9.90990990990991
2022-05-15T02:45-07:00,16.845329249617148
2022-05-15T03:00-07:00,9.90566037735849
2022-05-15T03:15-07:00,16.666666666666668
2022-05-15T03:30-07:00,11.11111111111111
2022-05-15T03:45-07:00,24.528301886792452
2022-05-15T04:00-07:00,10.590015128593045
2022-05-15T04:15-07:00,13.263785394932931
2022-05-15T04:30-07:00,15.227629513343803
2022-05-15T04:45-07:00,15.538461538461535
2022-05-15T05:00-07:00,15.185783521809375
2022-05-15T05:15-07:00,13.137557959814535
2022-05-15T05:30-07:00,9.67741935483871
2022-05-15T05:45-07:00,11.415525114155251
2022-05-15T06:00-07:00,17.391304347826086
2022-05-15T06:15-07:00,13.750000000000004
2022-05-15T06:30-07:00,18.370607028753998
2022-05-15T06:45-07:00,14.152410575427687
2022-05-15T07:00-07:00,5.319148936170207
2022-05-15T07:15-07:00,12.946428571428571
2022-05-15T07:30-07:00,10.599078341013826
2022-05-15T07:45-07:00,7.910447761194025
2022-05-15T08:00-07:00,11.191860465116275
2022-05-15T08:15-07:00,14.308681672025717
2022-05-15T08:30-07:00,8.806818181818178
2022-05-15T08:45-07:00,11.954765751211626
2022-05-15T09:00-07:00,13.302752293577981
2022-05-15T09:15-07:00,8.962264150943396
2022-05-15T09:30-07:00,7.617728531855961
2022-05-15T09:45-07:00,8.968609865470851
2022-05-15T10:00-07:00,8.878504672897197
2022-05-15T10:15-07:00,5.882352941176471
2022-05-15T10:30-07:00,14.045801526717552
2022-05-15T10:45-07:00,6.656580937972763
2022-05-15T11:00-07:00,13.169984686064314
2022-05-15T11:15-07:00,6.60377358490566
2022-05-15T11:30-07:00,19.011976047904195
2022-05-15T11:45-07:00,8.466453674121402
2022-05-15T12:00-07:00,12.202852614896983
2022-05-15T12:15-07:00,11.11111111111111
2022-05-15T12:30-07:00,19.81981981981982
2022-05-15T12:45-07:00,5.5964653902798185
2022-05-15T13:00-07:00,17.411402157164865
2022-05-15T13:15-07:00,5.190839694656493
2022-05-15T13:30-07:00,12.519083969465653
2022-05-15T13:45-07:00,10.138248847926267
2022-05-15T14:00-07:00,10.55045871559633
2022-05-15T14:15-07:00,14.912280701754385
2022-05-15T14:30-07:00,1.8978102189781063
2022-05-15T14:45-07:00,9.865470852017937
2022-05-15T15:00-07:00,10.284810126582274
2022-05-15T15:15-07:00,11.994002998500743
2022-05-15T15:30-07:00,13.311688311688316
2022-05-15T15:45-07:00,8.558558558558559
2022-05-15T16:00-07:00,10.77654516640253
2022-05-15T16:15-07:00,7.142857142857143
2022-05-15T16:30-07:00,9.687034277198208
2022-05-15T16:45-07:00,17.04035874439462
2022-05-15T17:00-07:00,8.500772797527054
2022-05-15T17:15-07:00,16.71732522796352
2022-05-15T17:30-07:00,7.176287051482064
2022-05-15T17:45-07:00,13.135593220338983
2022-05-15T18:00-07:00,11.578947368421048
2022-05-15T18:15-07:00,13.837375178316696
2022-05-15T18:30-07:00,7.737226277372258
2022-05-15T18:45-07:00,8.575581395348832
2022-05-15T19:00-07:00,11.297709923664117
2022-05-15T19:15-07:00,11.594202898550725
2022-05-15T19:30-07:00,16.100443131462338
2022-05-15T19:45-07:00,11.143695014662761
2022-05-15T20:00-07:00,10.802919708029192
2022-05-15T20:15-07:00,9.623430962343097
2022-05-15T20:30-07:00,3.2544378698224894
2022-05-15T20:45-07:00,12.721893491124256
2022-05-15T21:00-07:00,7.798165137614679
2022-05-15T21:15-07:00,17.905918057663133
2022-05-15T21:30-07:00,10.176991150442477
2022-05-15T21:45-07:00,9.649122807017545
2022-05-15T22:00-07:00,6.240928882438321
2022-05-15T22:15-07:00,13.808801213960551
2022-05-15T22:30-07:00,11.041990668740274
2022-05-15T22:45-07:00,7.142857142857138
2022-05-15T23:00-07:00,5.172413793103448
2022-05-15T23:15-07:00,5.763688760806921
2022-05-15T23:30-07:00,9.30232558139535
2022-05-15T23:45-07:00,14.637904468412938
2022-05-16T00:00-07:00,11.305732484076428
2022-05-16T00:15-07:00,16.990291262135923
2022-05-16T00:30-07:00,8.308605341246286
2022-05-16T00:45-07:00,14.495114006514653
2022-05-16T01:00-07:00,13.333333333333334
2022-05-16T01:15-07:00,11.148086522462567
2022-05-16T01:30-07:00,8.547008547008547
2022-05-16T01:45-07:00,6.410256410256411
2022-05-16T02:00-07:00,12.613981762917927
2022-05-16T02:15-07:00,10.69767441860465
2022-05-16T02:30-07:00,9.580838323353298
2022-05-16T02:45-07:00,11.242603550295863
2022-05-16T03:00-07:00,11.305732484076428
2022-05-16T03:15-07:00,6.250000000000004
2022-05-16T03:30-07:00,17.549167927382747
2022-05-16T03:45-07:00,6.618705035971228
2022-05-16T04:00-07:00,12.827988338192425
2022-05-16T04:15-07:00,12.172573189522346
2022-05-16T04:30-07:00,9.852941176470594
2022-05-16T04:45-07:00,7.244094488188981
2022-05-16T05:00-07:00,6.722689075630252
2022-05-16T05:15-07:00,9.553158705701073
2022-05-16T05:30-07:00,12.820512820512821
2022-05-16T05:45-07:00,10.603588907014677
2022-05-16T06:00-07:00,11.814345991561181
2022-05-16T06:15-07:00,9.865470852017937
2022-05-16T06:30-07:00,9.722222222222221
2022-05-16T06:45-07:00,12.55886970172684
2022-05-16T07:00-07:00,13.190184049079749
2022-05-16T07:15-07:00,5.2160953800298016
2022-05-16T07:30-07:00,8.45921450151057
2022-05-16T07:45-07:00,16.068642745709834
2022-05-16T08:00-07:00,11.684370257966611
2022-05-16T08:15-07:00,11.440677966101696
2022-05-16T08:30-07:00,11.39240506329114
2022-05-16T08:45-07:00,5.182926829268298
2022-05-16T09:00-07:00,10.407239819004525
2022-05-16T09:15-07:00,13.559322033898304
2022-05-16T09:30-07:00,10.309278350515468
2022-05-16T09:45-07:00,6.703146374829006
2022-05-16T10:00-07:00,7.573415765069557
2022-05-16T10:15-07:00,8.81934566145092
2022-05-16T10:30-07:00,9.285714285714281
2022-05-16T10:45-07:00,12.239221140472884
2022-05-16T11:00-07:00,9.50413223140496
2022-05-16T11:15-07:00,12.338593974175032
2022-05-16T11:30-07:00,12.76595744680851
2022-05-16T11:45-07:00,14.060258249641315
2022-05-16T12:00-07:00,8.857142857142852
2022-05-16T12:15-07:00,19.08077994428969
2022-05-16T12:30-07:00,11.081081081081086
2022-05-16T12:45-07:00,8.60655737704918
2022-05-16T13:00-07:00,2.510460251046025
2022-05-16T13:15-07:00,10.220994475138117
2022-05-16T13:30-07:00,9.322033898305085
2022-05-16T13:45-07:00,14.484679665738156
2022-05-16T14:00-07:00,11.789772727272723
2022-05-16T14:15-07:00,8.392603129445229
2022-05-16T14:30-07:00,12.601626016260163
2022-05-16T14:45-07:00,4.067321178120613
2022-05-16T15:00-07:00,6.553079947575356
2022-05-16T15:15-07:00,4.177545691906001
2022-05-16T15:30-07:00,7.586206896551729
2022-05-16T15:45-07:00,10.526315789473685
2022-05-16T16:00-07:00,6.970509383378021
2022-05-16T16:15-07:00,3.952569169960474
2022-05-16T16:30-07:00,11.94630872483221
2022-05-16T16:45-07:00,6.815020862308767
2022-05-16T17:00-07:00,4.900662251655634
2022-05-16T17:15-07:00,2.781641168289287
2022-05-16T17:30-07:00,9.453471196454954
2022-05-16T17:45-07:00,13.224368499257052
2022-05-16T18:00-07:00,11.188811188811185
2022-05-16T18:15-07:00,7.172995780590718
2022-05-16T18:30-07:00,6.451612903225802
2022-05-16T18:45-07:00,5.32374100719425
2022-05-16T19:00-07:00,12.553495007132673
2022-05-16T19:15-07:00,9.06389301634473
2022-05-16T19:30-07:00,11.887072808320946
2022-05-16T19:45-07:00,17.889908256880734
2022-05-16T20:00-07:00,8.75
2022-05-16T20:15-07:00,14.540059347181005
2022-05-16T20:30-07:00,15.695067264573991
2022-05-16T20:45-07:00,20.866773675762445
2022-05-16T21:00-07:00,16.50943396226415
2022-05-16T21:15-07:00,8.695652173913043
2022-05-16T21:30-07:00,14.285714285714281
2022-05-16T21:45-07:00,14.944356120826715
2022-05-16T22:00-07:00,13.036809815950924
2022-05-16T22:15-07:00,10.95890410958904
2022-05-16T22:30-07:00,11.977715877437321
2022-05-16T22:45-07:00,11.574074074074074
2022-05-16T23:00-07:00,11.603053435114509
2022-05-16T23:15-07:00,18.055555555555557
2022-05-16T23:30-07:00,12.554112554112555
2022-05-16T23:45-07:00,13.09352517985612
2022-05-17T00:00-07:00,9.7331240188383
2022-05-17T00:15-07:00,12.158054711246196
2022-05-17T00:30-07:00,17.251908396946558
2022-05-17T00:45-07:00,9.777777777777779
2022-05-17T01:00-07:00,11.144578313253007
2022-05-17T01:15-07:00,14.219474497681603
2022-05-17T01:30-07:00,16.38330757341577
2022-05-17T01:45-07:00,16.21233859397417
2022-05-17T02:00-07:00,6.61538461538462
2022-05-17T02:15-07:00,12.799999999999994
2022-05-17T02:30-07:00,12.67605633802817
2022-05-17T02:45-07:00,6.169296987087522
2022-05-17T03:00-07:00,13.32357247437775
2022-05-17T03:15-07:00,12.405446293494709
2022-05-17T03:30-07:00,15.74074074074074
2022-05-17T03:45-07:00,11.254019292604506
2022-05-17T04:00-07:00,8.225108225108226
2022-05-17T04:15-07:00,16.7987321711569
2022-05-17T04:30-07:00,17.573221757322177
2022-05-17T04:45-07:00,19.016393442622945
2022-05-17T05:00-07:00,4.741379310344827
2022-05-17T05:15-07:00,16.32653061224489
2022-05-17T05:30-07:00,14.15929203539823
2022-05-17T05:45-07:00,15.311004784688995
2022-05-17T06:00-07:00,15.42056074766355
2022-05-17T06:15-07:00,10.355029585798821
2022-05-17T06:30-07:00,15.538461538461535
2022-05-17T06:45-07:00,14.57286432160804
2022-05-17T07:00-07:00,11.320754716981131
2022-05-17T07:15-07:00,12.88888888888889
2022-05-17T07:30-07:00,9.54356846473029
2022-05-17T07:45-07:00,9.212481426448733
2022-05-17T08:00-07:00,8.296943231441048
2022-05-17T08:15-07:00,7.402422611036344
2022-05-17T08:30-07:00,5.676855895196507
2022-05-17T08:45-07:00,11.73020527859237
2022-05-17T09:00-07:00,6.03829160530191
2022-05-17T09:15-07:00,6.890756302521003
2022-05-17T09:30-07:00,1.4986376021798327
2022-05-17T09:45-07:00,14.88439306358382
2022-05-17T10:00-07:00,11.283497884344142
2022-05-17T10:15-07:00,9.129213483146062
2022-05-17T10:30-07:00,4.105960264900666
2022-05-17T10:45-07:00,8.344198174706653
2022-05-17T11:00-07:00,7.115628970775103
2022-05-17T11:15-07:00,9.580838323353301
2022-05-17T11:30-07:00,10.762942779291558
2022-05-17T11:45-07:00,8.860759493670878
2022-05-17T12:00-07:00,1.1952191235059761
2022-05-17T12:15-07:00,14.630681818181824
2022-05-17T12:30-07:00,3.8135593220338984
2022-05-17T12:45-07:00,11.277173913043473
2022-05-17T13:00-07:00,7.350901525658802
2022-05-17T13:15-07:00,10.403120936280894
2022-05-17T13:30-07:00,12.191780821917803
2022-05-17T13:45-07:00,13.91304347826087
2022-05-17T14:00-07:00,5.1893408134642405
2022-05-17T14:15-07:00,6.751054852320675
2022-05-17T14:30-07:00,6.68563300142247
2022-05-17T14:45-07:00,16.867469879518072
2022-05-17T15:00-07:00,10.085227272727268
2022-05-17T15:15-07:00,6.191117092866761
2022-05-17T15:30-07:00,10.683760683760683
2022-05-17T15:45-07:00,8.771929824561404
2022-05-17T16:00-07:00,14.053254437869818
2022-05-17T16:15-07:00,7.439446366782013
2022-05-17T16:30-07:00,10.330578512396695
2022-05-17T16:45-07:00,3.967168262653895
2022-05-17T17:00-07:00,5.118110236220472
2022-05-17T17:15-07:00,4.049295774647882
2022-05-17T17:30-07:00,10.396716826265395
2022-05-17T17:45-07:00,19.722650231124803
2022-05-17T18:00-07:00,8.547008547008547
2022-05-17T18:15-07:00,5.610098176718097
2022-05-17T18:30-07:00,2.479338842975207
2022-05-17T18:45-07:00,8.448753462603882
2022-05-17T19:00-07:00,17.967599410898373
2022-05-17T19:15-07:00,11.45374449339207
2022-05-17T19:30-07:00,12.017167381974248
2022-05-17T19:45-07:00,7.758620689655173
2022-05-17T20:00-07:00,18.544935805991443
2022-05-17T20:15-07:00,12.998522895125559
2022-05-17T20:30-07:00,17.335243553008603
2022-05-17T20:45-07:00,4.836415362731157
2022-05-17T21:00-07:00,6.3772048846675675
2022-05-17T21:15-07:00,12.054794520547945
2022-05-17T21:30-07:00,17.083946980854193
2022-05-17T21:45-07:00,16.666666666666668
2022-05-17T22:00-07:00,9.50413223140496
2022-05-17T22:15-07:00,7.555555555555555
2022-05-17T22:30-07:00,14.285714285714286
2022-05-17T22:45-07:00,5.855161787365172
2022-05-17T23:00-07:00,13.722627737226281
2022-05-17T23:15-07:00,12.875536480686696
2022-05-17T23:30-07:00,17.391304347826093
2022-05-17T23:45-07:00,12.251148545176106
2022-05-18T00:00-07:00,15.950920245398768
2022-05-18T00:15-07:00,9.00900900900901
2022-05-18T00:30-07:00,8.069164265129679
2022-05-18T00:45-07:00,12.671755725190835
2022-05-18T01:00-07:00,16.883116883116877
2022-05-18T01:15-07:00,11.02719033232629
2022-05-18T01:30-07:00,9.658246656760767
2022-05-18T01:45-07:00,9.119010819165375
2022-05-18T02:00-07:00,11.813186813186814
2022-05-18T02:15-07:00,16.129032258064516
2022-05-18T02:30-07:00,4.782608695652174
2022-05-18T02:45-07:00,14.479638009049774
2022-05-18T03:00-07:00,10.823170731707313
2022-05-18T03:15-07:00,21.583850931677024
2022-05-18T03:30-07:00,12.36959761549925
2022-05-18T03:45-07:00,8.88888888888889
2022-05-18T04:00-07:00,15.40832049306626
2022-05-18T04:15-07:00,19.730941704035875
2022-05-18T04:30-07:00,4.644412191581998
2022-05-18T04:45-07:00,11.959654178674347
2022-05-18T05:00-07:00,10.138248847926267
2022-05-18T05:15-07:00,17.727272727272727
2022-05-18T05:30-07:00,11.621621621621621
2022-05-18T05:45-07:00,9.871244635193133
2022-05-18T06:00-07:00,10.212765957446809
2022-05-18T06:15-07:00,12.063953488372087
2022-05-18T06:30-07:00,16.960000000000004
2022-05-18T06:45-07:00,9.598853868194848
2022-05-18T07:00-07:00,10.104011887072803
2022-05-18T07:15-07:00,14.718614718614718
2022-05-18T07:30-07:00,14.792899408284027
2022-05-18T07:45-07:00,15.592203898050968
2022-05-18T08:00-07:00,2.880658436213992
2022-05-18T08:15-07:00,8.017492711370267
2022-05-18T08:30-07:00,8.1277213352685
2022-05-18T08:45-07:00,8.841463414634152
2022-05-18T09:00-07:00,3.6317567567567517
2022-05-18T09:15-07:00,1.6170212765957397
2022-05-18T09:30-07:00,11.666666666666666
2022-05-18T09:45-07:00,10.178817056396143
2022-05-18T10:00-07:00,14.305949008498578
2022-05-18T10:15-07:00,4.881266490765176
2022-05-18T10:30-07:00,5.577689243027889
2022-05-18T10:45-07:00,13.06990881458966
2022-05-18T11:00-07:00,5.905511811023622
2022-05-18T11:15-07:00,11.989100817438697
2022-05-18T11:30-07:00,8.37438423645321
2022-05-18T11:45-07:00,3.2388663967611335
2022-05-18T12:00-07:00,12.5
2022-05-18T12:15-07:00,5.481283422459889
2022-05-18T12:30-07:00,10.94182825484765
2022-05-18T12:45-07:00,4.16107382550336
2022-05-18T13:00-07:00,2.1907216494845434
2022-05-18T13:15-07:00,2.4539877300613564
2022-05-18T13:30-07:00,4.651162790697675
2022-05-18T13:45-07:00,8.60655737704918
2022-05-18T14:00-07:00,6.91358024691358
2022-05-18T14:15-07:00,8.635097493036207
2022-05-18T14:30-07:00,13.58381502890174
2022-05-18T14:45-07:00,5.412371134020619
2022-05-18T15:00-07:00,16.12903225806452
2022-05-18T15:15-07:00,5.059920106524629
2022-05-18T15:30-07:00,8.867667121418823
2022-05-18T15:45-07:00,5.672823218997366
2022-05-18T16:00-07:00,2.2988505747126435
2022-05-18T16:15-07:00,2.4489795918367347
2022-05-18T16:30-07:00,8.379120879120883
2022-05-18T16:45-07:00,7.2727272727272725
2022-05-18T17:00-07:00,11.965811965811966
2022-05-18T17:15-07:00,4.341317365269457
2022-05-18T17:30-07:00,12.0
2022-05-18T17:45-07:00,1.0443864229765014
2022-05-18T18:00-07:00,9.57746478873239
2022-05-18T18:15-07:00,12.389380530973451
2022-05-18T18:30-07:00,11.304347826086957
2022-05-18T18:45-07:00,3.778558875219679
2022-05-18T19:00-07:00,4.351464435146439
2022-05-18T19:15-07:00,7.547169811320759
2022-05-18T19:30-07:00,12.588401697312584
2022-05-18T19:45-07:00,11.273792093704241
2022-05-18T20:00-07:00,7.670043415340082
2022-05-18T20:15-07:00,3.9348710990502
2022-05-18T20:30-07:00,7.391304347826087
2022-05-18T20:45-07:00,15.182481751824811
2022-05-18T21:00-07:00,9.049079754601221
2022-05-18T21:15-07:00,13.004484304932735
2022-05-18T21:30-07:00,10.619469026548673
2022-05-18T21:45-07:00,9.557774607703285
2022-05-18T22:00-07:00,11.403508771929825
2022-05-18T22:15-07:00,8.558558558558559
2022-05-18T22:30-07:00,16.27218934911242
2022-05-18T22:45-07:00,5.603448275862069
2022-05-18T23:00-07:00,16.051364365971114
2022-05-18T23:15-07:00,9.742120343839538
2022-05-18T23:30-07:00,10.599078341013826
2022-05-18T23:45-07:00,6.571428571428576
2022-05-19T00:00-07:00,7.142857142857148
2022-05-19T00:15-07:00,14.497041420118338
2022-05-19T00:30-07:00,6.983655274888553
2022-05-19T00:45-07:00,18.54103343465045
2022-05-19T01:00-07:00,8.233532934131741
2022-05-19T01:15-07:00,15.993788819875782
2022-05-19T01:30-07:00,14.391691394658759
2022-05-19T01:45-07:00,10.879284649776459
2022-05-19T02:00-07:00,12.162162162162161
2022-05-19T02:15-07:00,8.05084745762712
2022-05-19T02:30-07:00,11.235955056179781
2022-05-19T02:45-07:00,17.997097242380264
2022-05-19T03:00-07:00,9.298780487804883
2022-05-19T03:15-07:00,10.64467766116941
2022-05-19T03:30-07:00,15.91240875912409
2022-05-19T03:45-07:00,16.22047244094489
2022-05-19T04:00-07:00,10.692771084337345
2022-05-19T04:15-07:00,12.116788321167878
2022-05-19T04:30-07:00,11.627906976744185
2022-05-19T04:45-07:00,17.215568862275454
2022-05-19T05:00-07:00,11.162790697674419
2022-05-19T05:15-07:00,13.973799126637555
2022-05-19T05:30-07:00,10.81081081081081
2022-05-19T05:45-07:00,14.027149321266968
2022-05-19T06:00-07:00,11.019736842105269
2022-05-19T06:15-07:00,15.132605304212174
2022-05-19T06:30-07:00,12.332838038632982
2022-05-19T06:45-07:00,8.636363636363637
2022-05-19T07:00-07:00,17.138599105812226
2022-05-19T07:15-07:00,9.956709956709958
2022-05-19T07:30-07:00,13.92961876832844
2022-05-19T07:45-07:00,6.684491978609621
2022-05-19T08:00-07:00,12.076583210603834
2022-05-19T08:15-07:00,11.04477611940298
2022-05-19T08:30-07:00,6.722689075630252
2022-05-19T08:45-07:00,1.464128843338218
2022-05-19T09:00-07:00,8.563535911602205
2022-05-19T09:15-07:00,6.843575418994418
2022-05-19T09:30-07:00,10.612244897959183
2022-05-19T09:45-07:00,6.412005457025916
2022-05-19T10:00-07:00,9.426229508196721
2022-05-19T10:15-07:00,8.3453237410072
2022-05-19T10:30-07:00,12.396694214876034
2022-05-19T10:45-07:00,3.0042918454935674
2022-05-19T11:00-07:00,5.078125
2022-05-19T11:15-07:00,6.4649243466299815
2022-05-19T11:30-07:00,8.309455587392556
2022-05-19T11:45-07:00,9.74930362116992
2022-05-19T12:00-07:00,9.9601593625498
2022-05-19T12:15-07:00,2.9023746701847006
2022-05-19T12:30-07:00,9.279778393351805
2022-05-19T12:45-07:00,15.607734806629828
2022-05-19T13:00-07:00,6.240928882438321
2022-05-19T13:15-07:00,13.135593220338983
2022-05-19T13:30-07:00,4.907161803713532
2022-05-19T13:45-07:00,5.71081409477522
2022-05-19T14:00-07:00,11.011523687580034
2022-05-19T14:15-07:00,3.6211699164345363
2022-05-19T14:30-07:00,8.243243243243247
2022-05-19T14:45-07:00,8.433734939759036
2022-05-19T15:00-07:00,4.076322636600179
2022-05-19T15:15-07:00,2.7397260273972655
2022-05-19T15:30-07:00,3.7985136251032157
2022-05-19T15:45-07:00,15.449438202247187
2022-05-19T16:00-07:00,9.999999999999996
2022-05-19T16:15-07:00,14.606741573033704
2022-05-19T16:30-07:00,12.553495007132673
2022-05-19T16:45-07:00,8.648648648648653
2022-05-19T17:00-07:00,2.5401069518716612
2022-05-19T17:15-07:00,12.217194570135746
2022-05-19T17:30-07:00,9.734513274336283
2022-05-19T17:45-07:00,10.432190760059617
2022-05-19T18:00-07:00,4.845814977973563
2022-05-19T18:15-07:00,7.0556309362279555
2022-05-19T18:30-07:00,4.610951008645529
2022-05-19T18:45-07:00,12.078651685393254
2022-05-19T19:00-07:00,12.611275964391696
2022-05-19T19:15-07:00,12.3367198838897
2022-05-19T19:30-07:00,10.075187969924817
2022-05-19T19:45-07:00,9.75609756097561
2022-05-19T20:00-07:00,13.425925925925926
2022-05-19T20:15-07:00,7.456140350877193
2022-05-19T20:30-07:00,19.629057187017004
2022-05-19T20:45-07:00,7.713884992987382
2022-05-19T21:00-07:00,9.89660265878878
2022-05-19T21:15-07:00,19.908116385911182
2022-05-19T21:30-07:00,13.744075829383887
2022-05-19T21:45-07:00,14.730878186968834
2022-05-19T22:00-07:00,11.013215859030836
2022-05-19T22:15-07:00,17.126269956458643
2022-05-19T22:30-07:00,16.95721077654516
2022-05-19T22:45-07:00,11.145038167938935
2022-05-19T23:00-07:00,5.416666666666667
2022-05-19T23:15-07:00,12.8935532233883
2022-05-19T23:30-07:00,14.239999999999995
2022-05-19T23:45-07:00,18.6046511627907
2022-05-20T00:00-07:00,10.775862068965518
2022-05-20T00:15-07:00,17.699115044247787
2022-05-20T00:30-07:00,11.092985318107662
2022-05-20T00:45-07:00,13.333333333333334
2022-05-20T01:00-07:00,1.6248153618906902
2022-05-20T01:15-07:00,12.184873949579831
2022-05-20T01:30-07:00,12.908242612752716
2022-05-20T01:45-07:00,16.95178849144635
2022-05-20T02:00-07:00,12.757201646090534
2022-05-20T02:15-07:00,5.829596412556054
2022-05-20T02:30-07:00,19.019316493313518
2022-05-20T02:45-07:00,13.224368499257052
2022-05-20T03:00-07:00,4.721030042918455
2022-05-20T03:15-07:00,5.17799352750809
2022-05-20T03:30-07:00,24.071082390953148
2022-05-20T03:45-07:00,11.504424778761061
2022-05-20T04:00-07:00,21.947449768160745
2022-05-20T04:15-07:00,3.58620689655172
2022-05-20T04:30-07:00,10.90047393364929
2022-05-20T04:45-07:00,13.935681470137832
2022-05-20T05:00-07:00,20.359281437125752
2022-05-20T05:15-07:00,8.217270194986067
2022-05-20T05:30-07:00,25.0
2022-05-20T05:45-07:00,13.302752293577981
2022-05-20T06:00-07:00,16.467065868263468
2022-05-20T06:15-07:00,10.339734121122605
2022-05-20T06:30-07:00,7.186678352322519
2022-05-20T06:45-07:00,17.164179104477615
2022-05-20T07:00-07:00,11.160714285714292
2022-05-20T07:15-07:00,6.886227544910184
2022-05-20T07:30-07:00,7.475317348377993
2022-05-20T07:45-07:00,10.946745562130172
2022-05-20T08:00-07:00,14.68023255813953
2022-05-20T08:15-07:00,13.41991341991342
2022-05-20T08:30-07:00,6.573426573426569
2022-05-20T08:45-07:00,6.318681318681318
2022-05-20T09:00-07:00,10.61452513966481
2022-05-20T09:15-07:00,2.1186440677966103
2022-05-20T09:30-07:00,8.286516853932579
2022-05-20T09:45-07:00,5.204778156996582
2022-05-20T10:00-07:00,9.798270893371752
2022-05-20T10:15-07:00,9.051724137931034
2022-05-20T10:30-07:00,2.3578363384188585
2022-05-20T10:45-07:00,4.743083003952569
2022-05-20T11:00-07:00,4.782237403928272
2022-05-20T11:15-07:00,6.906077348066294
2022-05-20T11:30-07:00,4.621848739495798
2022-05-20T11:45-07:00,4.031209362808836
2022-05-20T12:00-07:00,8.71369294605809
2022-05-20T12:15-07:00,7.23404255319149
2022-05-20T12:30-07:00,15.820029027576203
2022-05-20T12:45-07:00,4.780876494023905
2022-05-20T13:00-07:00,2.5710419485791647
2022-05-20T13:15-07:00,11.693548387096774
2022-05-20T13:30-07:00,11.079136690647477
2022-05-20T13:45-07:00,7.779349363507784
2022-05-20T14:00-07:00,3.3942558746736253
2022-05-20T14:15-07:00,9.052924791086346
2022-05-20T14:30-07:00,9.70464135021097
2022-05-20T14:45-07:00,16.738197424892704
2022-05-20T15:00-07:00,4.748603351955312
2022-05-20T15:15-07:00,2.5065963060686056
2022-05-20T15:30-07:00,9.911242603550301
2022-05-20T15:45-07:00,12.005856515373358
2022-05-20T16:00-07:00,8.467153284671538
2022-05-20T16:15-07:00,9.50413223140496
2022-05-20T16:30-07:00,4.33566433566434
2022-05-20T16:45-07:00,12.184873949579831
2022-05-20T17:00-07:00,2.510460251046025
2022-05-20T17:15-07:00,13.389121338912133
2022-05-20T17:30-07:00,8.972503617945002
2022-05-20T17:45-07:00,13.857142857142861
2022-05-20T18:00-07:00,10.920436817472705
2022-05-20T18:15-07:00,14.347826086956522
2022-05-20T18:30-07:00,4.273504273504273
2022-05-20T18:45-07:00,6.198347107438017
2022-05-20T19:00-07:00,10.574018126888223
2022-05-20T19:15-07:00,16.591928251121075
2022-05-20T19:30-07:00,7.623318385650224
2022-05-20T19:45-07:00,8.603667136812415
2022-05-20T20:00-07:00,3.8297872340425534
2022-05-20T20:15-07:00,8.658008658008658
2022-05-20T20:30-07:00,9.482758620689655
2022-05-20T20:45-07:00,9.40665701881331
2022-05-20T21:00-07:00,3.8632986627043047
2022-05-20T21:15-07:00,9.333333333333334
2022-05-20T21:30-07:00,13.036809815950924
2022-05-20T21:45-07:00,11.790393013100436
2022-05-20T22:00-07:00,8.43373493975903
2022-05-20T22:15-07:00,8.381502890173415
2022-05-20T22:30-07:00,7.625899280575536
2022-05-20T22:45-07:00,11.544461778471135
2022-05-20T23:00-07:00,14.220183486238533
2022-05-20T23:15-07:00,9.871244635193133
2022-05-20T23:30-07:00,6.6371681415929205
2022-05-20T23:45-07:00,12.408759124087595
2022-05-21T00:00-07:00,8.320950965824661
2022-05-21T00:15-07:00,9.821428571428571
2022-05-21T00:30-07:00,4.979253112033195
2022-05-21T00:45-07:00,9.090909090909092
2022-05-21T01:00-07:00,18.08510638297872
2022-05-21T01:15-07:00,12.481203007518793
2022-05-21T01:30-07:00,15.959004392386536
2022-05-21T01:45-07:00,10.309278350515468
2022-05-21T02:00-07:00,16.6407465007776
2022-05-21T02:15-07:00,9.365558912386703
2022-05-21T02:30-07:00,15.558912386706954
2022-05-21T02:45-07:00,4.518950437317789
2022-05-21T03:00-07:00,9.465648854961827
2022-05-21T03:15-07:00,13.843888070692199
2022-05-21T03:30-07:00,16.788321167883215
2022-05-21T03:45-07:00,2.080237741456162
2022-05-21T04:00-07:00,15.486725663716815
2022-05-21T04:15-07:00,12.354651162790702
2022-05-21T04:30-07:00,14.692653673163413
2022-05-21T04:45-07:00,5.579399141630901
2022-05-21T05:00-07:00,14.874815905743736
2022-05-21T05:15-07:00,11.504424778761061
2022-05-21T05:30-07:00,14.798206278026905
2022-05-21T05:45-07:00,4.850213980028536
2022-05-21T06:00-07:00,11.688311688311689
2022-05-21T06:15-07:00,13.829787234042557
2022-05-21T06:30-07:00,18.34862385321101
2022-05-21T06:45-07:00,7.111111111111111
2022-05-21T07:00-07:00,7.703488372093019
2022-05-21T07:15-07:00,15.060240963855426
2022-05-21T07:30-07:00,13.199426111908172
2022-05-21T07:45-07:00,13.216560509554135
2022-05-21T08:00-07:00,6.304985337243406
2022-05-21T08:15-07:00,8.421052631578943
2022-05-21T08:30-07:00,12.861271676300573
2022-05-21T08:45-07:00,11.49606299212599
2022-05-21T09:00-07:00,5.9854014598540095
2022-05-21T09:15-07:00,6.330935251798556
2022-05-21T09:30-07:00,13.376835236541604
2022-05-21T09:45-07:00,10.889570552147234
2022-05-21T10:00-07:00,12.275449101796413
2022-05-21T10:15-07:00,6.172839506172839
2022-05-21T10:30-07:00,12.254901960784315
2022-05-21T10:45-07:00,16.450216450216452
2022-05-21T11:00-07:00,11.300309597523224
2022-05-21T11:15-07:00,11.543810848400552
2022-05-21T11:30-07:00,15.316642120765827
2022-05-21T11:45-07:00,16.05504587155963
2022-05-21T12:00-07:00,8.620689655172415
2022-05-21T12:15-07:00,16.27906976744186
2022-05-21T12:30-07:00,4.125177809388331
2022-05-21T12:45-07:00,15.662650602409633
2022-05-21T13:00-07:00,15.052160953800295
2022-05-21T13:15-07:00,16.371681415929203
2022-05-21T13:30-07:00,12.576687116564422
2022-05-21T13:45-07:00,7.2122052704577015
2022-05-21T14:00-07:00,16.074188562596596
2022-05-21T14:15-07:00,15.841584158415847
2022-05-21T14:30-07:00,5.676855895196507
2022-05-21T14:45-07:00,8.682634730538927
2022-05-21T15:00-07:00,10.526315789473685
2022-05-21T15:15-07:00,6.521739130434782
2022-05-21T15:30-07:00,10.798816568047341
2022-05-21T15:45-07:00,14.053254437869818
2022-05-21T16:00-07:00,7.418397626112755
2022-05-21T16:15-07:00,11.192930780559651
2022-05-21T16:30-07:00,2.5718608169440196
2022-05-21T16:45-07:00,13.237410071942442
2022-05-21T17:00-07:00,4.3478260869565215
2022-05-21T17:15-07:00,16.279069767441865
2022-05-21T17:30-07:00,12.5
2022-05-21T17:45-07:00,7.036535859269287
2022-05-21T18:00-07:00,13.538461538461544
2022-05-21T18:15-07:00,10.134128166915048
2022-05-21T18:30-07:00,21.135646687697157
2022-05-21T18:45-07:00,10.128388017118398
2022-05-21T19:00-07:00,6.572769953051643
2022-05-21T19:15-07:00,7.799442896935928
2022-05-21T19:30-07:00,8.09160305343511
2022-05-21T19:45-07:00,13.193403298350828
2022-05-21T20:00-07:00,9.89660265878878
2022-05-21T20:15-07:00,13.313161875945541
2022-05-21T20:30-07:00,10.510046367851618
2022-05-21T20:45-07:00,16.174183514774487
2022-05-21T21:00-07:00,11.363636363636363
2022-05-21T21:15-07:00,13.62275449101797
2022-05-21T21:30-07:00,3.927492447129905
2022-05-21T21:45-07:00,12.149532710280374
2022-05-21T22:00-07:00,15.981735159817351
2022-05-21T22:15-07:00,8.968609865470851
2022-05-21T22:30-07:00,8.104196816208388
2022-05-21T22:45-07:00,10.480349344978166
2022-05-21T23:00-07:00,8.755760368663594
2022-05-21T23:15-07:00,7.2727272727272725
2022-05-21T23:30-07:00,17.621145374449338
2022-05-21T23:45-07:00,7.153284671532851
2022-05-22T00:00-07:00,16.310975609756092
2022-05-22T00:15-07:00,11.24620060790273
2022-05-22T00:30-07:00,16.641221374045806
2022-05-22T00:45-07:00,6.408345752608053
2022-05-22T01:00-07:00,7.737226277372258
2022-05-22T01:15-07:00,9.295352323838076
2022-05-22T01:30-07:00,17.87296898079764
2022-05-22T01:45-07:00,15.197568389057755
2022-05-22T02:00-07:00,15.453194650817231
2022-05-22T02:15-07:00,15.454545454545455
2022-05-22T02:30-07:00,16.017964071856284
2022-05-22T02:45-07:00,9.3558282208589
2022-05-22T03:00-07:00,8.605341246290806
2022-05-22T03:15-07:00,7.048458149779735
2022-05-22T03:30-07:00,12.442396313364055
2022-05-22T03:45-07:00,20.8955223880597
2022-05-22T04:00-07:00,15.174506828528079
2022-05-22T04:15-07:00,11.077844311377241
2022-05-22T04:30-07:00,12.177650429799431
2022-05-22T04:45-07:00,12.857142857142858
2022-05-22T05:00-07:00,12.844036697247706
2022-05-22T05:15-07:00,11.02719033232629
2022-05-22T05:30-07:00,9.700427960057057
2022-05-22T05:45-07:00,11.45510835913312
2022-05-22T06:00-07:00,13.615023474178404
2022-05-22T06:15-07:00,11.994002998500743
2022-05-22T06:30-07:00,9.95850622406639
2022-05-22T06:45-07:00,9.214501510574022
2022-05-22T07:00-07:00,17.391304347826093
2022-05-22T07:15-07:00,12.084592145015101
2022-05-22T07:30-07:00,11.73913043478261
2022-05-22T07:45-07:00,9.077598828696921
2022-05-22T08:00-07:00,13.744075829383887
2022-05-22T08:15-07:00,9.30232558139535
2022-05-22T08:30-07:00,13.075780089153051
2022-05-22T08:45-07:00,6.956521739130435
2022-05-22T09:00-07:00,2.6798307475317387
2022-05-22T09:15-07:00,10.648148148148149
2022-05-22T09:30-07:00,16.289592760180994
2022-05-22T09:45-07:00,12.177650429799431
2022-05-22T10:00-07:00,2.0661157024793386
2022-05-22T10:15-07:00,7.982583454281572
2022-05-22T10:30-07:00,5.416666666666667
2022-05-22T10:45-07:00,11.09510086455331
2022-05-22T11:00-07:00,4.747774480712161
2022-05-22T11:15-07:00,9.54356846473029
2022-05-22T11:30-07:00,14.285714285714286
2022-05-22T11:45-07:00,15.720524017467248
2022-05-22T12:00-07:00,11.981566820276498
2022-05-22T12:15-07:00,16.690647482014384
2022-05-22T12:30-07:00,14.99250374812594
2022-05-22T12:45-07:00,12.184873949579831
2022-05-22T13:00-07:00,11.987860394537183
2022-05-22T13:15-07:00,14.864864864864865
2022-05-22T13:30-07:00,9.365558912386703
2022-05-22T13:45-07:00,15.074626865671636
2022-05-22T14:00-07:00,9.999999999999995
2022-05-22T14:15-07:00,11.353711790393014
2022-05-22T14:30-07:00,7.310344827586203
2022-05-22T14:45-07:00,10.280373831775702
2022-05-22T15:00-07:00,10.882352941176466
2022-05-22T15:15-07:00,8.558558558558559
2022-05-22T15:30-07:00,16.916167664670656
2022-05-22T15:45-07:00,15.450643776824034
2022-05-22T16:00-07:00,11.755725190839689
2022-05-22T16:15-07:00,6.751054852320675
2022-05-22T16:30-07:00,17.194570135746606
2022-05-22T16:45-07:00,12.173913043478262
2022-05-22T17:00-07:00,14.605067064083453
2022-05-22T17:15-07:00,12.43016759776536
2022-05-22T17:30-07:00,15.442278860569719
2022-05-22T17:45-07:00,8.853410740203199
2022-05-22T18:00-07:00,14.115898959881124
2022-05-22T18:15-07:00,13.352685050798254
2022-05-22T18:30-07:00,6.521739130434782
2022-05-22T18:45-07:00,20.80237741456166
2022-05-22T19:00-07:00,3.9513677811550107
2022-05-22T19:15-07:00,18.195488721804516
2022-05-22T19:30-07:00,9.345794392523365
2022-05-22T19:45-07:00,18.683001531393565
2022-05-22T20:00-07:00,9.329446064139947
2022-05-22T20:15-07:00,8.806818181818178
2022-05-22T20:30-07:00,12.898330804248868
2022-05-22T20:45-07:00,16.589861751152075
2022-05-22T21:00-07:00,10.769230769230775
2022-05-22T21:15-07:00,10.55634807417974
2022-05-22T21:30-07:00,10.123119015047875
2022-05-22T21:45-07:00,12.594840667678296
2022-05-22T22:00-07:00,6.403940886699507
2022-05-22T22:15-07:00,3.8461538461538463
2022-05-22T22:30-07:00,6.0344827586206895
2022-05-22T22:45-07:00,15.100154083204925
2022-05-22T23:00-07:00,19.1588785046729
2022-05-22T23:15-07:00,12.006079027355627
2022-05-22T23:30-07:00,18.91891891891892
2022-05-22T23:45-07:00,7.09969788519637
2022-05-23T00:00-07:00,18.099547511312217
2022-05-23T00:15-07:00,8.892128279883387
2022-05-23T00:30-07:00,14.513788098693764
2022-05-23T00:45-07:00,8.605341246290806
2022-05-23T01:00-07:00,14.970059880239527
2022-05-23T01:15-07:00,11.394302848575716
2022-05-23T01:30-07:00,19.724770642201836
2022-05-23T01:45-07:00,5.882352941176466
2022-05-23T02:00-07:00,11.782032400589097
2022-05-23T02:15-07:00,9.38461538461539
2022-05-23T02:30-07:00,16.0
2022-05-23T02:45-07:00,7.522123893805309
2022-05-23T03:00-07:00,18.195488721804516
2022-05-23T03:15-07:00,16.093750000000004
2022-05-23T03:30-07:00,10.823170731707313
2022-05-23T03:45-07:00,13.88478581979321
2022-05-23T04:00-07:00,12.778603268945018
2022-05-23T04:15-07:00,12.561174551386618
2022-05-23T04:30-07:00,14.391691394658759
2022-05-23T04:45-07:00,7.080924855491334
2022-05-23T05:00-07:00,8.689248895434458
2022-05-23T05:15-07:00,12.612612612612613
2022-05-23T05:30-07:00,12.419354838709673
2022-05-23T05:45-07:00,8.571428571428571
2022-05-23T06:00-07:00,6.657018813314042
2022-05-23T06:15-07:00,8.966565349544068
2022-05-23T06:30-07:00,13.06990881458966
2022-05-23T06:45-07:00,10.982658959537577
2022-05-23T07:00-07:00,9.571428571428575
2022-05-23T07:15-07:00,15.562403697996913
2022-05-23T07:30-07:00,9.329446064139947
2022-05-23T07:45-07:00,4.632867132867138
2022-05-23T08:00-07:00,8.085106382978724
2022-05-23T08:15-07:00,11.221590909090914
2022-05-23T08:30-07:00,11.544227886056966
2022-05-23T08:45-07:00,7.757404795486605
2022-05-23T09:00-07:00,0.8438818565400844
2022-05-23T09:15-07:00,9.015256588072118
2022-05-23T09:30-07:00,6.410256410256411
2022-05-23T09:45-07:00,8.309455587392556
2022-05-23T10:00-07:00,8.27679782903664
2022-05-23T10:15-07:00,4.955752212389386
2022-05-23T10:30-07:00,10.220994475138117
2022-05-23T10:45-07:00,15.251798561151084
2022-05-23T11:00-07:00,8.464849354375891
2022-05-23T11:15-07:00,3.351206434316358
2022-05-23T11:30-07:00,4.755244755244759
2022-05-23T11:45-07:00,9.53678474114442
2022-05-23T12:00-07:00,6.303724928366758
2022-05-23T12:15-07:00,1.0230179028132993
2022-05-23T12:30-07:00,1.3157894736842142
2022-05-23T12:45-07:00,3.723404255319153
2022-05-23T13:00-07:00,8.333333333333334
2022-05-23T13:15-07:00,1.9390581717451485
2022-05-23T13:30-07:00,11.58038147138965
2022-05-23T13:45-07:00,2.0887728459530064
2022-05-23T14:00-07:00,4.676753782668505
2022-05-23T14:15-07:00,10.43723554301833
2022-05-23T14:30-07:00,7.617728531855961
2022-05-23T14:45-07:00,10.230547550432272
2022-05-23T15:00-07:00,12.55115961800818
2022-05-23T15:15-07:00,16.157205240174672
2022-05-23T15:30-07:00,9.691629955947143
2022-05-23T15:45-07:00,8.635097493036207
2022-05-23T16:00-07:00,9.913793103448276
2022-05-23T16:15-07:00,13.793103448275861
2022-05-23T16:30-07:00,10.503597122302164
2022-05-23T16:45-07:00,6.412005457025916
2022-05-23T17:00-07:00,6.03907637655418
2022-05-23T17:15-07:00,8.857142857142852
2022-05-23T17:30-07:00,2.9166666666666665
2022-05-23T17:45-07:00,15.9771754636234
2022-05-23T18:00-07:00,13.075780089153051
2022-05-23T18:15-07:00,12.006079027355627
2022-05-23T18:30-07:00,14.437689969604858
2022-05-23T18:45-07:00,3.4916201117318475
2022-05-23T19:00-07:00,7.351638618246241
2022-05-23T19:15-07:00,9.065679925994456
2022-05-23T19:30-07:00,11.304347826086957
2022-05-23T19:45-07:00,18.86792452830189
2022-05-23T20:00-07:00,2.941176470588239
2022-05-23T20:15-07:00,17.307692307692307
2022-05-23T20:30-07:00,8.968609865470851
2022-05-23T20:45-07:00,10.294117647058828
2022-05-23T21:00-07:00,7.020057306590263
2022-05-23T21:15-07:00,10.65918653576438
2022-05-23T21:30-07:00,14.803149606299218
2022-05-23T21:45-07:00,15.102639296187688
2022-05-23T22:00-07:00,6.654512306289876
2022-05-23T22:15-07:00,8.504398826979477
2022-05-23T22:30-07:00,13.237410071942442
2022-05-23T22:45-07:00,16.56626506024096
2022-05-23T23:00-07:00,14.391691394658759
2022-05-23T23:15-07:00,7.7712609970674436
2022-05-23T23:30-07:00,4.413062665489854
2022-05-23T23:45-07:00,9.228441754916798
2022-05-24T00:00-07:00,19.011976047904195
2022-05-24T00:15-07:00,7.779349363507784
2022-05-24T00:30-07:00,8.225108225108226
2022-05-24T00:45-07:00,13.688760806916422
2022-05-24T01:00-07:00,13.58381502890174
2022-05-24T01:15-07:00,13.841368584758937
2022-05-24T01:30-07:00,9.940652818991103
2022-05-24T01:45-07:00,14.939024390243897
2022-05-24T02:00-07:00,19.004524886877828
2022-05-24T02:15-07:00,9.767441860465116
2022-05-24T02:30-07:00,11.225997045790256
2022-05-24T02:45-07:00,3.590192644483367
2022-05-24T03:00-07:00,8.280828082808288
2022-05-24T03:15-07:00,8.536585365853654
2022-05-24T03:30-07:00,14.70588235294117
2022-05-24T03:45-07:00,5.71428571428571
2022-05-24T04:00-07:00,10.47904191616767
2022-05-24T04:15-07:00,13.190184049079749
2022-05-24T04:30-07:00,9.969325153374228
2022-05-24T04:45-07:00,7.692307692307688
2022-05-24T05:00-07:00,7.296137339055794
2022-05-24T05:15-07:00,12.727272727272727
2022-05-24T05:30-07:00,14.28571428571429
2022-05-24T05:45-07:00,14.662756598240474
2022-05-24T06:00-07:00,7.184750733137834
2022-05-24T06:15-07:00,12.233285917496438
2022-05-24T06:30-07:00,7.906976744186046
2022-05-24T06:45-07:00,13.056379821958462
2022-05-24T07:00-07:00,10.692771084337345
2022-05-24T07:15-07:00,4.978540772532185
2022-05-24T07:30-07:00,12.386706948640489
2022-05-24T07:45-07:00,11.756373937677049
2022-05-24T08:00-07:00,10.075187969924817
2022-05-24T08:15-07:00,12.087912087912093
2022-05-24T08:30-07:00,5.394190871369295
2022-05-24T08:45-07:00,11.48936170212766
2022-05-24T09:00-07:00,8.701854493580605
2022-05-24T09:15-07:00,11.31578947368421
2022-05-24T09:30-07:00,7.132667617689012
2022-05-24T09:45-07:00,4.471544715447155
2022-05-24T10:00-07:00,8.877284595300257
2022-05-24T10:15-07:00,9.066305818673888
2022-05-24T10:30-07:00,11.065573770491802
2022-05-24T10:45-07:00,2.228412256267413
2022-05-24T11:00-07:00,9.6
2022-05-24T11:15-07:00,7.280219780219777
2022-05-24T11:30-07:00,11.403508771929825
2022-05-24T11:45-07:00,7.407407407407407
2022-05-24T12:00-07:00,9.986320109439129
2022-05-24T12:15-07:00,3.9772727272727315
2022-05-24T12:30-07:00,8.333333333333334
2022-05-24T12:45-07:00,10.369318181818187
2022-05-24T13:00-07:00,5.027173913043482
2022-05-24T13:15-07:00,8.189655172413794
2022-05-24T13:30-07:00,11.48936170212766
2022-05-24T13:45-07:00,5.7441253263707575
2022-05-24T14:00-07:00,7.492795389048996
2022-05-24T14:15-07:00,11.688311688311689
2022-05-24T14:30-07:00,9.370424597364574
2022-05-24T14:45-07:00,11.79624664879357
2022-05-24T15:00-07:00,9.011627906976743
2022-05-24T15:15-07:00,8.403361344537815
2022-05-24T15:30-07:00,14.09691629955947
2022-05-24T15:45-07:00,6.68563300142247
2022-05-24T16:00-07:00,5.263157894736846
2022-05-24T16:15-07:00,6.212765957446803
2022-05-24T16:30-07:00,4.193254329990879
2022-05-24T16:45-07:00,18.2076813655761
2022-05-24T17:00-07:00,6.528189910979224
2022-05-24T17:15-07:00,15.317919075144514
2022-05-24T17:30-07:00,6.7333939945404975
2022-05-24T17:45-07:00,15.797546012269942
2022-05-24T18:00-07:00,7.083333333333333
2022-05-24T18:15-07:00,3.9285714285714337
2022-05-24T18:30-07:00,6.322350845948359
2022-05-24T18:45-07:00,9.981343283582095
2022-05-24T19:00-07:00,10.729613733905579
2022-05-24T19:15-07:00,13.293051359516621
2022-05-24T19:30-07:00,8.628005657708632
2022-05-24T19:45-07:00,6.629055007052181
2022-05-24T20:00-07:00,18.15384615384616
2022-05-24T20:15-07:00,11.461318051575928
2022-05-24T20:30-07:00,11.764705882352942
2022-05-24T20:45-07:00,14.637482900136796
2022-05-24T21:00-07:00,13.692946058091286
2022-05-24T21:15-07:00,16.87898089171975
2022-05-24T21:30-07:00,12.835820895522383
2022-05-24T21:45-07:00,15.773353751914248
2022-05-24T22:00-07:00,4.97737556561086
2022-05-24T22:15-07:00,5.240174672489083
2022-05-24T22:30-07:00,7.503828483920373
2022-05-24T22:45-07:00,11.255411255411255
2022-05-24T23:00-07:00,17.637795275590555
2022-05-24T23:15-07:00,9.700427960057057
2022-05-24T23:30-07:00,9.90566037735849
2022-05-24T23:45-07:00,15.486725663716815
2022-05-25T00:00-07:00,17.062314540059354
2022-05-25T00:15-07:00,9.20679886685552
2022-05-25T00:30-07:00,5.955678670360116
2022-05-25T00:45-07:00,19.90881458966565
2022-05-25T01:00-07:00,9.25925925925926
2022-05-25T01:15-07:00,18.141592920353983
2022-05-25T01:30-07:00,6.567164179104473
2022-05-25T01:45-07:00,16.666666666666668
2022-05-25T02:00-07:00,18.13953488372093
2022-05-25T02:15-07:00,13.567073170731703
2022-05-25T02:30-07:00,6.480117820324001
2022-05-25T02:45-07:00,10.456553755522823
2022-05-25T03:00-07:00,10.790273556230998
2022-05-25T03:15-07:00,16.905444126074503
2022-05-25T03:30-07:00,10.252365930599364
2022-05-25T03:45-07:00,7.725321888412017
2022-05-25T04:00-07:00,20.820668693009114
2022-05-25T04:15-07:00,11.160714285714286
2022-05-25T04:30-07:00,19.43127962085308
2022-05-25T04:45-07:00,8.189655172413794
2022-05-25T05:00-07:00,9.170305676855895
2022-05-25T05:15-07:00,10.24390243902439
2022-05-25T05:30-07:00,17.80821917808219
2022-05-25T05:45-07:00,17.79141104294478
2022-05-25T06:00-07:00,8.563535911602205
2022-05-25T06:15-07:00,11.90817790530846
2022-05-25T06:30-07:00,8.636363636363637
2022-05-25T06:45-07:00,13.513513513513514
2022-05-25T07:00-07:00,13.343328335832078
2022-05-25T07:15-07:00,5.686546463245488
2022-05-25T07:30-07:00,10.174418604651168
2022-05-25T07:45-07:00,3.571428571428575
2022-05-25T08:00-07:00,11.158798283261802
2022-05-25T08:15-07:00,16.371681415929203
2022-05-25T08:30-07:00,6.295754026354324
2022-05-25T08:45-07:00,6.853146853146857
2022-05-25T09:00-07:00,7.632263660017341
2022-05-25T09:15-07:00,12.55474452554744
2022-05-25T09:30-07:00,4.599406528189916
2022-05-25T09:45-07:00,12.824207492795384
2022-05-25T10:00-07:00,5.804749340369389
2022-05-25T10:15-07:00,8.864265927977844
2022-05-25T10:30-07:00,7.468879668049793
2022-05-25T10:45-07:00,12.482468443197751
2022-05-25T11:00-07:00,6.22568093385214
2022-05-25T11:15-07:00,10.589812332439683
2022-05-25T11:30-07:00,7.0556309362279555
2022-05-25T11:45-07:00,5.331599479843961
2022-05-25T12:00-07:00,4.50522928399035
2022-05-25T12:15-07:00,10.439560439560445
2022-05-25T12:30-07:00,4.522613065326633
2022-05-25T12:45-07:00,4.086738949124265
2022-05-25T13:00-07:00,2.772963604852691
2022-05-25T13:15-07:00,8.433734939759036
2022-05-25T13:30-07:00,4.366197183098596
2022-05-25T13:45-07:00,7.142857142857143
2022-05-25T14:00-07:00,5.6803170409511266
2022-05-25T14:15-07:00,9.746328437917228
2022-05-25T14:30-07:00,4.978540772532185
2022-05-25T14:45-07:00,6.751054852320675
2022-05-25T15:00-07:00,7.022471910112355
2022-05-25T15:15-07:00,6.9518716577540145
2022-05-25T15:30-07:00,7.203389830508475
2022-05-25T15:45-07:00,7.681564245810061
2022-05-25T16:00-07:00,4.21455938697318
2022-05-25T16:15-07:00,5.412719891745606
2022-05-25T16:30-07:00,8.428571428571423
2022-05-25T16:45-07:00,2.8776978417266146
2022-05-25T17:00-07:00,12.889518413597738
2022-05-25T17:15-07:00,10.16713091922006
2022-05-25T17:30-07:00,5.052005943536408
2022-05-25T17:45-07:00,2.75103163686382
2022-05-25T18:00-07:00,2.4734982332155426
2022-05-25T18:15-07:00,10.625000000000007
2022-05-25T18:30-07:00,8.810572687224669
2022-05-25T18:45-07:00,3.35195530726257
2022-05-25T19:00-07:00,11.173974540311178
2022-05-25T19:15-07:00,14.17565485362095
2022-05-25T19:30-07:00,11.126760563380287
2022-05-25T19:45-07:00,11.688311688311689
2022-05-25T20:00-07:00,16.036308623298037
2022-05-25T20:15-07:00,11.834319526627214
2022-05-25T20:30-07:00,13.063063063063064
2022-05-25T20:45-07:00,6.940509915014169
2022-05-25T21:00-07:00,11.04477611940298
2022-05-25T21:15-07:00,14.732142857142858
2022-05-25T21:30-07:00,13.587786259541978
2022-05-25T21:45-07:00,16.901408450704224
2022-05-25T22:00-07:00,6.092124814264483
2022-05-25T22:15-07:00,19.999999999999996
2022-05-25T22:30-07:00,13.841368584758937
2022-05-25T22:45-07:00,13.504074505238657
2022-05-25T23:00-07:00,5.479452054794525
2022-05-25T23:15-07:00,8.3453237410072
2022-05-25T23:30-07:00,12.272727272727273
2022-05-25T23:45-07:00,6.8807339449541285
2022-05-26T00:00-07:00,14.809384164222868
2022-05-26T00:15-07:00,4.9132947976878665
2022-05-26T00:30-07:00,11.28284389489954
2022-05-26T00:45-07:00,16.964285714285715
2022-05-26T01:00-07:00,7.011070110701102
2022-05-26T01:15-07:00,3.6199095022624435
2022-05-26T01:30-07:00,9.051724137931034
2022-05-26T01:45-07:00,11.402157164869024
2022-05-26T02:00-07:00,7.7994428969359335
2022-05-26T02:15-07:00,15.846153846153852
2022-05-26T02:30-07:00,11.790393013100436
2022-05-26T02:45-07:00,9.177215189873424
2022-05-26T03:00-07:00,20.179372197309416
2022-05-26T03:15-07:00,9.58904109589041
2022-05-26T03:30-07:00,6.743185078909608
2022-05-26T03:45-07:00,11.428571428571434
2022-05-26T04:00-07:00,11.95652173913043
2022-05-26T04:15-07:00,11.598746081504698
2022-05-26T04:30-07:00,15.733736762481083
2022-05-26T04:45-07:00,10.086455331412107
2022-05-26T05:00-07:00,20.0
2022-05-26T05:15-07:00,10.091743119266056
2022-05-26T05:30-07:00,12.162162162162161
2022-05-26T05:45-07:00,7.44985673352436
2022-05-26T06:00-07:00,6.001765225066201
2022-05-26T06:15-07:00,10.110294117647063
2022-05-26T06:30-07:00,10.535714285714281
2022-05-26T06:45-07:00,7.363770250368184
2022-05-26T07:00-07:00,6.596306068601583
2022-05-26T07:15-07:00,11.544227886056966
2022-05-26T07:30-07:00,5.426356589147287
2022-05-26T07:45-07:00,4.956268221574349
2022-05-26T08:00-07:00,7.702888583218702
2022-05-26T08:15-07:00,4.524180967238685
2022-05-26T08:30-07:00,10.641399416909627
2022-05-26T08:45-07:00,11.173974540311178
2022-05-26T09:00-07:00,8.05084745762712
2022-05-26T09:15-07:00,6.456043956043952
2022-05-26T09:30-07:00,13.31403762662807
2022-05-26T09:45-07:00,7.112970711297071
2022-05-26T10:00-07:00,6.5517241379310285
2022-05-26T10:15-07:00,14.345991561181435
2022-05-26T10:30-07:00,3.3557046979865808
2022-05-26T10:45-07:00,5.696757230499568
2022-05-26T11:00-07:00,11.921458625525952
2022-05-26T11:15-07:00,10.704225352112681
2022-05-26T11:30-07:00,4.166666666666667
2022-05-26T11:45-07:00,8.190224570673708
2022-05-26T12:00-07:00,2.6923076923076925
2022-05-26T12:15-07:00,16.576086956521735
2022-05-26T12:30-07:00,8.864265927977844
2022-05-26T12:45-07:00,8.938547486033524
2022-05-26T13:00-07:00,9.017496635262454
2022-05-26T13:15-07:00,8.575581395348832
2022-05-26T13:30-07:00,4.709840201850299
2022-05-26T13:45-07:00,8.323959505061875
2022-05-26T14:00-07:00,4.123711340206185
2022-05-26T14:15-07:00,9.6
2022-05-26T14:30-07:00,6.694560669456073
2022-05-26T14:45-07:00,10.483870967741936
2022-05-26T15:00-07:00,3.2418952618453867
2022-05-26T15:15-07:00,18.985695708712623
2022-05-26T15:30-07:00,7.317073170731708
2022-05-26T15:45-07:00,8.049113233287853
2022-05-26T16:00-07:00,4.347826086956526
2022-05-26T16:15-07:00,7.874015748031496
2022-05-26T16:30-07:00,9.756097560975604
2022-05-26T16:45-07:00,7.372654155495983
2022-05-26T17:00-07:00,5.857142857142852
2022-05-26T17:15-07:00,14.693295292439377
2022-05-26T17:30-07:00,12.037037037037036
2022-05-26T17:45-07:00,16.8141592920354
2022-05-26T18:00-07:00,11.69757489300999
2022-05-26T18:15-07:00,3.7456445993031307
2022-05-26T18:30-07:00,8.16326530612245
2022-05-26T18:45-07:00,4.641350210970464
2022-05-26T19:00-07:00,13.559322033898304
2022-05-26T19:15-07:00,13.302752293577981
2022-05-26T19:30-07:00,14.705882352941181
2022-05-26T19:45-07:00,5.571847507331373
2022-05-26T20:00-07:00,10.95890410958904
2022-05-26T20:15-07:00,16.465256797583088
2022-05-26T20:30-07:00,8.558558558558559
2022-05-26T20:45-07:00,3.894297635605011
2022-05-26T21:00-07:00,12.760055478502075
2022-05-26T21:15-07:00,10.271903323262835
2022-05-26T21:30-07:00,20.241691842900302
2022-05-26T21:45-07:00,8.743169398907105
2022-05-26T22:00-07:00,14.61649782923299
2022-05-26T22:15-07:00,8.872180451127814
2022-05-26T22:30-07:00,20.17416545718433
2022-05-26T22:45-07:00,8.124076809453475
2022-05-26T23:00-07:00,7.44985673352436
2022-05-26T23:15-07:00,10.344827586206897
2022-05-26T23:30-07:00,7.890743550834603
2022-05-26T23:45-07:00,20.0
2022-05-27T00:00-07:00,14.442700156985866
2022-05-27T00:15-07:00,6.4954682779456245
2022-05-27T00:30-07:00,12.88888888888889
2022-05-27T00:45-07:00,10.55045871559633
2022-05-27T01:00-07:00,12.031249999999995
2022-05-27T01:15-07:00,12.926136363636369
2022-05-27T01:30-07:00,9.393063583815024
2022-05-27T01:45-07:00,12.78195488721805
2022-05-27T02:00-07:00,17.411402157164865
2022-05-27T02:15-07:00,21.932515337423307
2022-05-27T02:30-07:00,14.471780028943565
2022-05-27T02:45-07:00,14.626865671641786
2022-05-27T03:00-07:00,8.294930875576037
2022-05-27T03:15-07:00,15.519765739385072
2022-05-27T03:30-07:00,8.11965811965812
2022-05-27T03:45-07:00,11.959654178674347
2022-05-27T04:00-07:00,9.210526315789474
2022-05-27T04:15-07:00,22.188449848024312
2022-05-27T04:30-07:00,12.334801762114537
2022-05-27T04:45-07:00,15.600624024961004
2022-05-27T05:00-07:00,11.578947368421048
2022-05-27T05:15-07:00,14.222222222222221
2022-05-27T05:30-07:00,23.583460949464015
2022-05-27T05:45-07:00,10.028653295128946
2022-05-27T06:00-07:00,11.28284389489954
2022-05-27T06:15-07:00,9.836065573770492
2022-05-27T06:30-07:00,10.754414125200647
2022-05-27T06:45-07:00,13.535031847133762
2022-05-27T07:00-07:00,13.808139534883717
2022-05-27T07:15-07:00,6.10412926391383
2022-05-27T07:30-07:00,16.255442670537015
2022-05-27T07:45-07:00,10.159651669085637
2022-05-27T08:00-07:00,11.171662125340605
2022-05-27T08:15-07:00,3.148936170212761
2022-05-27T08:30-07:00,13.617021276595745
2022-05-27T08:45-07:00,13.733905579399142
2022-05-27T09:00-07:00,16.344725111441303
2022-05-27T09:15-07:00,6.8874172185430504
2022-05-27T09:30-07:00,9.285714285714281
2022-05-27T09:45-07:00,12.653061224489797
2022-05-27T10:00-07:00,17.2
2022-05-27T10:15-07:00,3.1496062992125986
2022-05-27T10:30-07:00,14.976415094339615
2022-05-27T10:45-07:00,2.9372496662216325
2022-05-27T11:00-07:00,7.8838174273858925
2022-05-27T11:15-07:00,10.429447852760731
2022-05-27T11:30-07:00,14.428571428571423
2022-05-27T11:45-07:00,6.2834224598930435
2022-05-27T12:00-07:00,7.203389830508475
2022-05-27T12:15-07:00,24.766355140186917
2022-05-27T12:30-07:00,10.549132947976883
2022-05-27T12:45-07:00,17.391304347826086
2022-05-27T13:00-07:00,9.927007299270068
2022-05-27T13:15-07:00,6.367583212735162
2022-05-27T13:30-07:00,8.683853459972868
2022-05-27T13:45-07:00,9.9601593625498
2022-05-27T14:00-07:00,13.808139534883717
2022-05-27T14:15-07:00,11.864406779661017
2022-05-27T14:30-07:00,9.69609261939219
2022-05-27T14:45-07:00,8.864265927977844
2022-05-27T15:00-07:00,7.391304347826087
2022-05-27T15:15-07:00,12.292817679558006
2022-05-27T15:30-07:00,3.278688524590164
2022-05-27T15:45-07:00,16.59919028340081
2022-05-27T16:00-07:00,6.3559322033898304
2022-05-27T16:15-07:00,12.55474452554744
2022-05-27T16:30-07:00,16.949152542372882
2022-05-27T16:45-07:00,8.240223463687146
2022-05-27T17:00-07:00,3.5040431266846324
2022-05-27T17:15-07:00,7.671232876712324
2022-05-27T17:30-07:00,7.854137447405326
2022-05-27T17:45-07:00,15.316642120765827
2022-05-27T18:00-07:00,10.434782608695652
2022-05-27T18:15-07:00,18.798151001540827
2022-05-27T18:30-07:00,7.994186046511632
2022-05-27T18:45-07:00,4.545454545454541
2022-05-27T19:00-07:00,13.839285714285714
2022-05-27T19:15-07:00,11.047345767575317
2022-05-27T19:30-07:00,13.793103448275856
2022-05-27T19:45-07:00,4.85436893203883
2022-05-27T20:00-07:00,14.473684210526315
2022-05-27T20:15-07:00,9.30232558139535
2022-05-27T20:30-07:00,14.626865671641786
2022-05-27T20:45-07:00,9.770992366412218
2022-05-27T21:00-07:00,8.951048951048955
2022-05-27T21:15-07:00,5.3110773899848205
2022-05-27T21:30-07:00,17.577548005908415
2022-05-27T21:45-07:00,15.522388059701488
2022-05-27T22:00-07:00,17.37226277372262
2022-05-27T22:15-07:00,6.10795454545455
2022-05-27T22:30-07:00,12.630014858841015
2022-05-27T22:45-07:00,14.222873900293258
2022-05-27T23:00-07:00,19.452887537993917
2022-05-27T23:15-07:00,9.281437125748498
2022-05-27T23:30-07:00,9.45945945945946
2022-05-27T23:45-07:00,14.084507042253522
2022-05-28T00:00-07:00,11.374407582938389
2022-05-28T00:15-07:00,8.88888888888889
2022-05-28T00:30-07:00,7.999999999999996
2022-05-28T00:45-07:00,14.021571648690298
2022-05-28T01:00-07:00,14.615384615384611
2022-05-28T01:15-07:00,12.693498452012388
2022-05-28T01:30-07:00,8.189655172413794
2022-05-28T01:45-07:00,12.5
2022-05-28T02:00-07:00,10.928143712574856
2022-05-28T02:15-07:00,18.385650224215247
2022-05-28T02:30-07:00,9.165526675786598
2022-05-28T02:45-07:00,4.651162790697669
2022-05-28T03:00-07:00,14.090909090909092
2022-05-28T03:15-07:00,13.561847988077501
2022-05-28T03:30-07:00,14.56166419019316
2022-05-28T03:45-07:00,12.716763005780352
2022-05-28T04:00-07:00,11.7363344051447
2022-05-28T04:15-07:00,12.229102167182667
2022-05-28T04:30-07:00,12.612612612612613
2022-05-28T04:45-07:00,7.44985673352436
2022-05-28T05:00-07:00,3.7463976945244912
2022-05-28T05:15-07:00,13.333333333333334
2022-05-28T05:30-07:00,10.886469673405914
2022-05-28T05:45-07:00,13.461538461538462
2022-05-28T06:00-07:00,8.555399719495096
2022-05-28T06:15-07:00,14.556962025316452
2022-05-28T06:30-07:00,15.217391304347826
2022-05-28T06:45-07:00,12.608695652173912
2022-05-28T07:00-07:00,10.619469026548673
2022-05-28T07:15-07:00,6.521739130434782
2022-05-28T07:30-07:00,14.923076923076929
2022-05-28T07:45-07:00,8.968609865470851
2022-05-28T08:00-07:00,10.014727540500731
2022-05-28T08:15-07:00,10.32531824611033
2022-05-28T08:30-07:00,11.437403400309115
2022-05-28T08:45-07:00,10.093167701863349
2022-05-28T09:00-07:00,12.334801762114537
2022-05-28T09:15-07:00,2.6874115983026914
2022-05-28T09:30-07:00,8.599167822468788
2022-05-28T09:45-07:00,12.283236994219658
2022-05-28T10:00-07:00,9.71428571428571
2022-05-28T10:15-07:00,8.48920863309352
2022-05-28T10:30-07:00,6.424581005586597
2022-05-28T10:45-07:00,9.777777777777779
2022-05-28T11:00-07:00,12.184873949579831
2022-05-28T11:15-07:00,9.343065693430662
2022-05-28T11:30-07:00,2.1551724137931036
2022-05-28T11:45-07:00,2.8925619834710745
2022-05-28T12:00-07:00,12.660028449502128
2022-05-28T12:15-07:00,5.359661495063465
2022-05-28T12:30-07:00,13.748191027496377
2022-05-28T12:45-07:00,0.43103448275862066
2022-05-28T13:00-07:00,12.027972027972023
2022-05-28T13:15-07:00,14.008941877794342
2022-05-28T13:30-07:00,17.59656652360515
2022-05-28T13:45-07:00,10.381679389312971
2022-05-28T14:00-07:00,7.350901525658802
2022-05-28T14:15-07:00,14.473684210526315
2022-05-28T14:30-07:00,9.557774607703285
2022-05-28T14:45-07:00,13.513513513513514
2022-05-28T15:00-07:00,13.642960812772138
2022-05-28T15:15-07:00,9.457579972183584
2022-05-28T15:30-07:00,16.21233859397417
2022-05-28T15:45-07:00,16.40866873065016
2022-05-28T16:00-07:00,13.313161875945541
2022-05-28T16:15-07:00,12.612612612612613
2022-05-28T16:30-07:00,7.547169811320759
2022-05-28T16:45-07:00,9.012875536480687
2022-05-28T17:00-07:00,8.67579908675799
2022-05-28T17:15-07:00,11.946902654867257
2022-05-28T17:30-07:00,12.042682926829274
2022-05-28T17:45-07:00,15.352697095435685
2022-05-28T18:00-07:00,8.583690987124463
2022-05-28T18:15-07:00,16.768292682926827
2022-05-28T18:30-07:00,13.841368584758937
2022-05-28T18:45-07:00,14.418604651162791
2022-05-28T19:00-07:00,9.012875536480687
2022-05-28T19:15-07:00,15.121255349500718
2022-05-28T19:30-07:00,11.063829787234043
2022-05-28T19:45-07:00,12.555391432791733
2022-05-28T20:00-07:00,11.145038167938935
2022-05-28T20:15-07:00,8.069164265129679
2022-05-28T20:30-07:00,11.671924290220815
2022-05-28T20:45-07:00,13.981762917933125
2022-05-28T21:00-07:00,12.386706948640489
2022-05-28T21:15-07:00,10.612244897959183
2022-05-28T21:30-07:00,9.777777777777779
2022-05-28T21:45-07:00,9.174311926605505
2022-05-28T22:00-07:00,12.55474452554744
2022-05-28T22:15-07:00,14.485981308411215
2022-05-28T22:30-07:00,5.726872246696035
2022-05-28T22:45-07:00,17.142857142857142
2022-05-28T23:00-07:00,13.017751479289945
2022-05-28T23:15-07:00,15.789473684210526
2022-05-28T23:30-07:00,9.384164222873904
2022-05-28T23:45-07:00,7.792207792207792
2022-05-29T00:00-07:00,24.693251533742327
2022-05-29T00:15-07:00,10.090361445783136
2022-05-29T00:30-07:00,18.22429906542056
2022-05-29T00:45-07:00,9.365994236311234
2022-05-29T01:00-07:00,11.059907834101383
2022-05-29T01:15-07:00,14.548238897396626
2022-05-29T01:30-07:00,17.48878923766816
2022-05-29T01:45-07:00,12.153846153846159
2022-05-29T02:00-07:00,12.665684830633278
2022-05-29T02:15-07:00,16.335877862595414
2022-05-29T02:30-07:00,12.048192771084333
2022-05-29T02:45-07:00,11.627906976744185
2022-05-29T03:00-07:00,8.273894436519264
2022-05-29T03:15-07:00,13.32357247437775
2022-05-29T03:30-07:00,13.918305597579419
2022-05-29T03:45-07:00,17.01807228915662
2022-05-29T04:00-07:00,7.8668683812405495
2022-05-29T04:15-07:00,9.20679886685552
2022-05-29T04:30-07:00,12.519083969465653
2022-05-29T04:45-07:00,9.472049689440999
2022-05-29T05:00-07:00,10.526315789473685
2022-05-29T05:15-07:00,9.482758620689655
2022-05-29T05:30-07:00,18.051118210862615
2022-05-29T05:45-07:00,18.099547511312217
2022-05-29T06:00-07:00,15.68047337278107
2022-05-29T06:15-07:00,10.230547550432272
2022-05-29T06:30-07:00,5.555555555555555
2022-05-29T06:45-07:00,16.41104294478527
2022-05-29T07:00-07:00,7.7272727272727275
2022-05-29T07:15-07:00,11.933534743202422
2022-05-29T07:30-07:00,7.482014388489214
2022-05-29T07:45-07:00,9.090909090909092
2022-05-29T08:00-07:00,16.1849710982659
2022-05-29T08:15-07:00,11.24620060790273
2022-05-29T08:30-07:00,8.422664624808581
2022-05-29T08:45-07:00,12.554112554112555
2022-05-29T09:00-07:00,18.885448916408663
2022-05-29T09:15-07:00,9.734513274336283
2022-05-29T09:30-07:00,15.249266862170083
2022-05-29T09:45-07:00,2.481751824817514
2022-05-29T10:00-07:00,11.26126126126126
2022-05-29T10:15-07:00,15.490797546012264
2022-05-29T10:30-07:00,10.104011887072803
2022-05-29T10:45-07:00,7.591240875912413
2022-05-29T11:00-07:00,11.747851002865335
2022-05-29T11:15-07:00,7.391304347826087
2022-05-29T11:30-07:00,10.526315789473685
2022-05-29T11:45-07:00,14.071856287425154
2022-05-29T12:00-07:00,2.109704641350211
2022-05-29T12:15-07:00,4.602510460251046
2022-05-29T12:30-07:00,16.41168289290682
2022-05-29T12:45-07:00,11.349693251533736
2022-05-29T13:00-07:00,13.31403762662807
2022-05-29T13:15-07:00,3.3527696793002875
2022-05-29T13:30-07:00,8.28877005347593
2022-05-29T13:45-07:00,5.6521739130434785
2022-05-29T14:00-07:00,10.775862068965518
2022-05-29T14:15-07:00,11.669128508124082
2022-05-29T14:30-07:00,14.577259475218664
2022-05-29T14:45-07:00,7.44985673352436
2022-05-29T15:00-07:00,4.087591240875916
2022-05-29T15:15-07:00,8.066759388038948
2022-05-29T15:30-07:00,12.716763005780352
2022-05-29T15:45-07:00,12.05882352941177
2022-05-29T16:00-07:00,11.69757489300999
2022-05-29T16:15-07:00,14.15929203539823
2022-05-29T16:30-07:00,13.437499999999995
2022-05-29T16:45-07:00,13.574660633484163
2022-05-29T17:00-07:00,10.36496350364963
2022-05-29T17:15-07:00,18.78612716763006
2022-05-29T17:30-07:00,16.98670605612999
2022-05-29T17:45-07:00,11.764705882352942
2022-05-29T18:00-07:00,15.555555555555555
2022-05-29T18:15-07:00,15.988372093023251
2022-05-29T18:30-07:00,10.169491525423728
2022-05-29T18:45-07:00,12.946428571428571
2022-05-29T19:00-07:00,10.714285714285714
2022-05-29T19:15-07:00,13.852813852813853
2022-05-29T19:30-07:00,17.410714285714285
2022-05-29T19:45-07:00,10.65918653576438
2022-05-29T20:00-07:00,12.425149700598798
2022-05-29T20:15-07:00,16.568914956011724
2022-05-29T20:30-07:00,8.042488619119874
2022-05-29T20:45-07:00,10.549777117384838
2022-05-29T21:00-07:00,7.56533700137552
2022-05-29T21:15-07:00,16.05504587155963
2022-05-29T21:30-07:00,14.605067064083453
2022-05-29T21:45-07:00,15.137614678899082
2022-05-29T22:00-07:00,10.296191819464038
2022-05-29T22:15-07:00,8.034433285509321
2022-05-29T22:30-07:00,13.476263399693726
2022-05-29T22:45-07:00,14.391691394658759
2022-05-29T23:00-07:00,8.042488619119874
2022-05-29T23:15-07:00,6.25
2022-05-29T23:30-07:00,5.194805194805195
2022-05-29T23:45-07:00,16.513761467889907
2022-05-30T00:00-07:00,17.29651162790697
2022-05-30T00:15-07:00,19.908116385911182
2022-05-30T00:30-07:00,13.256484149855902
2022-05-30T00:45-07:00,12.206572769953052
2022-05-30T01:00-07:00,17.35159817351598
2022-05-30T01:15-07:00,13.100436681222707
2022-05-30T01:30-07:00,19.906687402799374
2022-05-30T01:45-07:00,6.866952789699571
2022-05-30T02:00-07:00,18.210361067503918
2022-05-30T02:15-07:00,13.582089552238811
2022-05-30T02:30-07:00,12.006079027355627
2022-05-30T02:45-07:00,8.238636363636369
2022-05-30T03:00-07:00,7.201086956521735
2022-05-30T03:15-07:00,15.313935681470143
2022-05-30T03:30-07:00,9.781021897810223
2022-05-30T03:45-07:00,19.565217391304348
2022-05-30T04:00-07:00,9.649122807017545
2022-05-30T04:15-07:00,13.023255813953488
2022-05-30T04:30-07:00,17.452830188679247
2022-05-30T04:45-07:00,13.063063063063064
2022-05-30T05:00-07:00,9.417040358744394
2022-05-30T05:15-07:00,5.934718100890213
2022-05-30T05:30-07:00,13.924050632911392
2022-05-30T05:45-07:00,12.382445141065837
2022-05-30T06:00-07:00,8.26086956521739
2022-05-30T06:15-07:00,13.610315186246414
2022-05-30T06:30-07:00,9.172932330827074
2022-05-30T06:45-07:00,12.957317073170737
2022-05-30T07:00-07:00,11.312217194570136
2022-05-30T07:15-07:00,11.614730878186974
2022-05-30T07:30-07:00,10.49475262368816
2022-05-30T07:45-07:00,13.702623906705545
2022-05-30T08:00-07:00,9.865470852017937
2022-05-30T08:15-07:00,12.283236994219658
2022-05-30T08:30-07:00,8.15450643776824
2022-05-30T08:45-07:00,16.6421207658321
2022-05-30T09:00-07:00,15.044247787610619
2022-05-30T09:15-07:00,15.21084337349397
2022-05-30T09:30-07:00,7.560627674750353
2022-05-30T09:45-07:00,11.09510086455331
2022-05-30T10:00-07:00,11.919504643962842
2022-05-30T10:15-07:00,11.36363636363636
2022-05-30T10:30-07:00,14.241486068111449
2022-05-30T10:45-07:00,4.641350210970464
2022-05-30T11:00-07:00,11.617647058823534
2022-05-30T11:15-07:00,11.1271676300578
2022-05-30T11:30-07:00,13.642960812772138
2022-05-30T11:45-07:00,12.772133526850514
2022-05-30T12:00-07:00,10.249307479224372
2022-05-30T12:15-07:00,9.208633093525185
2022-05-30T12:30-07:00,12.03007518796992
2022-05-30T12:45-07:00,17.391304347826093
2022-05-30T13:00-07:00,6.564245810055862
2022-05-30T13:15-07:00,12.22056631892698
2022-05-30T13:30-07:00,10.999999999999995
2022-05-30T13:45-07:00,12.612612612612613
2022-05-30T14:00-07:00,13.409415121255355
2022-05-30T14:15-07:00,4.72673559822747
2022-05-30T14:30-07:00,5.714285714285714
2022-05-30T14:45-07:00,12.334801762114537
2022-05-30T15:00-07:00,11.543810848400552
2022-05-30T15:15-07:00,12.772133526850514
2022-05-30T15:30-07:00,12.340425531914894
2022-05-30T15:45-07:00,11.312217194570136
2022-05-30T16:00-07:00,20.448548812664907
2022-05-30T16:15-07:00,13.165680473372776
2022-05-30T16:30-07:00,6.451612903225811
2022-05-30T16:45-07:00,3.7974683544303796
2022-05-30T17:00-07:00,12.343966712898746
2022-05-30T17:15-07:00,10.225563909774431
2022-05-30T17:30-07:00,18.08510638297872
2022-05-30T17:45-07:00,14.285714285714286
2022-05-30T18:00-07:00,9.859154929577464
2022-05-30T18:15-07:00,6.205923836389276
2022-05-30T18:30-07:00,13.145539906103286
2022-05-30T18:45-07:00,7.560627674750353
2022-05-30T19:00-07:00,12.775330396475772
2022-05-30T19:15-07:00,3.915662650602405
2022-05-30T19:30-07:00,9.205020920502092
2022-05-30T19:45-07:00,10.014727540500731
2022-05-30T20:00-07:00,10.823170731707313
2022-05-30T20:15-07:00,19.33438985736925
2022-05-30T20:30-07:00,15.689149560117297
2022-05-30T20:45-07:00,9.58904109589041
2022-05-30T21:00-07:00,6.323529411764711
2022-05-30T21:15-07:00,12.32876712328767
2022-05-30T21:30-07:00,13.476263399693726
2022-05-30T21:45-07:00,10.365853658536581
2022-05-30T22:00-07:00,10.714285714285714
2022-05-30T22:15-07:00,6.086956521739131
2022-05-30T22:30-07:00,14.349775784753364
2022-05-30T22:45-07:00,12.936046511627902
2022-05-30T23:00-07:00,18.39622641509434
2022-05-30T23:15-07:00,5.555555555555555
2022-05-30T23:30-07:00,18.731117824773417
2022-05-30T23:45-07:00,7.902735562310035
2022-05-31T00:00-07:00,15.044247787610619
2022-05-31T00:15-07:00,8.962264150943396
2022-05-31T00:30-07:00,12.60744985673353
2022-05-31T00:45-07:00,15.238095238095237
2022-05-31T01:00-07:00,14.771048744460861
2022-05-31T01:15-07:00,13.050075872534139
2022-05-31T01:30-07:00,3.7302725968436112
2022-05-31T01:45-07:00,8.357348703170032
2022-05-31T02:00-07:00,7.076923076923082
2022-05-31T02:15-07:00,17.521367521367523
2022-05-31T02:30-07:00,13.841368584758937
2022-05-31T02:45-07:00,8.203677510608209
2022-05-31T03:00-07:00,16.822429906542055
2022-05-31T03:15-07:00,10.461538461538456
2022-05-31T03:30-07:00,14.792899408284027
2022-05-31T03:45-07:00,10.762331838565023
2022-05-31T04:00-07:00,4.728789986091798
2022-05-31T04:15-07:00,16.93430656934306
2022-05-31T04:30-07:00,11.26126126126126
2022-05-31T04:45-07:00,21.109399075500768
2022-05-31T05:00-07:00,11.946902654867257
2022-05-31T05:15-07:00,15.068493150684931
2022-05-31T05:30-07:00,14.351145038167942
2022-05-31T05:45-07:00,13.609467455621296
2022-05-31T06:00-07:00,7.320644216691065
2022-05-31T06:15-07:00,4.3478260869565215
2022-05-31T06:30-07:00,18.335901386748837
2022-05-31T06:45-07:00,10.483135824977204
2022-05-31T07:00-07:00,13.437499999999995
2022-05-31T07:15-07:00,5.819158460161152
2022-05-31T07:30-07:00,15.38461538461539
2022-05-31T07:45-07:00,14.652567975830822
2022-05-31T08:00-07:00,13.411078717201162
2022-05-31T08:15-07:00,5.249110320284703
2022-05-31T08:30-07:00,13.289036544850498
2022-05-31T08:45-07:00,9.9236641221374
2022-05-31T09:00-07:00,12.660028449502128
2022-05-31T09:15-07:00,10.66282420749279
2022-05-31T09:30-07:00,6.42570281124498
2022-05-31T09:45-07:00,7.929515418502203
2022-05-31T10:00-07:00,9.523809523809524
2022-05-31T10:15-07:00,12.884333821376286
2022-05-31T10:30-07:00,6.986899563318778
2022-05-31T10:45-07:00,10.546378653113097
2022-05-31T11:00-07:00,10.8695652173913
2022-05-31T11:15-07:00,4.819277108433742
2022-05-31T11:30-07:00,15.028089887640444
2022-05-31T11:45-07:00,1.7881705639614893
2022-05-31T12:00-07:00,6.779661016949152
2022-05-31T12:15-07:00,6.103896103896111
2022-05-31T12:30-07:00,6.25
2022-05-31T12:45-07:00,0.3717472118959055
2022-05-31T13:00-07:00,7.1045576407506665
2022-05-31T13:15-07:00,6.4880112834978885
2022-05-31T13:30-07:00,8.846153846153847
2022-05-31T13:45-07:00,1.680672268907563
2022-05-31T14:00-07:00,4.6979865771812035
2022-05-31T14:15-07:00,9.31174089068826
2022-05-31T14:30-07:00,2.979274611398971
2022-05-31T14:45-07:00,7.287449392712551
2022-05-31T15:00-07:00,11.732605729877212
2022-05-31T15:15-07:00,7.523939808481537
2022-05-31T15:30-07:00,9.426229508196721
2022-05-31T15:45-07:00,9.426229508196721
2022-05-31T16:00-07:00,3.3419023136246864
2022-05-31T16:15-07:00,8.000000000000005
2022-05-31T16:30-07:00,7.2
2022-05-31T16:45-07:00,12.960436562073665
2022-05-31T17:00-07:00,6.044678055190543
2022-05-31T17:15-07:00,11.681643132220787
2022-05-31T17:30-07:00,3.1678082191780774
2022-05-31T17:45-07:00,6.7602040816326605
2022-05-31T18:00-07:00,8.755129958960334
2022-05-31T18:15-07:00,5.408970976253294
2022-05-31T18:30-07:00,6.839945280437752
2022-05-31T18:45-07:00,3.2722513089005276
2022-05-31T19:00-07:00,7.569721115537849
2022-05-31T19:15-07:00,2.765773552290411
2022-05-31T19:30-07:00,3.212290502793292
2022-05-31T19:45-07:00,10.946745562130172
2022-05-31T20:00-07:00,9.361702127659575
2022-05-31T20:15-07:00,9.01639344262295
2022-05-31T20:30-07:00,3.133514986376018
2022-05-31T20:45-07:00,18.08972503617945
2022-05-31T21:00-07:00,8.600583090379004
2022-05-31T21:15-07:00,18.22222222222222
2022-05-31T21:30-07:00,8.600583090379004
2022-05-31T21:45-07:00,11.37980085348506
2022-05-31T22:00-07:00,13.292117465224107
2022-05-31T22:15-07:00,7.496251874062963
2022-05-31T22:30-07:00,17.79141104294478
2022-05-31T22:45-07:00,11.263736263736268
2022-05-31T23:00-07:00,12.992700729927002
2022-05-31T23:15-07:00,7.845934379457922
2022-05-31T23:30-07:00,9.337349397590357
2022-05-31T23:45-07:00,15.733736762481083
2022-06-01T00:00-07:00,18.322981366459633
2022-06-01T00:15-07:00,13.017751479289945
2022-06-01T00:30-07:00,18.62891207153502
2022-06-01T00:45-07:00,13.099041533546332
2022-06-01T01:00-07:00,18.113772455089826
2022-06-01T01:15-07:00,14.608433734939764
2022-06-01T01:30-07:00,16.76646706586827
2022-06-01T01:45-07:00,14.418604651162791
2022-06-01T02:00-07:00,14.877300613496937
2022-06-01T02:15-07:00,11.887072808320946
2022-06-01T02:30-07:00,7.831325301204823
2022-06-01T02:45-07:00,8.370044052863436
2022-06-01T03:00-07:00,9.735744089012522
2022-06-01T03:15-07:00,14.939024390243897
2022-06-01T03:30-07:00,14.678899082568808
2022-06-01T03:45-07:00,20.094936708860764
2022-06-01T04:00-07:00,7.242339832869085
2022-06-01T04:15-07:00,14.09691629955947
2022-06-01T04:30-07:00,16.941529235382305
2022-06-01T04:45-07:00,11.324570273003026
2022-06-01T05:00-07:00,10.323574730354396
2022-06-01T05:15-07:00,14.756446991404017
2022-06-01T05:30-07:00,14.548238897396626
2022-06-01T05:45-07:00,14.970059880239527
2022-06-01T06:00-07:00,16.964285714285715
2022-06-01T06:15-07:00,9.251101321585903
2022-06-01T06:30-07:00,10.087719298245615
2022-06-01T06:45-07:00,12.230215827338135
2022-06-01T07:00-07:00,15.83710407239819
2022-06-01T07:15-07:00,12.601260126012608
2022-06-01T07:30-07:00,6.6725197541703185
2022-06-01T07:45-07:00,9.33098591549295
2022-06-01T08:00-07:00,15.116279069767437
2022-06-01T08:15-07:00,14.285714285714286
2022-06-01T08:30-07:00,10.56910569105691
2022-06-01T08:45-07:00,4.184100418410042
2022-06-01T09:00-07:00,9.318497913769129
2022-06-01T09:15-07:00,9.090909090909086
2022-06-01T09:30-07:00,12.087912087912093
2022-06-01T09:45-07:00,5.164319248826291
2022-06-01T10:00-07:00,3.5353535353535355
2022-06-01T10:15-07:00,8.826125330979695
2022-06-01T10:30-07:00,6.141868512110732
2022-06-01T10:45-07:00,11.268855368234243
2022-06-01T11:00-07:00,14.039735099337753
2022-06-01T11:15-07:00,16.045845272206307
2022-06-01T11:30-07:00,12.393162393162394
2022-06-01T11:45-07:00,6.002728512960432
2022-06-01T12:00-07:00,16.386554621848738
2022-06-01T12:15-07:00,5.906593406593411
2022-06-01T12:30-07:00,6.217616580310881
2022-06-01T12:45-07:00,6.622516556291386
2022-06-01T13:00-07:00,16.573816155988855
2022-06-01T13:15-07:00,8.344733242134067
2022-06-01T13:30-07:00,12.448132780082988
2022-06-01T13:45-07:00,9.39226519337016
2022-06-01T14:00-07:00,8.38971583220568
2022-06-01T14:15-07:00,6.765899864681998
2022-06-01T14:30-07:00,6.614785992217898
2022-06-01T14:45-07:00,6.250000000000004
2022-06-01T15:00-07:00,6.8
2022-06-01T15:15-07:00,12.37830319888734
2022-06-01T15:30-07:00,10.49046321525885
2022-06-01T15:45-07:00,4.827586206896547
2022-06-01T16:00-07:00,13.245033112582787
2022-06-01T16:15-07:00,8.413793103448281
2022-06-01T16:30-07:00,7.2
2022-06-01T16:45-07:00,8.232235701906417
2022-06-01T17:00-07:00,7.5396825396825395
2022-06-01T17:15-07:00,12.780898876404498
2022-06-01T17:30-07:00,3.485254691689004
2022-06-01T17:45-07:00,3.278688524590171
2022-06-01T18:00-07:00,3.4076015727391837
2022-06-01T18:15-07:00,6.906077348066294
2022-06-01T18:30-07:00,6.926406926406926
2022-06-01T18:45-07:00,7.554945054945059
2022-06-01T19:00-07:00,14.349775784753364
2022-06-01T19:15-07:00,6.734992679355789
2022-06-01T19:30-07:00,12.780898876404498
2022-06-01T19:45-07:00,3.8793103448275863
2022-06-01T20:00-07:00,6.456043956043952
2022-06-01T20:15-07:00,15.214180206794687
2022-06-01T20:30-07:00,11.714285714285719
2022-06-01T20:45-07:00,12.556053811659194
2022-06-01T21:00-07:00,12.875536480686696
2022-06-01T21:15-07:00,5.093833780160854
2022-06-01T21:30-07:00,6.437768240343348
2022-06-01T21:45-07:00,8.225108225108226
2022-06-01T22:00-07:00,4.232804232804233
2022-06-01T22:15-07:00,8.11965811965812
2022-06-01T22:30-07:00,9.746328437917228
2022-06-01T22:45-07:00,8.849557522123893
2022-06-01T23:00-07:00,13.207547169811326
2022-06-01T23:15-07:00,11.061946902654867
2022-06-01T23:30-07:00,5.676855895196507
2022-06-01T23:45-07:00,3.658536585365854
2022-06-02T00:00-07:00,8.651026392961871
2022-06-02T00:15-07:00,9.254143646408844
2022-06-02T00:30-07:00,8.333333333333334
2022-06-02T00:45-07:00,1.8232819074333841
2022-06-02T01:00-07:00,1.0526315789473646
2022-06-02T01:15-07:00,10.526315789473685
2022-06-02T01:30-07:00,9.232954545454541
2022-06-02T01:45-07:00,7.754733994589726
2022-06-02T02:00-07:00,5.966386554621854
2022-06-02T02:15-07:00,8.587257617728527
2022-06-02T02:30-07:00,5.982905982905983
2022-06-02T02:45-07:00,6.956521739130435
2022-06-02T03:00-07:00,8.390646492434668
2022-06-02T03:15-07:00,3.050397877984081
2022-06-02T03:30-07:00,15.652173913043478
2022-06-02T03:45-07:00,4.705882352941172
2022-06-02T04:00-07:00,13.807531380753138
2022-06-02T04:15-07:00,0.6906077348066259
2022-06-02T04:30-07:00,5.645161290322581
2022-06-02T04:45-07:00,10.502958579881652
2022-06-02T05:00-07:00,11.318051575931237
2022-06-02T05:15-07:00,6.433566433566438
2022-06-02T05:30-07:00,3.3472803347280333
2022-06-02T05:45-07:00,13.049853372434013
2022-06-02T06:00-07:00,11.637931034482758
2022-06-02T06:15-07:00,12.867132867132861
2022-06-02T06:30-07:00,4.471544715447155
2022-06-02T06:45-07:00,6.933333333333334
2022-06-02T07:00-07:00,5.131761442441058
2022-06-02T07:15-07:00,10.629370629370634
2022-06-02T07:30-07:00,4.306864064602957
2022-06-02T07:45-07:00,8.248730964467013
2022-06-02T08:00-07:00,3.551912568306011
2022-06-02T08:15-07:00,8.60655737704918
2022-06-02T08:30-07:00,8.744710860366709
2022-06-02T08:45-07:00,1.9607843137254901
2022-06-02T09:00-07:00,4.867872044506255
2022-06-02T09:15-07:00,11.168831168831176
2022-06-02T09:30-07:00,3.4300791556728196
2022-06-02T09:45-07:00,6.437768240343348
2022-06-02T10:00-07:00,1.0512483574244378
2022-06-02T10:15-07:00,5.9539918809201575
2022-06-02T10:30-07:00,12.582781456953638
2022-06-02T10:45-07:00,15.736040609137047
2022-06-02T11:00-07:00,9.510869565217396
2022-06-02T11:15-07:00,6.829268292682935
2022-06-02T11:30-07:00,7.636363636363637
2022-06-02T11:45-07:00,3.9458850056369847
2022-06-02T12:00-07:00,7.74938169826875
2022-06-02T12:15-07:00,5.511811023622047
2022-06-02T12:30-07:00,8.796680497925305
2022-06-02T12:45-07:00,5.513784461152882
2022-06-02T13:00-07:00,7.970419063270331
2022-06-02T13:15-07:00,10.57023643949931
2022-06-02T13:30-07:00,8.52649006622516
2022-06-02T13:45-07:00,13.490959666203064
2022-06-02T14:00-07:00,8.527131782945736
2022-06-02T14:15-07:00,11.277173913043473
2022-06-02T14:30-07:00,4.960835509138377
2022-06-02T14:45-07:00,3.001364256480222
2022-06-02T15:00-07:00,7.133757961783446
2022-06-02T15:15-07:00,5.686546463245488
2022-06-02T15:30-07:00,4.926764314247674
2022-06-02T15:45-07:00,8.803301237964241
2022-06-02T16:00-07:00,4.16312659303313
2022-06-02T16:15-07:00,9.583333333333334
2022-06-02T16:30-07:00,8.695652173913043
2022-06-02T16:45-07:00,5.736636245110818
2022-06-02T17:00-07:00,3.773584905660381
2022-06-02T17:15-07:00,4.048582995951417
2022-06-02T17:30-07:00,6.205923836389276
2022-06-02T17:45-07:00,3.878116343490309
2022-06-02T18:00-07:00,5.950653120464437
2022-06-02T18:15-07:00,9.276944065484306
2022-06-02T18:30-07:00,7.191316146540023
2022-06-02T18:45-07:00,5.059920106524629
2022-06-02T19:00-07:00,2.722063037249288
2022-06-02T19:15-07:00,7.446808510638294
2022-06-02T19:30-07:00,3.8922155688622713
2022-06-02T19:45-07:00,6.334231805929915
2022-06-02T20:00-07:00,7.317073170731708
2022-06-02T20:15-07:00,2.9914529914529915
2022-06-02T20:30-07:00,12.571428571428575
2022-06-02T20:45-07:00,9.116409537166897
2022-06-02T21:00-07:00,10.717449069973423
2022-06-02T21:15-07:00,4.755244755244759
2022-06-02T21:30-07:00,7.0941336971350655
2022-06-02T21:45-07:00,8.124076809453475
2022-06-02T22:00-07:00,9.103840682788055
2022-06-02T22:15-07:00,8.484005563282341
2022-06-02T22:30-07:00,2.9530201342281917
2022-06-02T22:45-07:00,6.938775510204081
2022-06-02T23:00-07:00,5.501330967169482
2022-06-02T23:15-07:00,10.344827586206897
2022-06-02T23:30-07:00,7.983193277310924
2022-06-02T23:45-07:00,9.475218658892125
2022-06-03T00:00-07:00,11.04651162790698
2022-06-03T00:15-07:00,10.572687224669604
2022-06-03T00:30-07:00,9.82905982905983
2022-06-03T00:45-07:00,5.6
2022-06-03T01:00-07:00,11.020408163265307
2022-06-03T01:15-07:00,6.686046511627912
2022-06-03T01:30-07:00,10.37344398340249
2022-06-03T01:45-07:00,6.956521739130435
2022-06-03T02:00-07:00,3.2851511169513836
2022-06-03T02:15-07:00,4.37756497948016
2022-06-03T02:30-07:00,12.22707423580786
2022-06-03T02:45-07:00,9.482758620689655
2022-06-03T03:00-07:00,12.354651162790702
2022-06-03T03:15-07:00,8.791208791208796
2022-06-03T03:30-07:00,9.691629955947137
2022-06-03T03:45-07:00,9.302325581395353
2022-06-03T04:00-07:00,14.037626628075257
2022-06-03T04:15-07:00,4.999999999999996
2022-06-03T04:30-07:00,10.92436974789916
2022-06-03T04:45-07:00,5.444126074498563
2022-06-03T05:00-07:00,11.678832116788316
2022-06-03T05:15-07:00,9.71428571428571
2022-06-03T05:30-07:00,5.359661495063465
2022-06-03T05:45-07:00,10.171919770773634
2022-06-03T06:00-07:00,13.850415512465378
2022-06-03T06:15-07:00,13.284671532846719
2022-06-03T06:30-07:00,7.082152974504244
2022-06-03T06:45-07:00,8.764940239043824
2022-06-03T07:00-07:00,8.19672131147541
2022-06-03T07:15-07:00,9.724238026124823
2022-06-03T07:30-07:00,6.166219839142095
2022-06-03T07:45-07:00,0.7751937984496124
2022-06-03T08:00-07:00,7.472826086956526
2022-06-03T08:15-07:00,10.987482614742703
2022-06-03T08:30-07:00,10.043668122270743
2022-06-03T08:45-07:00,4.79274611398963
2022-06-03T09:00-07:00,5.718085106382983
2022-06-03T09:15-07:00,4.918032786885246
2022-06-03T09:30-07:00,10.619469026548673
2022-06-03T09:45-07:00,8.625336927223724
2022-06-03T10:00-07:00,3.6011080332409935
2022-06-03T10:15-07:00,1.680672268907563
2022-06-03T10:30-07:00,2.0157756354075422
2022-06-03T10:45-07:00,9.215955983493814
2022-06-03T11:00-07:00,5.02092050209205
2022-06-03T11:15-07:00,4.229195088676676
2022-06-03T11:30-07:00,15.384615384615385
2022-06-03T11:45-07:00,4.273504273504273
2022-06-03T12:00-07:00,12.94117647058824
2022-06-03T12:15-07:00,2.6737967914438463
2022-06-03T12:30-07:00,12.345679012345679
2022-06-03T12:45-07:00,0.6468305304010422
2022-06-03T13:00-07:00,11.185983827493256
2022-06-03T13:15-07:00,9.881422924901186
2022-06-03T13:30-07:00,20.338983050847457
2022-06-03T13:45-07:00,9.683257918552043
2022-06-03T14:00-07:00,12.668463611859842
2022-06-03T14:15-07:00,17.464788732394368
2022-06-03T14:30-07:00,8.885941644562338
2022-06-03T14:45-07:00,21.120689655172413
2022-06-03T15:00-07:00,15.384615384615385
2022-06-03T15:15-07:00,13.382352941176476
2022-06-03T15:30-07:00,14.40677966101695
2022-06-03T15:45-07:00,18.376068376068375
2022-06-03T16:00-07:00,9.986320109439129
2022-06-03T16:15-07:00,8.264462809917354
2022-06-03T16:30-07:00,13.41991341991342
2022-06-03T16:45-07:00,11.507936507936508
2022-06-03T17:00-07:00,11.191860465116275
2022-06-03T17:15-07:00,8.95652173913043
2022-06-03T17:30-07:00,15.080527086383608
2022-06-03T17:45-07:00,9.927007299270068
2022-06-03T18:00-07:00,14.000000000000005
2022-06-03T18:15-07:00,6.751054852320675
2022-06-03T18:30-07:00,8.474576271186441
2022-06-03T18:45-07:00,10.099188458070328
2022-06-03T19:00-07:00,13.312693498452006
2022-06-03T19:15-07:00,13.953488372093023
2022-06-03T19:30-07:00,14.244186046511622
2022-06-03T19:45-07:00,9.606986899563319
2022-06-03T20:00-07:00,10.47904191616767
2022-06-03T20:15-07:00,11.634756995581743
2022-06-03T20:30-07:00,19.083969465648853
2022-06-03T20:45-07:00,9.198813056379818
2022-06-03T21:00-07:00,10.174418604651168
2022-06-03T21:15-07:00,12.912087912087918
2022-06-03T21:30-07:00,15.986949429037514
2022-06-03T21:45-07:00,12.153846153846159
2022-06-03T22:00-07:00,2.0172910662824166
2022-06-03T22:15-07:00,1.9662921348314566
2022-06-03T22:30-07:00,9.538461538461535
2022-06-03T22:45-07:00,19.541984732824424
2022-06-03T23:00-07:00,17.304747320061253
2022-06-03T23:15-07:00,12.81690140845071
2022-06-03T23:30-07:00,16.587677725118482
2022-06-03T23:45-07:00,15.96244131455399
2022-06-04T00:00-07:00,18.264840182648403
2022-06-04T00:15-07:00,9.01563937442503
2022-06-04T00:30-07:00,10.089020771513349
2022-06-04T00:45-07:00,16.88888888888889
2022-06-04T01:00-07:00,10.075187969924817
2022-06-04T01:15-07:00,11.834319526627214
2022-06-04T01:30-07:00,8.620689655172415
2022-06-04T01:45-07:00,9.787234042553191
2022-06-04T02:00-07:00,13.537117903930131
2022-06-04T02:15-07:00,12.03007518796992
2022-06-04T02:30-07:00,13.89312977099237
2022-06-04T02:45-07:00,7.555555555555555
2022-06-04T03:00-07:00,16.768292682926827
2022-06-04T03:15-07:00,14.733542319749223
2022-06-04T03:30-07:00,16.818181818181817
2022-06-04T03:45-07:00,20.182094081942342
2022-06-04T04:00-07:00,5.832147937411091
2022-06-04T04:15-07:00,12.839879154078556
2022-06-04T04:30-07:00,17.09531013615733
2022-06-04T04:45-07:00,7.987866531850347
2022-06-04T05:00-07:00,11.173974540311178
2022-06-04T05:15-07:00,9.449929478138227
2022-06-04T05:30-07:00,21.671826625386995
2022-06-04T05:45-07:00,10.85972850678733
2022-06-04T06:00-07:00,16.288951841359776
2022-06-04T06:15-07:00,4.072398190045249
2022-06-04T06:30-07:00,15.068493150684931
2022-06-04T06:45-07:00,15.088282504012847
2022-06-04T07:00-07:00,14.658925979680692
2022-06-04T07:15-07:00,12.709497206703915
2022-06-04T07:30-07:00,8.111888111888115
2022-06-04T07:45-07:00,17.85714285714286
2022-06-04T08:00-07:00,17.05202312138729
2022-06-04T08:15-07:00,8.469945355191257
2022-06-04T08:30-07:00,11.669128508124082
2022-06-04T08:45-07:00,11.747851002865335
2022-06-04T09:00-07:00,19.35483870967742
2022-06-04T09:15-07:00,9.985096870342778
2022-06-04T09:30-07:00,14.641288433382142
2022-06-04T09:45-07:00,4.441260744985678
2022-06-04T10:00-07:00,15.350223546944864
2022-06-04T10:15-07:00,13.476263399693726
2022-06-04T10:30-07:00,14.93212669683258
2022-06-04T10:45-07:00,8.81934566145092
2022-06-04T11:00-07:00,9.724238026124823
2022-06-04T11:15-07:00,15.909090909090908
2022-06-04T11:30-07:00,15.42056074766355
2022-06-04T11:45-07:00,11.242603550295863
2022-06-04T12:00-07:00,4.557640750670242
2022-06-04T12:15-07:00,14.432989690721644
2022-06-04T12:30-07:00,11.53262518968134
2022-06-04T12:45-07:00,8.219178082191782
2022-06-04T13:00-07:00,15.889212827988343
2022-06-04T13:15-07:00,11.946902654867257
2022-06-04T13:30-07:00,16.76646706586827
2022-06-04T13:45-07:00,11.121323529411757
2022-06-04T14:00-07:00,16.467065868263468
2022-06-04T14:15-07:00,17.530487804878053
2022-06-04T14:30-07:00,15.169366715758473
2022-06-04T14:45-07:00,14.56166419019316
2022-06-04T15:00-07:00,9.691629955947137
2022-06-04T15:15-07:00,20.44117647058824
2022-06-04T15:30-07:00,13.685847589424577
2022-06-04T15:45-07:00,14.456035767511183
2022-06-04T16:00-07:00,15.751445086705207
2022-06-04T16:15-07:00,15.789473684210526
2022-06-04T16:30-07:00,7.31489741302408
2022-06-04T16:45-07:00,5.300859598853873
2022-06-04T17:00-07:00,26.248216833095583
2022-06-04T17:15-07:00,9.624060150375945
2022-06-04T17:30-07:00,18.047337278106504
2022-06-04T17:45-07:00,12.874251497005984
2022-06-04T18:00-07:00,9.916201117318431
2022-06-04T18:15-07:00,11.73913043478261
2022-06-04T18:30-07:00,9.17159763313609
2022-06-04T18:45-07:00,13.615023474178404
2022-06-04T19:00-07:00,5.3097345132743365
2022-06-04T19:15-07:00,12.280701754385966
2022-06-04T19:30-07:00,9.129814550641944
2022-06-04T19:45-07:00,13.122171945701357
2022-06-04T20:00-07:00,14.56166419019316
2022-06-04T20:15-07:00,12.272727272727273
2022-06-04T20:30-07:00,9.041591320072326
2022-06-04T20:45-07:00,3.8461538461538463
2022-06-04T21:00-07:00,19.90521327014218
2022-06-04T21:15-07:00,9.345794392523365
2022-06-04T21:30-07:00,19.076005961251862
2022-06-04T21:45-07:00,10.186513629842176
2022-06-04T22:00-07:00,10.503597122302164
2022-06-04T22:15-07:00,15.348101265822791
2022-06-04T22:30-07:00,9.170305676855895
2022-06-04T22:45-07:00,15.525114155251142
2022-06-04T23:00-07:00,8.108108108108109
2022-06-04T23:15-07:00,18.385650224215247
2022-06-04T23:30-07:00,13.561847988077501
2022-06-04T23:45-07:00,11.332312404287897
2022-06-05T00:00-07:00,11.647727272727277
2022-06-05T00:15-07:00,10.622154779969657
2022-06-05T00:30-07:00,11.211573236889686
2022-06-05T00:45-07:00,14.437689969604858
2022-06-05T01:00-07:00,18.003025718608164
2022-06-05T01:15-07:00,4.302670623145397
2022-06-05T01:30-07:00,17.87365177195685
2022-06-05T01:45-07:00,11.603053435114509
2022-06-05T02:00-07:00,14.285714285714286
2022-06-05T02:15-07:00,11.73913043478261
2022-06-05T02:30-07:00,8.006042296072502
2022-06-05T02:45-07:00,17.50358680057388
2022-06-05T03:00-07:00,11.394302848575716
2022-06-05T03:15-07:00,17.87365177195685
2022-06-05T03:30-07:00,7.042253521126765
2022-06-05T03:45-07:00,10.822510822510823
2022-06-05T04:00-07:00,13.32335329341317
2022-06-05T04:15-07:00,12.051517939282435
2022-06-05T04:30-07:00,13.38582677165355
2022-06-05T04:45-07:00,9.129814550641944
2022-06-05T05:00-07:00,12.88888888888889
2022-06-05T05:15-07:00,14.018691588785046
2022-06-05T05:30-07:00,15.103338632750393
2022-06-05T05:45-07:00,14.199395770392755
2022-06-05T06:00-07:00,8.659217877094967
2022-06-05T06:15-07:00,17.251908396946558
2022-06-05T06:30-07:00,12.278106508875734
2022-06-05T06:45-07:00,16.27218934911242
2022-06-05T07:00-07:00,3.0513176144244145
2022-06-05T07:15-07:00,12.283236994219658
2022-06-05T07:30-07:00,11.162790697674419
2022-06-05T07:45-07:00,18.5131195335277
2022-06-05T08:00-07:00,11.094224924012162
2022-06-05T08:15-07:00,12.719298245614034
2022-06-05T08:30-07:00,16.666666666666668
2022-06-05T08:45-07:00,14.923076923076929
2022-06-05T09:00-07:00,7.555555555555555
2022-06-05T09:15-07:00,12.383900928792563
2022-06-05T09:30-07:00,6.205923836389276
2022-06-05T09:45-07:00,9.329446064139947
2022-06-05T10:00-07:00,16.14285714285714
2022-06-05T10:15-07:00,12.048192771084333
2022-06-05T10:30-07:00,18.552036199095024
2022-06-05T10:45-07:00,10.441767068273093
2022-06-05T11:00-07:00,12.288135593220339
2022-06-05T11:15-07:00,10.300429184549357
2022-06-05T11:30-07:00,15.959004392386536
2022-06-05T11:45-07:00,13.464447806354004
2022-06-05T12:00-07:00,12.879884225759763
2022-06-05T12:15-07:00,10.186513629842176
2022-06-05T12:30-07:00,10.028653295128946
2022-06-05T12:45-07:00,9.354536950420949
2022-06-05T13:00-07:00,15.116279069767437
2022-06-05T13:15-07:00,12.727272727272727
2022-06-05T13:30-07:00,15.279878971255668
2022-06-05T13:45-07:00,11.160714285714286
2022-06-05T14:00-07:00,17.391304347826082
2022-06-05T14:15-07:00,9.172932330827074
2022-06-05T14:30-07:00,16.099071207430335
2022-06-05T14:45-07:00,10.666666666666666
2022-06-05T15:00-07:00,14.242878560719635
2022-06-05T15:15-07:00,8.16143497757847
2022-06-05T15:30-07:00,13.137557959814535
2022-06-05T15:45-07:00,7.790368271954678
2022-06-05T16:00-07:00,8.733624454148472
2022-06-05T16:15-07:00,12.481203007518793
2022-06-05T16:30-07:00,18.361153262518975
2022-06-05T16:45-07:00,8.500772797527054
2022-06-05T17:00-07:00,8.91891891891892
2022-06-05T17:15-07:00,7.894736842105263
2022-06-05T17:30-07:00,14.347826086956522
2022-06-05T17:45-07:00,2.6548672566371683
2022-06-05T18:00-07:00,9.550561797752804
2022-06-05T18:15-07:00,14.199395770392755
2022-06-05T18:30-07:00,11.45374449339207
2022-06-05T18:45-07:00,12.730061349693246
2022-06-05T19:00-07:00,12.238805970149258
2022-06-05T19:15-07:00,12.391930835734865
2022-06-05T19:30-07:00,7.050359712230221
2022-06-05T19:45-07:00,16.71732522796352
2022-06-05T20:00-07:00,20.351390922401176
2022-06-05T20:15-07:00,18.95734597156398
2022-06-05T20:30-07:00,13.464447806354004
2022-06-05T20:45-07:00,14.52095808383234
2022-06-05T21:00-07:00,5.063291139240507
2022-06-05T21:15-07:00,11.550151975683894
2022-06-05T21:30-07:00,15.898959881129267
2022-06-05T21:45-07:00,5.392912172573184
2022-06-05T22:00-07:00,5.194805194805195
2022-06-05T22:15-07:00,12.023460410557188
2022-06-05T22:30-07:00,16.481774960380342
2022-06-05T22:45-07:00,12.149532710280374
2022-06-05T23:00-07:00,17.272727272727273
2022-06-05T23:15-07:00,18.08510638297872
2022-06-05T23:30-07:00,4.733727810650882
2022-06-05T23:45-07:00,22.325581395348838
2022-06-06T00:00-07:00,13.114754098360661
2022-06-06T00:15-07:00,17.79411764705883
2022-06-06T00:30-07:00,10.502958579881652
2022-06-06T00:45-07:00,13.656387665198238
2022-06-06T01:00-07:00,10.326086956521744
2022-06-06T01:15-07:00,14.798206278026905
2022-06-06T01:30-07:00,15.348837209302326
2022-06-06T01:45-07:00,17.87365177195685
2022-06-06T02:00-07:00,9.606986899563319
2022-06-06T02:15-07:00,9.724238026124823
2022-06-06T02:30-07:00,16.465256797583088
2022-06-06T02:45-07:00,14.264705882352947
2022-06-06T03:00-07:00,10.38961038961039
2022-06-06T03:15-07:00,13.45609065155807
2022-06-06T03:30-07:00,11.33540372670808
2022-06-06T03:45-07:00,14.692653673163413
2022-06-06T04:00-07:00,14.264036418816394
2022-06-06T04:15-07:00,16.692189892802457
2022-06-06T04:30-07:00,9.970674486803514
2022-06-06T04:45-07:00,20.726172465960662
2022-06-06T05:00-07:00,8.444444444444445
2022-06-06T05:15-07:00,14.155251141552512
2022-06-06T05:30-07:00,7.4179743223965815
2022-06-06T05:45-07:00,6.911764705882349
2022-06-06T06:00-07:00,9.090909090909092
2022-06-06T06:15-07:00,14.923076923076929
2022-06-06T06:30-07:00,15.981735159817351
2022-06-06T06:45-07:00,8.104196816208388
2022-06-06T07:00-07:00,18.867924528301888
2022-06-06T07:15-07:00,13.702623906705545
2022-06-06T07:30-07:00,9.789156626506019
2022-06-06T07:45-07:00,12.859304084720126
2022-06-06T08:00-07:00,3.327495621716292
2022-06-06T08:15-07:00,8.39580209895052
2022-06-06T08:30-07:00,11.416781292984865
2022-06-06T08:45-07:00,6.68563300142247
2022-06-06T09:00-07:00,10.0418410041841
2022-06-06T09:15-07:00,2.5210084033613445
2022-06-06T09:30-07:00,10.238429172510523
2022-06-06T09:45-07:00,5.084745762711864
2022-06-06T10:00-07:00,11.549295774647891
2022-06-06T10:15-07:00,4.430379746835443
2022-06-06T10:30-07:00,14.949201741654576
2022-06-06T10:45-07:00,2.834008097165992
2022-06-06T11:00-07:00,13.049853372434013
2022-06-06T11:15-07:00,19.40509915014164
2022-06-06T11:30-07:00,13.924050632911392
2022-06-06T11:45-07:00,7.482394366197177
2022-06-06T12:00-07:00,8.041958041958049
2022-06-06T12:15-07:00,7.142857142857149
2022-06-06T12:30-07:00,6.147540983606557
2022-06-06T12:45-07:00,9.33852140077821
2022-06-06T13:00-07:00,11.004126547455291
2022-06-06T13:15-07:00,8.628005657708632
2022-06-06T13:30-07:00,15.320334261838434
2022-06-06T13:45-07:00,16.06425702811245
2022-06-06T14:00-07:00,15.11111111111111
2022-06-06T14:15-07:00,16.504854368932033
2022-06-06T14:30-07:00,21.65087956698241
2022-06-06T14:45-07:00,10.526315789473685
2022-06-06T15:00-07:00,15.546218487394958
2022-06-06T15:15-07:00,11.409395973154366
2022-06-06T15:30-07:00,9.482758620689655
2022-06-06T15:45-07:00,17.695473251028808
2022-06-06T16:00-07:00,4.347826086956526
2022-06-06T16:15-07:00,14.54545454545454
2022-06-06T16:30-07:00,6.882591093117409
2022-06-06T16:45-07:00,11.666666666666666
2022-06-06T17:00-07:00,6.692913385826771
2022-06-06T17:15-07:00,18.695652173913043
2022-06-06T17:30-07:00,4.619565217391308
2022-06-06T17:45-07:00,13.843888070692199
2022-06-06T18:00-07:00,6.666666666666667
2022-06-06T18:15-07:00,15.11111111111111
2022-06-06T18:30-07:00,7.000000000000004
2022-06-06T18:45-07:00,12.332838038632982
2022-06-06T19:00-07:00,5.084745762711864
2022-06-06T19:15-07:00,13.991163475699553
2022-06-06T19:30-07:00,5.957446808510638
2022-06-06T19:45-07:00,14.456035767511183
2022-06-06T20:00-07:00,12.233285917496438
2022-06-06T20:15-07:00,9.166666666666666
2022-06-06T20:30-07:00,8.464849354375891
2022-06-06T20:45-07:00,10.38961038961039
2022-06-06T21:00-07:00,14.448051948051942
2022-06-06T21:15-07:00,14.218009478672986
2022-06-06T21:30-07:00,15.09433962264151
2022-06-06T21:45-07:00,14.601769911504425
2022-06-06T22:00-07:00,9.9236641221374
2022-06-06T22:15-07:00,6.7919075144508625
2022-06-06T22:30-07:00,11.160714285714286
2022-06-06T22:45-07:00,12.931034482758621
2022-06-06T23:00-07:00,15.733736762481083
2022-06-06T23:15-07:00,11.343283582089557
2022-06-06T23:30-07:00,12.027972027972023
2022-06-06T23:45-07:00,14.155251141552512
2022-06-07T00:00-07:00,13.464447806354004
2022-06-07T00:15-07:00,16.587677725118482
2022-06-07T00:30-07:00,10.213414634146346
2022-06-07T00:45-07:00,10.44117647058823
2022-06-07T01:00-07:00,10.369702434625783
2022-06-07T01:15-07:00,15.942028985507246
2022-06-07T01:30-07:00,14.883720930232558
2022-06-07T01:45-07:00,13.981762917933125
2022-06-07T02:00-07:00,12.719298245614034
2022-06-07T02:15-07:00,8.845577211394298
2022-06-07T02:30-07:00,20.272314674735245
2022-06-07T02:45-07:00,12.573964497041425
2022-06-07T03:00-07:00,8.446866485013624
2022-06-07T03:15-07:00,10.176991150442477
2022-06-07T03:30-07:00,11.692307692307697
2022-06-07T03:45-07:00,12.55886970172684
2022-06-07T04:00-07:00,12.042682926829274
2022-06-07T04:15-07:00,8.983799705449194
2022-06-07T04:30-07:00,6.232813932172324
2022-06-07T04:45-07:00,16.289592760180994
2022-06-07T05:00-07:00,13.819875776397511
2022-06-07T05:15-07:00,10.44117647058823
2022-06-07T05:30-07:00,9.798270893371752
2022-06-07T05:45-07:00,9.700427960057057
2022-06-07T06:00-07:00,16.692913385826778
2022-06-07T06:15-07:00,13.897280966767367
2022-06-07T06:30-07:00,14.395099540581935
2022-06-07T06:45-07:00,12.181303116147303
2022-06-07T07:00-07:00,11.73020527859237
2022-06-07T07:15-07:00,13.215859030837004
2022-06-07T07:30-07:00,8.527827648114908
2022-06-07T07:45-07:00,10.78286558345643
2022-06-07T08:00-07:00,6.318681318681323
2022-06-07T08:15-07:00,15.351506456241028
2022-06-07T08:30-07:00,9.16905444126075
2022-06-07T08:45-07:00,10.999999999999995
2022-06-07T09:00-07:00,15.549215406562059
2022-06-07T09:15-07:00,8.895265423242463
2022-06-07T09:30-07:00,13.802816901408447
2022-06-07T09:45-07:00,13.940256045519199
2022-06-07T10:00-07:00,13.793103448275856
2022-06-07T10:15-07:00,14.3854748603352
2022-06-07T10:30-07:00,13.716814159292035
2022-06-07T10:45-07:00,8.781127129750987
2022-06-07T11:00-07:00,16.289592760180994
2022-06-07T11:15-07:00,17.042253521126767
2022-06-07T11:30-07:00,5.027173913043482
2022-06-07T11:45-07:00,12.76595744680851
2022-06-07T12:00-07:00,7.371349095966616
2022-06-07T12:15-07:00,8.034433285509321
2022-06-07T12:30-07:00,5.414847161572058
2022-06-07T12:45-07:00,12.594840667678296
2022-06-07T13:00-07:00,12.931034482758621
2022-06-07T13:15-07:00,7.433016421780472
2022-06-07T13:30-07:00,12.048192771084338
2022-06-07T13:45-07:00,7.5144508670520285
2022-06-07T14:00-07:00,17.912552891396334
2022-06-07T14:15-07:00,12.188365650969534
2022-06-07T14:30-07:00,18.385650224215247
2022-06-07T14:45-07:00,12.129760225669953
2022-06-07T15:00-07:00,14.957264957264957
2022-06-07T15:15-07:00,4.098360655737705
2022-06-07T15:30-07:00,17.748917748917748
2022-06-07T15:45-07:00,11.255411255411255
2022-06-07T16:00-07:00,13.588850174216027
2022-06-07T16:15-07:00,20.334261838440106
2022-06-07T16:30-07:00,14.730878186968834
2022-06-07T16:45-07:00,13.283582089552233
2022-06-07T17:00-07:00,6.342913776015851
2022-06-07T17:15-07:00,14.586466165413539
2022-06-07T17:30-07:00,2.8205128205128207
2022-06-07T17:45-07:00,4.384724186704389
2022-06-07T18:00-07:00,13.012729844413009
2022-06-07T18:15-07:00,10.11560693641619
2022-06-07T18:30-07:00,11.946902654867257
2022-06-07T18:45-07:00,13.822284908321574
2022-06-07T19:00-07:00,21.57434402332362
2022-06-07T19:15-07:00,6.554472984942433
2022-06-07T19:30-07:00,10.66282420749279
2022-06-07T19:45-07:00,11.357340720221611
2022-06-07T20:00-07:00,8.271787296898076
2022-06-07T20:15-07:00,18.290854572713638
2022-06-07T20:30-07:00,15.588235294117652
2022-06-07T20:45-07:00,18.582677165354337
2022-06-07T21:00-07:00,7.636887608069159
2022-06-07T21:15-07:00,13.777777777777779
2022-06-07T21:30-07:00,14.461538461538467
2022-06-07T21:45-07:00,11.093502377179085
2022-06-07T22:00-07:00,19.734904270986743
2022-06-07T22:15-07:00,13.574660633484163
2022-06-07T22:30-07:00,10.964912280701755
2022-06-07T22:45-07:00,8.882082695252684
2022-06-07T23:00-07:00,12.611275964391696
2022-06-07T23:15-07:00,16.938110749185665
2022-06-07T23:30-07:00,13.476263399693726
2022-06-07T23:45-07:00,12.389380530973451
2022-06-08T00:00-07:00,9.649122807017545
2022-06-08T00:15-07:00,17.329093799682042
2022-06-08T00:30-07:00,13.190184049079749
2022-06-08T00:45-07:00,22.809667673716017
2022-06-08T01:00-07:00,8.421052631578943
2022-06-08T01:15-07:00,21.3953488372093
2022-06-08T01:30-07:00,11.871508379888272
2022-06-08T01:45-07:00,18.23529411764706
2022-06-08T02:00-07:00,8.579881656804739
2022-06-08T02:15-07:00,10.32531824611033
2022-06-08T02:30-07:00,15.467075038284834
2022-06-08T02:45-07:00,11.901306240928887
2022-06-08T03:00-07:00,18.28298887122417
2022-06-08T03:15-07:00,8.56882406563354
2022-06-08T03:30-07:00,8.796296296296296
2022-06-08T03:45-07:00,11.516034985422746
2022-06-08T04:00-07:00,18.76971608832807
2022-06-08T04:15-07:00,10.101946246524554
2022-06-08T04:30-07:00,20.359281437125752
2022-06-08T04:45-07:00,1.45137880986938
2022-06-08T05:00-07:00,12.908242612752716
2022-06-08T05:15-07:00,19.260400616332817
2022-06-08T05:30-07:00,11.764705882352937
2022-06-08T05:45-07:00,12.917933130699092
2022-06-08T06:00-07:00,11.73913043478261
2022-06-08T06:15-07:00,12.908242612752716
2022-06-08T06:30-07:00,11.919504643962842
2022-06-08T06:45-07:00,16.42228739002933
2022-06-08T07:00-07:00,13.808801213960551
2022-06-08T07:15-07:00,7.046476761619186
2022-06-08T07:30-07:00,17.889908256880734
2022-06-08T07:45-07:00,12.555391432791733
2022-06-08T08:00-07:00,8.868778280542992
2022-06-08T08:15-07:00,11.230769230769235
2022-06-08T08:30-07:00,12.83497884344147
2022-06-08T08:45-07:00,15.720524017467248
2022-06-08T09:00-07:00,14.473684210526315
2022-06-08T09:15-07:00,11.47776183644189
2022-06-08T09:30-07:00,14.630681818181824
2022-06-08T09:45-07:00,9.210526315789474
2022-06-08T10:00-07:00,6.42570281124498
2022-06-08T10:15-07:00,9.798270893371752
2022-06-08T10:30-07:00,4.834254143646405
2022-06-08T10:45-07:00,14.473684210526315
2022-06-08T11:00-07:00,16.21233859397417
2022-06-08T11:15-07:00,7.936507936507937
2022-06-08T11:30-07:00,8.225108225108226
2022-06-08T11:45-07:00,9.090909090909083
2022-06-08T12:00-07:00,7.44985673352436
2022-06-08T12:15-07:00,9.476661951909481
2022-06-08T12:30-07:00,10.248901903367502
2022-06-08T12:45-07:00,12.719298245614034
2022-06-08T13:00-07:00,9.649122807017545
2022-06-08T13:15-07:00,18.75
2022-06-08T13:30-07:00,8.438818565400844
2022-06-08T13:45-07:00,14.902506963788296
2022-06-08T14:00-07:00,9.943181818181824
2022-06-08T14:15-07:00,8.60655737704918
2022-06-08T14:30-07:00,5.44117647058824
2022-06-08T14:45-07:00,10.396716826265395
2022-06-08T15:00-07:00,6.371191135734077
2022-06-08T15:15-07:00,8.286516853932579
2022-06-08T15:30-07:00,11.016949152542374
2022-06-08T15:45-07:00,13.382352941176476
2022-06-08T16:00-07:00,11.002785515320339
2022-06-08T16:15-07:00,13.049853372434013
2022-06-08T16:30-07:00,10.480349344978166
2022-06-08T16:45-07:00,12.879884225759763
2022-06-08T17:00-07:00,12.259970457902506
2022-06-08T17:15-07:00,10.31976744186046
2022-06-08T17:30-07:00,17.429837518463817
2022-06-08T17:45-07:00,8.415398388540728
2022-06-08T18:00-07:00,10.084033613445378
2022-06-08T18:15-07:00,5.782792665726371
2022-06-08T18:30-07:00,9.565217391304348
2022-06-08T18:45-07:00,13.256484149855902
2022-06-08T19:00-07:00,13.425925925925926
2022-06-08T19:15-07:00,11.143270622286536
2022-06-08T19:30-07:00,14.28571428571429
2022-06-08T19:45-07:00,15.484804630969604
2022-06-08T20:00-07:00,10.480349344978166
2022-06-08T20:15-07:00,9.821428571428571
2022-06-08T20:30-07:00,17.10730948678071
2022-06-08T20:45-07:00,7.946026986506742
2022-06-08T21:00-07:00,16.341829085457274
2022-06-08T21:15-07:00,8.970588235294123
2022-06-08T21:30-07:00,12.063953488372087
2022-06-08T21:45-07:00,10.670731707317078
2022-06-08T22:00-07:00,14.41176470588235
2022-06-08T22:15-07:00,10.73619631901841
2022-06-08T22:30-07:00,10.995542347696874
2022-06-08T22:45-07:00,3.930131004366812
2022-06-08T23:00-07:00,12.859304084720126
2022-06-08T23:15-07:00,17.48878923766816
2022-06-08T23:30-07:00,12.8935532233883
2022-06-08T23:45-07:00,5.816135084427773
2022-06-09T00:00-07:00,8.15450643776824
2022-06-09T00:15-07:00,16.481774960380342
2022-06-09T00:30-07:00,12.32876712328767
2022-06-09T00:45-07:00,15.105740181268887
2022-06-09T01:00-07:00,9.595202398800604
2022-06-09T01:15-07:00,13.452914798206278
2022-06-09T01:30-07:00,15.733736762481083
2022-06-09T01:45-07:00,12.719298245614034
2022-06-09T02:00-07:00,15.38461538461539
2022-06-09T02:15-07:00,11.543810848400552
2022-06-09T02:30-07:00,7.657657657657658
2022-06-09T02:45-07:00,16.172106824925823
2022-06-09T03:00-07:00,19.165378670788257
2022-06-09T03:15-07:00,17.256637168141594
2022-06-09T03:30-07:00,12.152269399707171
2022-06-09T03:45-07:00,11.063829787234043
2022-06-09T04:00-07:00,10.879999999999994
2022-06-09T04:15-07:00,13.684210526315795
2022-06-09T04:30-07:00,13.270142180094787
2022-06-09T04:45-07:00,3.244005641748938
2022-06-09T05:00-07:00,8.482142857142858
2022-06-09T05:15-07:00,16.385911179173043
2022-06-09T05:30-07:00,19.11111111111111
2022-06-09T05:45-07:00,13.826366559485525
2022-06-09T06:00-07:00,11.078717201166185
2022-06-09T06:15-07:00,15.015974440894574
2022-06-09T06:30-07:00,13.772455089820355
2022-06-09T06:45-07:00,11.671924290220815
2022-06-09T07:00-07:00,13.684210526315795
2022-06-09T07:15-07:00,6.048387096774194
2022-06-09T07:30-07:00,14.265335235378037
2022-06-09T07:45-07:00,6.03829160530191
2022-06-09T08:00-07:00,12.903225806451612
2022-06-09T08:15-07:00,9.129213483146062
2022-06-09T08:30-07:00,7.293127629733525
2022-06-09T08:45-07:00,12.499999999999995
2022-06-09T09:00-07:00,7.659574468085107
2022-06-09T09:15-07:00,13.467048710601725
2022-06-09T09:30-07:00,5.785123966942149
2022-06-09T09:45-07:00,15.988372093023251
2022-06-09T10:00-07:00,5.340453938584784
2022-06-09T10:15-07:00,12.500000000000005
2022-06-09T10:30-07:00,6.334231805929915
2022-06-09T10:45-07:00,12.859097127222988
2022-06-09T11:00-07:00,16.956521739130434
2022-06-09T11:15-07:00,7.1146245059288535
2022-06-09T11:30-07:00,7.531380753138075
2022-06-09T11:45-07:00,11.904761904761905
2022-06-09T12:00-07:00,10.928143712574856
2022-06-09T12:15-07:00,8.795669824086598
2022-06-09T12:30-07:00,15.77464788732395
2022-06-09T12:45-07:00,13.080168776371307
2022-06-09T13:00-07:00,7.929515418502203
2022-06-09T13:15-07:00,14.615384615384615
2022-06-09T13:30-07:00,5.533596837944664
2022-06-09T13:45-07:00,9.871244635193133
2022-06-09T14:00-07:00,5.163043478260865
2022-06-09T14:15-07:00,10.52631578947368
2022-06-09T14:30-07:00,3.7656903765690375
2022-06-09T14:45-07:00,16.386554621848738
2022-06-09T15:00-07:00,2.745792736935336
2022-06-09T15:15-07:00,13.580246913580247
2022-06-09T15:30-07:00,6.96378830083565
2022-06-09T15:45-07:00,13.304721030042918
2022-06-09T16:00-07:00,8.444444444444445
2022-06-09T16:15-07:00,12.340425531914894
2022-06-09T16:30-07:00,10.970464135021096
2022-06-09T16:45-07:00,14.285714285714286
2022-06-09T17:00-07:00,10.384068278805126
2022-06-09T17:15-07:00,12.05882352941177
2022-06-09T17:30-07:00,6.476683937823834
2022-06-09T17:45-07:00,14.306569343065688
2022-06-09T18:00-07:00,5.307262569832398
2022-06-09T18:15-07:00,11.428571428571429
2022-06-09T18:30-07:00,5.882352941176471
2022-06-09T18:45-07:00,13.547486033519558
2022-06-09T19:00-07:00,15.186246418338113
2022-06-09T19:15-07:00,9.809663250366038
2022-06-09T19:30-07:00,19.81981981981982
2022-06-09T19:45-07:00,13.489736070381227
2022-06-09T20:00-07:00,10.497237569060777
2022-06-09T20:15-07:00,15.384615384615385
2022-06-09T20:30-07:00,19.011976047904195
2022-06-09T20:45-07:00,14.071856287425154
2022-06-09T21:00-07:00,15.584415584415584
2022-06-09T21:15-07:00,14.090909090909092
2022-06-09T21:30-07:00,10.480349344978166
2022-06-09T21:45-07:00,13.571428571428566
2022-06-09T22:00-07:00,10.95890410958904
2022-06-09T22:15-07:00,14.877300613496937
2022-06-09T22:30-07:00,19.452887537993917
2022-06-09T22:45-07:00,4.0000000000000036
2022-06-09T23:00-07:00,10.138248847926267
2022-06-09T23:15-07:00,11.141304347826088
2022-06-09T23:30-07:00,18.98148148148148
2022-06-09T23:45-07:00,11.926605504587156
2022-06-10T00:00-07:00,16.15853658536586
2022-06-10T00:15-07:00,9.40665701881331
2022-06-10T00:30-07:00,14.85451761102604
2022-06-10T00:45-07:00,14.347202295552371
2022-06-10T01:00-07:00,11.555555555555555
2022-06-10T01:15-07:00,13.083257090576401
2022-06-10T01:30-07:00,8.225108225108226
2022-06-10T01:45-07:00,15.529753265602318
2022-06-10T02:00-07:00,14.792899408284027
2022-06-10T02:15-07:00,17.307692307692307
2022-06-10T02:30-07:00,10.81081081081081
2022-06-10T02:45-07:00,22.42152466367713
2022-06-10T03:00-07:00,10.174418604651168
2022-06-10T03:15-07:00,15.846153846153852
2022-06-10T03:30-07:00,20.657276995305164
2022-06-10T03:45-07:00,12.609970674486798
2022-06-10T04:00-07:00,14.437689969604858
2022-06-10T04:15-07:00,8.974358974358974
2022-06-10T04:30-07:00,2.972027972027967
2022-06-10T04:45-07:00,16.71469740634005
2022-06-10T05:00-07:00,14.918759231905462
2022-06-10T05:15-07:00,12.195121951219512
2022-06-10T05:30-07:00,15.453194650817231
2022-06-10T05:45-07:00,5.780346820809253
2022-06-10T06:00-07:00,12.602739726027398
2022-06-10T06:15-07:00,11.594202898550725
2022-06-10T06:30-07:00,22.03821656050956
2022-06-10T06:45-07:00,12.332838038632982
2022-06-10T07:00-07:00,14.285714285714286
2022-06-10T07:15-07:00,3.8461538461538463
2022-06-10T07:30-07:00,9.043020193151882
2022-06-10T07:45-07:00,10.878661087866108
2022-06-10T08:00-07:00,15.555555555555555
2022-06-10T08:15-07:00,10.186513629842176
2022-06-10T08:30-07:00,12.992700729927002
2022-06-10T08:45-07:00,2.9411764705882355
2022-06-10T09:00-07:00,5.020352781546816
2022-06-10T09:15-07:00,15.283842794759826
2022-06-10T09:30-07:00,10.595065312046449
2022-06-10T09:45-07:00,10.749646393210755
2022-06-10T10:00-07:00,13.333333333333334
2022-06-10T10:15-07:00,10.95305832147937
2022-06-10T10:30-07:00,7.659574468085107
2022-06-10T10:45-07:00,12.500000000000005
2022-06-10T11:00-07:00,4.172274562584123
2022-06-10T11:15-07:00,9.56873315363881
2022-06-10T11:30-07:00,10.906515580736539
2022-06-10T11:45-07:00,6.772908366533865
2022-06-10T12:00-07:00,7.692307692307696
2022-06-10T12:15-07:00,11.440677966101696
2022-06-10T12:30-07:00,8.735332464146028
2022-06-10T12:45-07:00,7.856191744340874
2022-06-10T13:00-07:00,4.900662251655634
2022-06-10T13:15-07:00,7.372654155495983
2022-06-10T13:30-07:00,4.957507082152969
2022-06-10T13:45-07:00,14.767932489451477
2022-06-10T14:00-07:00,8.904109589041092
2022-06-10T14:15-07:00,11.989100817438697
2022-06-10T14:30-07:00,11.497326203208551
2022-06-10T14:45-07:00,6.451612903225806
2022-06-10T15:00-07:00,11.357340720221611
2022-06-10T15:15-07:00,6.568364611260058
2022-06-10T15:30-07:00,9.433962264150939
2022-06-10T15:45-07:00,8.05084745762712
2022-06-10T16:00-07:00,10.526315789473685
2022-06-10T16:15-07:00,10.66282420749279
2022-06-10T16:30-07:00,10.709117221418229
2022-06-10T16:45-07:00,10.749646393210755
2022-06-10T17:00-07:00,5.405405405405401
2022-06-10T17:15-07:00,9.44206008583691
2022-06-10T17:30-07:00,11.37724550898204
2022-06-10T17:45-07:00,7.27002967359051
2022-06-10T18:00-07:00,14.830508474576272
2022-06-10T18:15-07:00,10.964912280701755
2022-06-10T18:30-07:00,17.889908256880734
2022-06-10T18:45-07:00,13.019390581717456
2022-06-10T19:00-07:00,8.724832214765096
2022-06-10T19:15-07:00,7.523939808481537
2022-06-10T19:30-07:00,12.8133704735376
2022-06-10T19:45-07:00,14.090909090909092
2022-06-10T20:00-07:00,9.318497913769129
2022-06-10T20:15-07:00,15.116279069767437
2022-06-10T20:30-07:00,12.500000000000005
2022-06-10T20:45-07:00,15.418502202643172
2022-06-10T21:00-07:00,6.172839506172839
2022-06-10T21:15-07:00,9.170305676855895
2022-06-10T21:30-07:00,11.077389984825498
2022-06-10T21:45-07:00,20.29850746268657
2022-06-10T22:00-07:00,18.731117824773417
2022-06-10T22:15-07:00,15.714285714285714
2022-06-10T22:30-07:00,18.910741301058998
2022-06-10T22:45-07:00,11.353711790393014
2022-06-10T23:00-07:00,16.289592760180994
2022-06-10T23:15-07:00,13.224368499257052
2022-06-10T23:30-07:00,14.263322884012545
2022-06-10T23:45-07:00,14.09691629955947
2022-06-11T00:00-07:00,5.646359583952447
2022-06-11T00:15-07:00,20.451127819548876
2022-06-11T00:30-07:00,19.062499999999993
2022-06-11T00:45-07:00,14.655172413793103
2022-06-11T01:00-07:00,13.561847988077501
2022-06-11T01:15-07:00,17.54385964912281
2022-06-11T01:30-07:00,6.478873239436624
2022-06-11T01:45-07:00,18.46846846846847
2022-06-11T02:00-07:00,15.279878971255668
2022-06-11T02:15-07:00,13.40361445783132
2022-06-11T02:30-07:00,15.348837209302326
2022-06-11T02:45-07:00,10.306406685236764
2022-06-11T03:00-07:00,18.64661654135339
2022-06-11T03:15-07:00,10.822510822510823
2022-06-11T03:30-07:00,14.391691394658759
2022-06-11T03:45-07:00,13.793103448275856
2022-06-11T04:00-07:00,11.504424778761061
2022-06-11T04:15-07:00,17.757009345794394
2022-06-11T04:30-07:00,19.1588785046729
2022-06-11T04:45-07:00,13.963963963963964
2022-06-11T05:00-07:00,16.765578635014833
2022-06-11T05:15-07:00,4.196816208393628
2022-06-11T05:30-07:00,9.012875536480687
2022-06-11T05:45-07:00,10.952380952380953
2022-06-11T06:00-07:00,14.61649782923299
2022-06-11T06:15-07:00,14.85451761102604
2022-06-11T06:30-07:00,12.223858615611189
2022-06-11T06:45-07:00,3.6199095022624435
2022-06-11T07:00-07:00,13.561847988077501
2022-06-11T07:15-07:00,11.11111111111111
2022-06-11T07:30-07:00,17.12962962962963
2022-06-11T07:45-07:00,14.414414414414415
2022-06-11T08:00-07:00,8.776978417266191
2022-06-11T08:15-07:00,11.894273127753303
2022-06-11T08:30-07:00,16.041979010494746
2022-06-11T08:45-07:00,16.447368421052637
2022-06-11T09:00-07:00,8.714285714285719
2022-06-11T09:15-07:00,27.629513343799054
2022-06-11T09:30-07:00,13.402061855670107
2022-06-11T09:45-07:00,10.59322033898305
2022-06-11T10:00-07:00,12.661870503597127
2022-06-11T10:15-07:00,16.88888888888889
2022-06-11T10:30-07:00,9.172932330827074
2022-06-11T10:45-07:00,11.566617862371894
2022-06-11T11:00-07:00,9.090909090909095
2022-06-11T11:15-07:00,10.130246020260497
2022-06-11T11:30-07:00,10.14925373134328
2022-06-11T11:45-07:00,12.388059701492532
2022-06-11T12:00-07:00,10.28744326777609
2022-06-11T12:15-07:00,12.3367198838897
2022-06-11T12:30-07:00,13.425925925925926
2022-06-11T12:45-07:00,10.714285714285714
2022-06-11T13:00-07:00,13.109756097560972
2022-06-11T13:15-07:00,14.264705882352947
2022-06-11T13:30-07:00,14.664586583463343
2022-06-11T13:45-07:00,12.875536480686696
2022-06-11T14:00-07:00,13.256484149855902
2022-06-11T14:15-07:00,17.20733427362482
2022-06-11T14:30-07:00,13.40361445783132
2022-06-11T14:45-07:00,14.913657770800622
2022-06-11T15:00-07:00,11.283497884344142
2022-06-11T15:15-07:00,8.549618320610682
2022-06-11T15:30-07:00,11.36690647482015
2022-06-11T15:45-07:00,15.596330275229358
2022-06-11T16:00-07:00,13.748191027496377
2022-06-11T16:15-07:00,13.169984686064314
2022-06-11T16:30-07:00,15.014577259475224
2022-06-11T16:45-07:00,10.318664643399085
2022-06-11T17:00-07:00,12.374100719424456
2022-06-11T17:15-07:00,16.417910447761187
2022-06-11T17:30-07:00,15.898959881129267
2022-06-11T17:45-07:00,6.167400881057269
2022-06-11T18:00-07:00,15.14242878560719
2022-06-11T18:15-07:00,12.3367198838897
2022-06-11T18:30-07:00,14.652567975830822
2022-06-11T18:45-07:00,8.321377331420377
2022-06-11T19:00-07:00,10.276679841897232
2022-06-11T19:15-07:00,9.31506849315068
2022-06-11T19:30-07:00,10.762331838565023
2022-06-11T19:45-07:00,11.598302687411604
2022-06-11T20:00-07:00,13.51351351351352
2022-06-11T20:15-07:00,13.224368499257052
2022-06-11T20:30-07:00,14.084507042253522
2022-06-11T20:45-07:00,13.07371349095967
2022-06-11T21:00-07:00,10.087719298245615
2022-06-11T21:15-07:00,15.488721804511284
2022-06-11T21:30-07:00,18.867924528301888
2022-06-11T21:45-07:00,16.56626506024096
2022-06-11T22:00-07:00,14.93506493506493
2022-06-11T22:15-07:00,19.184290030211486
2022-06-11T22:30-07:00,9.410112359550565
2022-06-11T22:45-07:00,14.678899082568808
2022-06-11T23:00-07:00,15.348837209302326
2022-06-11T23:15-07:00,9.659090909090905
2022-06-11T23:30-07:00,9.174311926605505
2022-06-11T23:45-07:00,15.351506456241028
2022-06-12T00:00-07:00,11.28284389489954
2022-06-12T00:15-07:00,9.565217391304348
2022-06-12T00:30-07:00,15.42056074766355
2022-06-12T00:45-07:00,14.528593508500778
2022-06-12T01:00-07:00,9.999999999999996
2022-06-12T01:15-07:00,14.442700156985866
2022-06-12T01:30-07:00,5.571847507331373
2022-06-12T01:45-07:00,18.940609951845914
2022-06-12T02:00-07:00,11.390532544378694
2022-06-12T02:15-07:00,12.727272727272727
2022-06-12T02:30-07:00,21.70658682634731
2022-06-12T02:45-07:00,8.144796380090497
2022-06-12T03:00-07:00,11.919504643962842
2022-06-12T03:15-07:00,14.202049780380678
2022-06-12T03:30-07:00,11.326378539493298
2022-06-12T03:45-07:00,5.300859598853873
2022-06-12T04:00-07:00,10.095497953615276
2022-06-12T04:15-07:00,15.137614678899082
2022-06-12T04:30-07:00,15.750371471025264
2022-06-12T04:45-07:00,15.868263473053897
2022-06-12T05:00-07:00,14.164305949008503
2022-06-12T05:15-07:00,11.713030746705705
2022-06-12T05:30-07:00,19.374068554396427
2022-06-12T05:45-07:00,17.48878923766816
2022-06-12T06:00-07:00,16.92546583850932
2022-06-12T06:15-07:00,12.946428571428571
2022-06-12T06:30-07:00,12.272727272727273
2022-06-12T06:45-07:00,9.00900900900901
2022-06-12T07:00-07:00,10.413694721825967
2022-06-12T07:15-07:00,8.81502890173411
2022-06-12T07:30-07:00,7.547169811320759
2022-06-12T07:45-07:00,17.525773195876283
2022-06-12T08:00-07:00,15.14242878560719
2022-06-12T08:15-07:00,17.87296898079764
2022-06-12T08:30-07:00,14.477611940298512
2022-06-12T08:45-07:00,8.904109589041092
2022-06-12T09:00-07:00,7.879656160458458
2022-06-12T09:15-07:00,19.43573667711599
2022-06-12T09:30-07:00,8.714918759231901
2022-06-12T09:45-07:00,13.037249283667627
2022-06-12T10:00-07:00,7.758620689655173
2022-06-12T10:15-07:00,8.11965811965812
2022-06-12T10:30-07:00,8.243243243243247
2022-06-12T10:45-07:00,8.845577211394298
2022-06-12T11:00-07:00,9.852941176470594
2022-06-12T11:15-07:00,12.005856515373358
2022-06-12T11:30-07:00,11.304347826086957
2022-06-12T11:45-07:00,10.977443609022561
2022-06-12T12:00-07:00,14.903129657228023
2022-06-12T12:15-07:00,11.403508771929825
2022-06-12T12:30-07:00,14.626865671641786
2022-06-12T12:45-07:00,9.956709956709958
2022-06-12T13:00-07:00,12.385321100917432
2022-06-12T13:15-07:00,8.529411764705888
2022-06-12T13:30-07:00,13.62275449101797
2022-06-12T13:45-07:00,10.159651669085637
2022-06-12T14:00-07:00,12.839879154078556
2022-06-12T14:15-07:00,8.467153284671538
2022-06-12T14:30-07:00,6.0606060606060606
2022-06-12T14:45-07:00,11.849710982658964
2022-06-12T15:00-07:00,11.69757489300999
2022-06-12T15:15-07:00,6.896551724137931
2022-06-12T15:30-07:00,11.353711790393014
2022-06-12T15:45-07:00,6.268221574344028
2022-06-12T16:00-07:00,14.693295292439377
2022-06-12T16:15-07:00,9.571428571428575
2022-06-12T16:30-07:00,12.05882352941177
2022-06-12T16:45-07:00,7.299270072992695
2022-06-12T17:00-07:00,11.09510086455331
2022-06-12T17:15-07:00,11.210762331838565
2022-06-12T17:30-07:00,9.95475113122172
2022-06-12T17:45-07:00,10.61452513966481
2022-06-12T18:00-07:00,5.110497237569065
2022-06-12T18:15-07:00,8.474576271186441
2022-06-12T18:30-07:00,12.388059701492532
2022-06-12T18:45-07:00,15.868263473053897
2022-06-12T19:00-07:00,7.235890014471775
2022-06-12T19:15-07:00,14.035087719298245
2022-06-12T19:30-07:00,9.090909090909092
2022-06-12T19:45-07:00,6.703146374829006
2022-06-12T20:00-07:00,5.524861878453043
2022-06-12T20:15-07:00,10.666666666666666
2022-06-12T20:30-07:00,10.977443609022561
2022-06-12T20:45-07:00,14.746543778801843
2022-06-12T21:00-07:00,13.704819277108438
2022-06-12T21:15-07:00,13.92961876832844
2022-06-12T21:30-07:00,3.111111111111111
2022-06-12T21:45-07:00,10.769230769230775
2022-06-12T22:00-07:00,14.545454545454545
2022-06-12T22:15-07:00,16.691505216095386
2022-06-12T22:30-07:00,12.275449101796413
2022-06-12T22:45-07:00,10.88825214899714
2022-06-12T23:00-07:00,16.438356164383563
2022-06-12T23:15-07:00,13.13432835820896
2022-06-12T23:30-07:00,15.128593040847205
2022-06-12T23:45-07:00,9.174311926605505
2022-06-13T00:00-07:00,10.564399421128803
2022-06-13T00:15-07:00,16.344725111441303
2022-06-13T00:30-07:00,12.658227848101262
2022-06-13T00:45-07:00,14.912280701754385
2022-06-13T01:00-07:00,11.03151862464183
2022-06-13T01:15-07:00,12.831858407079647
2022-06-13T01:30-07:00,13.551401869158878
2022-06-13T01:45-07:00,19.629057187017004
2022-06-13T02:00-07:00,15.119760479041911
2022-06-13T02:15-07:00,15.189873417721518
2022-06-13T02:30-07:00,17.15160796324656
2022-06-13T02:45-07:00,12.11656441717792
2022-06-13T03:00-07:00,17.194570135746606
2022-06-13T03:15-07:00,11.611030478955003
2022-06-13T03:30-07:00,6.590257879656165
2022-06-13T03:45-07:00,11.230769230769235
2022-06-13T04:00-07:00,16.38330757341577
2022-06-13T04:15-07:00,12.36476043276661
2022-06-13T04:30-07:00,14.307228915662645
2022-06-13T04:45-07:00,7.623318385650224
2022-06-13T05:00-07:00,16.742081447963802
2022-06-13T05:15-07:00,13.684210526315795
2022-06-13T05:30-07:00,13.90134529147982
2022-06-13T05:45-07:00,18.335901386748837
2022-06-13T06:00-07:00,9.6728307254623
2022-06-13T06:15-07:00,13.622291021671831
2022-06-13T06:30-07:00,13.662790697674422
2022-06-13T06:45-07:00,11.570247933884298
2022-06-13T07:00-07:00,0.26455026455026454
2022-06-13T07:15-07:00,0.8264462809917356
2022-06-13T07:30-07:00,12.553495007132673
2022-06-13T07:45-07:00,4.849039341262586
2022-06-13T08:00-07:00,12.500000000000005
2022-06-13T08:15-07:00,6.351351351351347
2022-06-13T08:30-07:00,8.134642356241239
2022-06-13T08:45-07:00,10.212765957446809
2022-06-13T09:00-07:00,6.408345752608053
2022-06-13T09:15-07:00,13.748191027496377
2022-06-13T09:30-07:00,2.739726027397256
2022-06-13T09:45-07:00,6.675749318801095
2022-06-13T10:00-07:00,4.108391608391614
2022-06-13T10:15-07:00,7.751937984496124
2022-06-13T10:30-07:00,12.352168199737193
2022-06-13T10:45-07:00,3.3057851239669422
2022-06-13T11:00-07:00,6.127770534550192
2022-06-13T11:15-07:00,8.474576271186441
2022-06-13T11:30-07:00,14.644351464435147
2022-06-13T11:45-07:00,9.067131647776815
2022-06-13T12:00-07:00,17.903930131004365
2022-06-13T12:15-07:00,7.130434782608691
2022-06-13T12:30-07:00,17.356475300400536
2022-06-13T12:45-07:00,9.28882438316401
2022-06-13T13:00-07:00,13.353566009104709
2022-06-13T13:15-07:00,10.982658959537577
2022-06-13T13:30-07:00,16.282420749279535
2022-06-13T13:45-07:00,10.982658959537577
2022-06-13T14:00-07:00,5.8515283842794705
2022-06-13T14:15-07:00,8.200836820083687
2022-06-13T14:30-07:00,5.761316872427984
2022-06-13T14:45-07:00,13.09352517985612
2022-06-13T15:00-07:00,9.7841726618705
2022-06-13T15:15-07:00,14.202049780380678
2022-06-13T15:30-07:00,13.559322033898304
2022-06-13T15:45-07:00,13.199426111908172
2022-06-13T16:00-07:00,17.67241379310345
2022-06-13T16:15-07:00,11.290322580645157
2022-06-13T16:30-07:00,11.522633744855968
2022-06-13T16:45-07:00,15.988372093023251
2022-06-13T17:00-07:00,10.666666666666666
2022-06-13T17:15-07:00,21.044992743105954
2022-06-13T17:30-07:00,15.657311669128514
2022-06-13T17:45-07:00,13.496932515337427
2022-06-13T18:00-07:00,8.345978755690446
2022-06-13T18:15-07:00,4.9346879535558825
2022-06-13T18:30-07:00,7.531380753138075
2022-06-13T18:45-07:00,12.724550898203598
2022-06-13T19:00-07:00,11.737804878048776
2022-06-13T19:15-07:00,13.32357247437775
2022-06-13T19:30-07:00,16.174183514774487
2022-06-13T19:45-07:00,11.631419939577034
2022-06-13T20:00-07:00,6.7647058823529465
2022-06-13T20:15-07:00,15.11111111111111
2022-06-13T20:30-07:00,14.873417721518994
2022-06-13T20:45-07:00,17.629179331306986
2022-06-13T21:00-07:00,13.414634146341468
2022-06-13T21:15-07:00,12.612612612612613
2022-06-13T21:30-07:00,12.721893491124256
2022-06-13T21:45-07:00,19.344773790951642
2022-06-13T22:00-07:00,11.28284389489954
2022-06-13T22:15-07:00,14.761904761904763
2022-06-13T22:30-07:00,8.493150684931502
2022-06-13T22:45-07:00,14.871016691957507
2022-06-13T23:00-07:00,13.251155624036974
2022-06-13T23:15-07:00,20.19077901430843
2022-06-13T23:30-07:00,15.875370919881302
2022-06-13T23:45-07:00,8.651026392961871
2022-06-14T00:00-07:00,6.734992679355789
2022-06-14T00:15-07:00,13.414634146341468
2022-06-14T00:30-07:00,17.412140575079878
2022-06-14T00:45-07:00,12.22056631892698
2022-06-14T01:00-07:00,13.260530421216854
2022-06-14T01:15-07:00,8.801213960546287
2022-06-14T01:30-07:00,13.713405238828962
2022-06-14T01:45-07:00,9.969325153374228
2022-06-14T02:00-07:00,8.491947291361646
2022-06-14T02:15-07:00,4.196816208393628
2022-06-14T02:30-07:00,6.329113924050633
2022-06-14T02:45-07:00,12.037037037037036
2022-06-14T03:00-07:00,9.45945945945946
2022-06-14T03:15-07:00,10.334346504559266
2022-06-14T03:30-07:00,11.555555555555555
2022-06-14T03:45-07:00,5.976676384839646
2022-06-14T04:00-07:00,13.971742543171109
2022-06-14T04:15-07:00,18.506998444790042
2022-06-14T04:30-07:00,11.267605633802816
2022-06-14T04:45-07:00,12.778603268945018
2022-06-14T05:00-07:00,7.53911806543385
2022-06-14T05:15-07:00,16.72025723472668
2022-06-14T05:30-07:00,11.077844311377241
2022-06-14T05:45-07:00,21.49532710280374
2022-06-14T06:00-07:00,8.034433285509321
2022-06-14T06:15-07:00,11.076443057722305
2022-06-14T06:30-07:00,16.738197424892704
2022-06-14T06:45-07:00,14.646464646464647
2022-06-14T07:00-07:00,11.094452773613188
2022-06-14T07:15-07:00,4.49927431059507
2022-06-14T07:30-07:00,13.684210526315795
2022-06-14T07:45-07:00,16.27906976744186
2022-06-14T08:00-07:00,21.583850931677024
2022-06-14T08:15-07:00,9.186746987951812
2022-06-14T08:30-07:00,7.378335949764516
2022-06-14T08:45-07:00,12.960235640648015
2022-06-14T09:00-07:00,13.242009132420092
2022-06-14T09:15-07:00,15.620437956204375
2022-06-14T09:30-07:00,9.869375907111753
2022-06-14T09:45-07:00,13.043478260869565
2022-06-14T10:00-07:00,13.452914798206278
2022-06-14T10:15-07:00,13.274336283185841
2022-06-14T10:30-07:00,17.611026033690663
2022-06-14T10:45-07:00,11.095505617977532
2022-06-14T11:00-07:00,4.456824512534815
2022-06-14T11:15-07:00,8.038147138964574
2022-06-14T11:30-07:00,10.547396528704944
2022-06-14T11:45-07:00,3.69393139841689
2022-06-14T12:00-07:00,3.001364256480222
2022-06-14T12:15-07:00,6.447368421052635
2022-06-14T12:30-07:00,4.417670682730924
2022-06-14T12:45-07:00,6.406685236768807
2022-06-14T13:00-07:00,7.631578947368425
2022-06-14T13:15-07:00,8.180535966149511
2022-06-14T13:30-07:00,3.6312849162011136
2022-06-14T13:45-07:00,5.226960110041261
2022-06-14T14:00-07:00,6.722689075630252
2022-06-14T14:15-07:00,7.024793388429752
2022-06-14T14:30-07:00,4.166666666666667
2022-06-14T14:45-07:00,3.773584905660381
2022-06-14T15:00-07:00,4.016064257028113
2022-06-14T15:15-07:00,9.274193548387096
2022-06-14T15:30-07:00,12.283236994219658
2022-06-14T15:45-07:00,9.878213802435727
2022-06-14T16:00-07:00,9.34959349593496
2022-06-14T16:15-07:00,6.0689655172413755
2022-06-14T16:30-07:00,17.17451523545707
2022-06-14T16:45-07:00,5.9071729957805905
2022-06-14T17:00-07:00,10.987482614742703
2022-06-14T17:15-07:00,4.255319148936167
2022-06-14T17:30-07:00,2.5710419485791647
2022-06-14T17:45-07:00,13.399153737658668
2022-06-14T18:00-07:00,4.33566433566434
2022-06-14T18:15-07:00,9.276944065484306
2022-06-14T18:30-07:00,6.0344827586206895
2022-06-14T18:45-07:00,16.071428571428573
2022-06-14T19:00-07:00,9.912536443148683
2022-06-14T19:15-07:00,2.139037433155084
2022-06-14T19:30-07:00,18.902439024390247
2022-06-14T19:45-07:00,9.940652818991103
2022-06-14T20:00-07:00,14.372163388804836
2022-06-14T20:15-07:00,16.335877862595414
2022-06-14T20:30-07:00,14.06491499227203
2022-06-14T20:45-07:00,8.370044052863436
2022-06-14T21:00-07:00,6.086956521739131
2022-06-14T21:15-07:00,12.673879443585786
2022-06-14T21:30-07:00,13.777777777777779
2022-06-14T21:45-07:00,11.65354330708661
2022-06-14T22:00-07:00,13.808801213960551
2022-06-14T22:15-07:00,14.52095808383234
2022-06-14T22:30-07:00,13.808801213960551
2022-06-14T22:45-07:00,14.630225080385857
2022-06-14T23:00-07:00,17.48878923766816
2022-06-14T23:15-07:00,14.953271028037383
2022-06-14T23:30-07:00,9.214501510574022
2022-06-14T23:45-07:00,12.18424962852898
2022-06-15T00:00-07:00,16.1875945537065
2022-06-15T00:15-07:00,6.231003039513673
2022-06-15T00:30-07:00,18.335901386748837
2022-06-15T00:45-07:00,9.129814550641944
2022-06-15T01:00-07:00,14.479638009049774
2022-06-15T01:15-07:00,12.848297213622285
2022-06-15T01:30-07:00,13.88888888888889
2022-06-15T01:45-07:00,24.42396313364055
2022-06-15T02:00-07:00,9.119010819165375
2022-06-15T02:15-07:00,14.497041420118338
2022-06-15T02:30-07:00,17.084639498432608
2022-06-15T02:45-07:00,20.731707317073173
2022-06-15T03:00-07:00,15.639810426540285
2022-06-15T03:15-07:00,9.787234042553191
2022-06-15T03:30-07:00,11.818181818181818
2022-06-15T03:45-07:00,13.165680473372776
2022-06-15T04:00-07:00,18.22429906542056
2022-06-15T04:15-07:00,12.037037037037036
2022-06-15T04:30-07:00,6.086956521739131
2022-06-15T04:45-07:00,8.72781065088757
2022-06-15T05:00-07:00,14.084507042253522
2022-06-15T05:15-07:00,21.658986175115206
2022-06-15T05:30-07:00,17.469879518072283
2022-06-15T05:45-07:00,9.352517985611506
2022-06-15T06:00-07:00,13.478260869565217
2022-06-15T06:15-07:00,16.05504587155963
2022-06-15T06:30-07:00,16.995447647951448
2022-06-15T06:45-07:00,8.444444444444445
2022-06-15T07:00-07:00,10.526315789473689
2022-06-15T07:15-07:00,8.519553072625703
2022-06-15T07:30-07:00,14.222222222222221
2022-06-15T07:45-07:00,11.077389984825498
2022-06-15T08:00-07:00,16.27906976744186
2022-06-15T08:15-07:00,5.906593406593411
2022-06-15T08:30-07:00,22.45827010622155
2022-06-15T08:45-07:00,10.07194244604317
2022-06-15T09:00-07:00,14.814814814814815
2022-06-15T09:15-07:00,10.263522884882104
2022-06-15T09:30-07:00,5.832147937411091
2022-06-15T09:45-07:00,18.72340425531915
2022-06-15T10:00-07:00,9.735744089012522
2022-06-15T10:15-07:00,16.386554621848738
2022-06-15T10:30-07:00,8.613728129205926
2022-06-15T10:45-07:00,15.007429420505195
2022-06-15T11:00-07:00,7.703488372093019
2022-06-15T11:15-07:00,8.655126498002659
2022-06-15T11:30-07:00,6.318681318681323
2022-06-15T11:45-07:00,10.300429184549357
2022-06-15T12:00-07:00,11.842105263157896
2022-06-15T12:15-07:00,13.983050847457626
2022-06-15T12:30-07:00,5.150214592274678
2022-06-15T12:45-07:00,2.2613065326633164
2022-06-15T13:00-07:00,2.834008097165992
2022-06-15T13:15-07:00,3.1746031746031744
2022-06-15T13:30-07:00,4.016064257028113
2022-06-15T13:45-07:00,8.898305084745763
2022-06-15T14:00-07:00,11.833550065019498
2022-06-15T14:15-07:00,1.2552301255230125
2022-06-15T14:30-07:00,6.91003911342894
2022-06-15T14:45-07:00,6.260720411663802
2022-06-15T15:00-07:00,11.186903137789908
2022-06-15T15:15-07:00,2.096985583224119
2022-06-15T15:30-07:00,12.939698492462304
2022-06-15T15:45-07:00,6.122448979591836
2022-06-15T16:00-07:00,11.92660550458716
2022-06-15T16:15-07:00,8.846153846153847
2022-06-15T16:30-07:00,5.799151343705795
2022-06-15T16:45-07:00,8.366533864541832
2022-06-15T17:00-07:00,11.885245901639344
2022-06-15T17:15-07:00,3.58620689655172
2022-06-15T17:30-07:00,2.4896265560165975
2022-06-15T17:45-07:00,8.286516853932579
2022-06-15T18:00-07:00,2.9062087186261594
2022-06-15T18:15-07:00,5.241935483870968
2022-06-15T18:30-07:00,7.260273972602735
2022-06-15T18:45-07:00,8.781869688385264
2022-06-15T19:00-07:00,9.208261617900177
2022-06-15T19:15-07:00,3.0172413793103448
2022-06-15T19:30-07:00,9.695290858725766
2022-06-15T19:45-07:00,2.735978112175099
2022-06-15T20:00-07:00,9.491978609625663
2022-06-15T20:15-07:00,10.428571428571432
2022-06-15T20:30-07:00,10.473457675753233
2022-06-15T20:45-07:00,11.175616835994191
2022-06-15T21:00-07:00,4.867256637168142
2022-06-15T21:15-07:00,5.809128630705394
2022-06-15T21:30-07:00,3.7974683544303796
2022-06-15T21:45-07:00,13.199426111908172
2022-06-15T22:00-07:00,7.65895953757225
2022-06-15T22:15-07:00,7.213706041478815
2022-06-15T22:30-07:00,9.631728045325774
2022-06-15T22:45-07:00,4.184100418410042
2022-06-15T23:00-07:00,16.005665722379597
2022-06-15T23:15-07:00,12.068965517241379
2022-06-15T23:30-07:00,13.428571428571432
2022-06-15T23:45-07:00,12.75071633237822
2022-06-16T00:00-07:00,9.431345353675447
2022-06-16T00:15-07:00,8.695652173913048
2022-06-16T00:30-07:00,7.660167130919224
2022-06-16T00:45-07:00,11.739745403111735
2022-06-16T01:00-07:00,10.056657223796028
2022-06-16T01:15-07:00,4.0502793296089346
2022-06-16T01:30-07:00,7.112970711297071
2022-06-16T01:45-07:00,8.904719501335702
2022-06-16T02:00-07:00,10.802919708029192
2022-06-16T02:15-07:00,13.056379821958462
2022-06-16T02:30-07:00,2.0242914979757085
2022-06-16T02:45-07:00,11.016949152542374
2022-06-16T03:00-07:00,5.8823529411764754
2022-06-16T03:15-07:00,11.894273127753303
2022-06-16T03:30-07:00,11.063829787234043
2022-06-16T03:45-07:00,5.4285714285714235
2022-06-16T04:00-07:00,12.992700729927002
2022-06-16T04:15-07:00,9.28882438316401
2022-06-16T04:30-07:00,10.0
2022-06-16T04:45-07:00,1.6326530612244898
2022-06-16T05:00-07:00,9.014084507042257
2022-06-16T05:15-07:00,12.957746478873235
2022-06-16T05:30-07:00,8.042488619119874
2022-06-16T05:45-07:00,14.513788098693764
2022-06-16T06:00-07:00,4.278074866310156
2022-06-16T06:15-07:00,4.166666666666667
2022-06-16T06:30-07:00,13.45609065155807
2022-06-16T06:45-07:00,8.017492711370267
2022-06-16T07:00-07:00,6.0070671378091935
2022-06-16T07:15-07:00,2.734375
2022-06-16T07:30-07:00,8.412836079791843
2022-06-16T07:45-07:00,6.050129645635258
2022-06-16T08:00-07:00,13.124108416547784
2022-06-16T08:15-07:00,9.85915492957747
2022-06-16T08:30-07:00,7.033248081841425
2022-06-16T08:45-07:00,9.852941176470594
2022-06-16T09:00-07:00,8.357348703170032
2022-06-16T09:15-07:00,15.196743554952516
2022-06-16T09:30-07:00,6.199460916442052
2022-06-16T09:45-07:00,2.6809651474530796
2022-06-16T10:00-07:00,3.6989795918367423
2022-06-16T10:15-07:00,10.18766756032172
2022-06-16T10:30-07:00,5.174644243208272
2022-06-16T10:45-07:00,12.550607287449393
2022-06-16T11:00-07:00,3.8461538461538463
2022-06-16T11:15-07:00,5.337078651685388
2022-06-16T11:30-07:00,3.9457459926017338
2022-06-16T11:45-07:00,2.2818791946308687
2022-06-16T12:00-07:00,7.951482479784362
2022-06-16T12:15-07:00,10.931174089068826
2022-06-16T12:30-07:00,9.44206008583691
2022-06-16T12:45-07:00,4.599211563731927
2022-06-16T13:00-07:00,6.515580736543914
2022-06-16T13:15-07:00,3.0263157894736805
2022-06-16T13:30-07:00,8.835341365461847
2022-06-16T13:45-07:00,0.2444987775061194
2022-06-16T14:00-07:00,3.088803088803089
2022-06-16T14:15-07:00,4.105960264900666
2022-06-16T14:30-07:00,5.972045743329105
2022-06-16T14:45-07:00,6.979865771812085
2022-06-16T15:00-07:00,2.3529411764705883
2022-06-16T15:15-07:00,6.106870229007634
2022-06-16T15:30-07:00,6.938775510204081
2022-06-16T15:45-07:00,10.719131614654007
2022-06-16T16:00-07:00,10.4
2022-06-16T16:15-07:00,7.786885245901639
2022-06-16T16:30-07:00,10.896551724137936
2022-06-16T16:45-07:00,8.438818565400844
2022-06-16T17:00-07:00,1.1142061281337008
2022-06-16T17:15-07:00,10.369318181818187
2022-06-16T17:30-07:00,2.3904382470119523
2022-06-16T17:45-07:00,4.939919893190925
2022-06-16T18:00-07:00,5.857142857142852
2022-06-16T18:15-07:00,6.96378830083565
2022-06-16T18:30-07:00,9.090909090909092
2022-06-16T18:45-07:00,3.1372549019607843
2022-06-16T19:00-07:00,3.9835164835164796
2022-06-16T19:15-07:00,7.112970711297071
2022-06-16T19:30-07:00,7.201086956521735
2022-06-16T19:45-07:00,8.3453237410072
2022-06-16T20:00-07:00,13.807531380753138
2022-06-16T20:15-07:00,11.891117478510024
2022-06-16T20:30-07:00,10.304789550072565
2022-06-16T20:45-07:00,3.009575923392617
2022-06-16T21:00-07:00,7.027027027027032
2022-06-16T21:15-07:00,9.489051094890506
2022-06-16T21:30-07:00,12.827988338192425
2022-06-16T21:45-07:00,9.051094890510944
2022-06-16T22:00-07:00,7.8838174273858925
2022-06-16T22:15-07:00,2.3578363384188585
2022-06-16T22:30-07:00,12.879884225759763
2022-06-16T22:45-07:00,3.53606789250354
2022-06-16T23:00-07:00,9.166666666666666
2022-06-16T23:15-07:00,2.9891304347826124
2022-06-16T23:30-07:00,6.005586592178775
2022-06-16T23:45-07:00,7.036535859269287
2022-06-17T00:00-07:00,11.688311688311689
2022-06-17T00:15-07:00,12.05882352941177
2022-06-17T00:30-07:00,3.6603221083455386
2022-06-17T00:45-07:00,5.882352941176471
2022-06-17T01:00-07:00,8.064516129032262
2022-06-17T01:15-07:00,11.669128508124082
2022-06-17T01:30-07:00,9.129213483146062
2022-06-17T01:45-07:00,3.074866310160424
2022-06-17T02:00-07:00,2.4390243902439024
2022-06-17T02:15-07:00,14.52991452991453
2022-06-17T02:30-07:00,9.417040358744394
2022-06-17T02:45-07:00,7.725321888412017
2022-06-17T03:00-07:00,6.25
2022-06-17T03:15-07:00,3.059805285118224
2022-06-17T03:30-07:00,9.553158705701073
2022-06-17T03:45-07:00,10.526315789473685
2022-06-17T04:00-07:00,10.78286558345643
2022-06-17T04:15-07:00,5.6551724137931
2022-06-17T04:30-07:00,4.329004329004329
2022-06-17T04:45-07:00,9.571428571428575
2022-06-17T05:00-07:00,10.502958579881652
2022-06-17T05:15-07:00,8.1277213352685
2022-06-17T05:30-07:00,6.340057636887603
2022-06-17T05:45-07:00,6.796116504854373
2022-06-17T06:00-07:00,15.080527086383608
2022-06-17T06:15-07:00,10.91703056768559
2022-06-17T06:30-07:00,7.017543859649122
2022-06-17T06:45-07:00,4.384724186704389
2022-06-17T07:00-07:00,7.111111111111111
2022-06-17T07:15-07:00,7.680945347119651
2022-06-17T07:30-07:00,9.322033898305085
2022-06-17T07:45-07:00,10.212765957446809
2022-06-17T08:00-07:00,12.663755458515285
2022-06-17T08:15-07:00,10.92436974789916
2022-06-17T08:30-07:00,2.406417112299465
2022-06-17T08:45-07:00,5.906593406593411
2022-06-17T09:00-07:00,9.051724137931034
2022-06-17T09:15-07:00,8.75
2022-06-17T09:30-07:00,2.9372496662216325
2022-06-17T09:45-07:00,3.747870528109034
2022-06-17T10:00-07:00,8.909574468085111
2022-06-17T10:15-07:00,6.786703601108038
2022-06-17T10:30-07:00,1.4084507042253596
2022-06-17T10:45-07:00,11.994219653179186
2022-06-17T11:00-07:00,8.366533864541832
2022-06-17T11:15-07:00,7.3949579831932715
2022-06-17T11:30-07:00,6.019151846785221
2022-06-17T11:45-07:00,5.714285714285714
2022-06-17T12:00-07:00,6.338939197930134
2022-06-17T12:15-07:00,0.9925558312655157
2022-06-17T12:30-07:00,9.920634920634921
2022-06-17T12:45-07:00,9.640287769784178
2022-06-17T13:00-07:00,8.721422523285346
2022-06-17T13:15-07:00,11.54362416107382
2022-06-17T13:30-07:00,7.766990291262132
2022-06-17T13:45-07:00,12.295081967213115
2022-06-17T14:00-07:00,8.100558659217882
2022-06-17T14:15-07:00,11.850865512649795
2022-06-17T14:30-07:00,5.2
2022-06-17T14:45-07:00,16.55801825293351
2022-06-17T15:00-07:00,1.4511873350923445
2022-06-17T15:15-07:00,8.73015873015873
2022-06-17T15:30-07:00,2.712264150943403
2022-06-17T15:45-07:00,9.129213483146062
2022-06-17T16:00-07:00,12.338593974175032
2022-06-17T16:15-07:00,6.327372764786799
2022-06-17T16:30-07:00,14.789687924016286
2022-06-17T16:45-07:00,5.1063829787234045
2022-06-17T17:00-07:00,14.202049780380678
2022-06-17T17:15-07:00,19.040697674418603
2022-06-17T17:30-07:00,0.5502063273727686
2022-06-17T17:45-07:00,8.976157082748953
2022-06-17T18:00-07:00,10.903873744619803
2022-06-17T18:15-07:00,15.592203898050968
2022-06-17T18:30-07:00,8.111888111888115
2022-06-17T18:45-07:00,15.246636771300448
2022-06-17T19:00-07:00,8.638360175695457
2022-06-17T19:15-07:00,12.71428571428571
2022-06-17T19:30-07:00,8.849557522123893
2022-06-17T19:45-07:00,9.467455621301779
2022-06-17T20:00-07:00,15.662650602409633
2022-06-17T20:15-07:00,10.839694656488545
2022-06-17T20:30-07:00,4.874651810584954
2022-06-17T20:45-07:00,2.0408163265306123
2022-06-17T21:00-07:00,13.793103448275868
2022-06-17T21:15-07:00,13.420621931260236
2022-06-17T21:30-07:00,19.545454545454547
2022-06-17T21:45-07:00,11.951588502269294
2022-06-17T22:00-07:00,12.063953488372087
2022-06-17T22:15-07:00,20.19077901430843
2022-06-17T22:30-07:00,12.330827067669178
2022-06-17T22:45-07:00,18.840579710144926
2022-06-17T23:00-07:00,13.505311077389981
2022-06-17T23:15-07:00,10.898379970544914
2022-06-17T23:30-07:00,14.641288433382142
2022-06-17T23:45-07:00,9.956709956709958
2022-06-18T00:00-07:00,19.63746223564955
2022-06-18T00:15-07:00,4.680851063829787
2022-06-18T00:30-07:00,15.765765765765765
2022-06-18T00:45-07:00,11.46788990825688
2022-06-18T01:00-07:00,24.39024390243903
2022-06-18T01:15-07:00,15.88785046728972
2022-06-18T01:30-07:00,10.549777117384838
2022-06-18T01:45-07:00,6.99001426533524
2022-06-18T02:00-07:00,15.196078431372548
2022-06-18T02:15-07:00,16.941529235382305
2022-06-18T02:30-07:00,12.55813953488372
2022-06-18T02:45-07:00,10.999999999999995
2022-06-18T03:00-07:00,8.381502890173415
2022-06-18T03:15-07:00,9.076923076923073
2022-06-18T03:30-07:00,13.670133729569088
2022-06-18T03:45-07:00,13.173652694610784
2022-06-18T04:00-07:00,13.122171945701357
2022-06-18T04:15-07:00,13.66459627329193
2022-06-18T04:30-07:00,23.77300613496932
2022-06-18T04:45-07:00,10.01540832049306
2022-06-18T05:00-07:00,16.513761467889907
2022-06-18T05:15-07:00,9.509202453987724
2022-06-18T05:30-07:00,13.353566009104709
2022-06-18T05:45-07:00,13.091482649842266
2022-06-18T06:00-07:00,10.624999999999995
2022-06-18T06:15-07:00,12.721893491124256
2022-06-18T06:30-07:00,9.19377652050919
2022-06-18T06:45-07:00,19.047619047619047
2022-06-18T07:00-07:00,17.647058823529413
2022-06-18T07:15-07:00,22.644376899696045
2022-06-18T07:30-07:00,6.8814055636896
2022-06-18T07:45-07:00,8.575581395348832
2022-06-18T08:00-07:00,22.08774583963691
2022-06-18T08:15-07:00,15.610510046367848
2022-06-18T08:30-07:00,14.398734177215196
2022-06-18T08:45-07:00,12.073863636363642
2022-06-18T09:00-07:00,11.013215859030836
2022-06-18T09:15-07:00,14.666666666666666
2022-06-18T09:30-07:00,14.17565485362095
2022-06-18T09:45-07:00,19.254658385093173
2022-06-18T10:00-07:00,10.344827586206897
2022-06-18T10:15-07:00,7.53911806543385
2022-06-18T10:30-07:00,13.600000000000005
2022-06-18T10:45-07:00,20.632530120481924
2022-06-18T11:00-07:00,11.028315946348728
2022-06-18T11:15-07:00,11.323529411764701
2022-06-18T11:30-07:00,10.619469026548673
2022-06-18T11:45-07:00,10.830860534124634
2022-06-18T12:00-07:00,9.177215189873424
2022-06-18T12:15-07:00,11.555555555555555
2022-06-18T12:30-07:00,10.675039246467813
2022-06-18T12:45-07:00,11.11111111111111
2022-06-18T13:00-07:00,8.472012102874427
2022-06-18T13:15-07:00,10.78286558345643
2022-06-18T13:30-07:00,9.129814550641944
2022-06-18T13:45-07:00,14.33070866141733
2022-06-18T14:00-07:00,14.242878560719635
2022-06-18T14:15-07:00,18.095238095238095
2022-06-18T14:30-07:00,11.987860394537183
2022-06-18T14:45-07:00,16.113744075829384
2022-06-18T15:00-07:00,12.727272727272727
2022-06-18T15:15-07:00,13.224368499257052
2022-06-18T15:30-07:00,16.691505216095386
2022-06-18T15:45-07:00,4.219409282700422
2022-06-18T16:00-07:00,15.014577259475224
2022-06-18T16:15-07:00,9.598853868194848
2022-06-18T16:30-07:00,15.316642120765827
2022-06-18T16:45-07:00,12.67605633802817
2022-06-18T17:00-07:00,17.201166180758023
2022-06-18T17:15-07:00,17.495987158908513
2022-06-18T17:30-07:00,14.691943127962086
2022-06-18T17:45-07:00,16.591928251121075
2022-06-18T18:00-07:00,17.824773413897287
2022-06-18T18:15-07:00,13.36405529953917
2022-06-18T18:30-07:00,12.441679626749606
2022-06-18T18:45-07:00,16.23277182235835
2022-06-18T19:00-07:00,17.57925072046109
2022-06-18T19:15-07:00,11.73913043478261
2022-06-18T19:30-07:00,9.970674486803514
2022-06-18T19:45-07:00,10.480349344978166
2022-06-18T20:00-07:00,13.963963963963964
2022-06-18T20:15-07:00,11.28284389489954
2022-06-18T20:30-07:00,21.658986175115206
2022-06-18T20:45-07:00,4.68521229868228
2022-06-18T21:00-07:00,17.289719626168225
2022-06-18T21:15-07:00,12.91866028708134
2022-06-18T21:30-07:00,13.414634146341468
2022-06-18T21:45-07:00,18.227424749163884
2022-06-18T22:00-07:00,3.2810271041369434
2022-06-18T22:15-07:00,18.003025718608164
2022-06-18T22:30-07:00,13.233082706766922
2022-06-18T22:45-07:00,15.492957746478874
2022-06-18T23:00-07:00,6.7647058823529465
2022-06-18T23:15-07:00,12.660028449502128
2022-06-18T23:30-07:00,16.097560975609756
2022-06-18T23:45-07:00,14.596273291925472
2022-06-19T00:00-07:00,13.713405238828962
2022-06-19T00:15-07:00,12.831858407079647
2022-06-19T00:30-07:00,10.93057607090103
2022-06-19T00:45-07:00,14.398734177215196
2022-06-19T01:00-07:00,14.492753623188406
2022-06-19T01:15-07:00,13.698630136986301
2022-06-19T01:30-07:00,8.189655172413794
2022-06-19T01:45-07:00,9.131075110456548
2022-06-19T02:00-07:00,14.678899082568808
2022-06-19T02:15-07:00,16.691957511380878
2022-06-19T02:30-07:00,7.3322932917316646
2022-06-19T02:45-07:00,7.3964497041420065
2022-06-19T03:00-07:00,3.5714285714285716
2022-06-19T03:15-07:00,13.698630136986301
2022-06-19T03:30-07:00,15.942028985507246
2022-06-19T03:45-07:00,14.222222222222221
2022-06-19T04:00-07:00,15.83710407239819
2022-06-19T04:15-07:00,7.982583454281572
2022-06-19T04:30-07:00,9.7331240188383
2022-06-19T04:45-07:00,7.11237553342816
2022-06-19T05:00-07:00,8.682634730538927
2022-06-19T05:15-07:00,8.72781065088757
2022-06-19T05:30-07:00,6.276747503566329
2022-06-19T05:45-07:00,18.264840182648403
2022-06-19T06:00-07:00,16.639999999999993
2022-06-19T06:15-07:00,17.24683544303798
2022-06-19T06:30-07:00,3.2210834553440746
2022-06-19T06:45-07:00,10.749646393210755
2022-06-19T07:00-07:00,10.55118110236221
2022-06-19T07:15-07:00,9.417040358744394
2022-06-19T07:30-07:00,15.455950540958275
2022-06-19T07:45-07:00,5.4285714285714235
2022-06-19T08:00-07:00,8.370044052863436
2022-06-19T08:15-07:00,12.210200927357038
2022-06-19T08:30-07:00,15.846153846153852
2022-06-19T08:45-07:00,13.679245283018869
2022-06-19T09:00-07:00,14.940828402366858
2022-06-19T09:15-07:00,7.264296754250382
2022-06-19T09:30-07:00,21.502209131075105
2022-06-19T09:45-07:00,16.403785488958984
2022-06-19T10:00-07:00,16.261398176291788
2022-06-19T10:15-07:00,12.844036697247706
2022-06-19T10:30-07:00,7.1633237822349525
2022-06-19T10:45-07:00,6.607929515418502
2022-06-19T11:00-07:00,15.733736762481083
2022-06-19T11:15-07:00,9.642301710730944
2022-06-19T11:30-07:00,14.285714285714286
2022-06-19T11:45-07:00,8.071748878923767
2022-06-19T12:00-07:00,16.0246533127889
2022-06-19T12:15-07:00,9.01162790697674
2022-06-19T12:30-07:00,12.613981762917927
2022-06-19T12:45-07:00,6.715328467153289
2022-06-19T13:00-07:00,13.056379821958462
2022-06-19T13:15-07:00,12.56281407035176
2022-06-19T13:30-07:00,17.857142857142858
2022-06-19T13:45-07:00,17.61904761904762
2022-06-19T14:00-07:00,13.549337260677461
2022-06-19T14:15-07:00,14.913657770800622
2022-06-19T14:30-07:00,11.179173047473206
2022-06-19T14:45-07:00,4.504504504504505
2022-06-19T15:00-07:00,11.933534743202422
2022-06-19T15:15-07:00,3.9334341906202677
2022-06-19T15:30-07:00,17.940717628705155
2022-06-19T15:45-07:00,12.499999999999995
2022-06-19T16:00-07:00,18.995290423861857
2022-06-19T16:15-07:00,10.429447852760731
2022-06-19T16:30-07:00,11.946902654867257
2022-06-19T16:45-07:00,7.531380753138075
2022-06-19T17:00-07:00,13.137557959814535
2022-06-19T17:15-07:00,14.263322884012545
2022-06-19T17:30-07:00,14.61187214611872
2022-06-19T17:45-07:00,12.616822429906541
2022-06-19T18:00-07:00,10.213414634146346
2022-06-19T18:15-07:00,12.202852614896983
2022-06-19T18:30-07:00,8.733624454148472
2022-06-19T18:45-07:00,9.517045454545459
2022-06-19T19:00-07:00,10.72555205047318
2022-06-19T19:15-07:00,12.671755725190835
2022-06-19T19:30-07:00,10.204081632653056
2022-06-19T19:45-07:00,14.598540145985405
2022-06-19T20:00-07:00,10.350318471337575
2022-06-19T20:15-07:00,10.130246020260497
2022-06-19T20:30-07:00,12.441679626749606
2022-06-19T20:45-07:00,18.307692307692303
2022-06-19T21:00-07:00,13.698630136986301
2022-06-19T21:15-07:00,21.153846153846153
2022-06-19T21:30-07:00,11.415525114155251
2022-06-19T21:45-07:00,6.61538461538462
2022-06-19T22:00-07:00,15.695067264573991
2022-06-19T22:15-07:00,11.04477611940298
2022-06-19T22:30-07:00,11.214953271028037
2022-06-19T22:45-07:00,13.643178410794606
2022-06-19T23:00-07:00,10.830860534124634
2022-06-19T23:15-07:00,13.778409090909095
2022-06-19T23:30-07:00,13.601236476043281
2022-06-19T23:45-07:00,16.562500000000004
2022-06-20T00:00-07:00,16.691957511380878
2022-06-20T00:15-07:00,14.622641509433961
2022-06-20T00:30-07:00,12.102874432677755
2022-06-20T00:45-07:00,14.090909090909092
2022-06-20T01:00-07:00,12.102874432677755
2022-06-20T01:15-07:00,9.105180533751968
2022-06-20T01:30-07:00,14.139941690962104
2022-06-20T01:45-07:00,7.926829268292688
2022-06-20T02:00-07:00,8.189655172413794
2022-06-20T02:15-07:00,15.939849624060155
2022-06-20T02:30-07:00,10.24390243902439
2022-06-20T02:45-07:00,14.432989690721644
2022-06-20T03:00-07:00,16.193656093489153
2022-06-20T03:15-07:00,9.282700421940929
2022-06-20T03:30-07:00,8.281249999999995
2022-06-20T03:45-07:00,11.692307692307697
2022-06-20T04:00-07:00,12.948517940717624
2022-06-20T04:15-07:00,15.455950540958275
2022-06-20T04:30-07:00,9.919999999999995
2022-06-20T04:45-07:00,10.64467766116941
2022-06-20T05:00-07:00,12.616822429906541
2022-06-20T05:15-07:00,12.735849056603774
2022-06-20T05:30-07:00,15.755627009646297
2022-06-20T05:45-07:00,10.785824345146384
2022-06-20T06:00-07:00,12.03007518796992
2022-06-20T06:15-07:00,13.629842180774745
2022-06-20T06:30-07:00,15.605095541401267
2022-06-20T06:45-07:00,11.363636363636363
2022-06-20T07:00-07:00,17.12962962962963
2022-06-20T07:15-07:00,6.389301634472516
2022-06-20T07:30-07:00,4.125177809388331
2022-06-20T07:45-07:00,0.5865102639296229
2022-06-20T08:00-07:00,14.017341040462433
2022-06-20T08:15-07:00,8.853410740203199
2022-06-20T08:30-07:00,14.626865671641786
2022-06-20T08:45-07:00,7.8341013824884795
2022-06-20T09:00-07:00,11.047345767575317
2022-06-20T09:15-07:00,6.866952789699571
2022-06-20T09:30-07:00,12.005856515373358
2022-06-20T09:45-07:00,4.087591240875916
2022-06-20T10:00-07:00,3.361344537815126
2022-06-20T10:15-07:00,13.37209302325581
2022-06-20T10:30-07:00,11.195158850226923
2022-06-20T10:45-07:00,6.714285714285709
2022-06-20T11:00-07:00,9.913793103448276
2022-06-20T11:15-07:00,11.416184971098271
2022-06-20T11:30-07:00,3.6827195467422054
2022-06-20T11:45-07:00,15.014577259475224
2022-06-20T12:00-07:00,11.90817790530846
2022-06-20T12:15-07:00,17.68202080237741
2022-06-20T12:30-07:00,9.82905982905983
2022-06-20T12:45-07:00,20.820668693009114
2022-06-20T13:00-07:00,16.0
2022-06-20T13:15-07:00,11.11111111111111
2022-06-20T13:30-07:00,9.789156626506019
2022-06-20T13:45-07:00,17.12962962962963
2022-06-20T14:00-07:00,14.1304347826087
2022-06-20T14:15-07:00,14.577259475218664
2022-06-20T14:30-07:00,11.73020527859237
2022-06-20T14:45-07:00,9.927007299270068
2022-06-20T15:00-07:00,13.207547169811326
2022-06-20T15:15-07:00,11.782032400589097
2022-06-20T15:30-07:00,13.761467889908257
2022-06-20T15:45-07:00,9.482758620689655
2022-06-20T16:00-07:00,11.711711711711711
2022-06-20T16:15-07:00,16.30901287553648
2022-06-20T16:30-07:00,13.501483679525228
2022-06-20T16:45-07:00,10.964912280701755
2022-06-20T17:00-07:00,15.959004392386536
2022-06-20T17:15-07:00,12.382445141065837
2022-06-20T17:30-07:00,11.36363636363636
2022-06-20T17:45-07:00,12.14057507987221
2022-06-20T18:00-07:00,8.196721311475414
2022-06-20T18:15-07:00,13.733905579399142
2022-06-20T18:30-07:00,8.553654743390362
2022-06-20T18:45-07:00,8.7218045112782
2022-06-20T19:00-07:00,14.090909090909092
2022-06-20T19:15-07:00,5.763688760806921
2022-06-20T19:30-07:00,11.560693641618492
2022-06-20T19:45-07:00,8.761329305135957
2022-06-20T20:00-07:00,12.960235640648015
2022-06-20T20:15-07:00,11.214953271028037
2022-06-20T20:30-07:00,8.203677510608209
2022-06-20T20:45-07:00,7.009345794392523
2022-06-20T21:00-07:00,7.391304347826087
2022-06-20T21:15-07:00,7.418397626112755
2022-06-20T21:30-07:00,12.5
2022-06-20T21:45-07:00,4.409672830725467
2022-06-20T22:00-07:00,10.142857142857137
2022-06-20T22:15-07:00,11.47540983606557
2022-06-20T22:30-07:00,13.672496025437198
2022-06-20T22:45-07:00,11.834319526627214
2022-06-20T23:00-07:00,16.037735849056602
2022-06-20T23:15-07:00,10.000000000000004
2022-06-20T23:30-07:00,11.65354330708661
2022-06-20T23:45-07:00,8.695652173913043
2022-06-21T00:00-07:00,6.0606060606060606
2022-06-21T00:15-07:00,13.688760806916422
2022-06-21T00:30-07:00,11.2759643916914
2022-06-21T00:45-07:00,11.004784688995215
2022-06-21T01:00-07:00,4.087591240875916
2022-06-21T01:15-07:00,14.391691394658759
2022-06-21T01:30-07:00,6.506364922206511
2022-06-21T01:45-07:00,3.179190751445091
2022-06-21T02:00-07:00,7.647058823529417
2022-06-21T02:15-07:00,15.007429420505195
2022-06-21T02:30-07:00,12.671755725190835
2022-06-21T02:45-07:00,10.13615733736763
2022-06-21T03:00-07:00,8.837209302325581
2022-06-21T03:15-07:00,10.683760683760683
2022-06-21T03:30-07:00,5.192878338278927
2022-06-21T03:45-07:00,14.940828402366858
2022-06-21T04:00-07:00,8.071748878923767
2022-06-21T04:15-07:00,10.762331838565023
2022-06-21T04:30-07:00,16.11510791366907
2022-06-21T04:45-07:00,5.381165919282512
2022-06-21T05:00-07:00,5.686546463245488
2022-06-21T05:15-07:00,5.932203389830509
2022-06-21T05:30-07:00,7.205882352941181
2022-06-21T05:45-07:00,8.638360175695457
2022-06-21T06:00-07:00,14.56166419019316
2022-06-21T06:15-07:00,7.492795389048996
2022-06-21T06:30-07:00,12.005856515373358
2022-06-21T06:45-07:00,9.798270893371752
2022-06-21T07:00-07:00,12.61980830670927
2022-06-21T07:15-07:00,9.663865546218487
2022-06-21T07:30-07:00,16.444444444444443
2022-06-21T07:45-07:00,4.194857916102846
2022-06-21T08:00-07:00,7.456140350877193
2022-06-21T08:15-07:00,6.787330316742081
2022-06-21T08:30-07:00,14.756446991404017
2022-06-21T08:45-07:00,7.450628366247762
2022-06-21T09:00-07:00,9.806629834254139
2022-06-21T09:15-07:00,13.2956152758133
2022-06-21T09:30-07:00,5.366492146596855
2022-06-21T09:45-07:00,6.714285714285709
2022-06-21T10:00-07:00,4.32432432432432
2022-06-21T10:15-07:00,11.05193075898801
2022-06-21T10:30-07:00,8.571428571428571
2022-06-21T10:45-07:00,9.523809523809524
2022-06-21T11:00-07:00,4.946524064171127
2022-06-21T11:15-07:00,14.507042253521131
2022-06-21T11:30-07:00,9.01639344262295
2022-06-21T11:45-07:00,10.13698630136986
2022-06-21T12:00-07:00,8.583690987124463
2022-06-21T12:15-07:00,7.346938775510204
2022-06-21T12:30-07:00,6.216216216216221
2022-06-21T12:45-07:00,10.616929698708747
2022-06-21T13:00-07:00,5.270457697642159
2022-06-21T13:15-07:00,9.655172413793109
2022-06-21T13:30-07:00,2.7559055118110236
2022-06-21T13:45-07:00,4.081632653061225
2022-06-21T14:00-07:00,3.319502074688797
2022-06-21T14:15-07:00,12.247644683714675
2022-06-21T14:30-07:00,9.50413223140496
2022-06-21T14:45-07:00,3.5668789808917123
2022-06-21T15:00-07:00,3.6211699164345363
2022-06-21T15:15-07:00,6.327372764786799
2022-06-21T15:30-07:00,3.2167832167832127
2022-06-21T15:45-07:00,3.7974683544303796
2022-06-21T16:00-07:00,10.616929698708747
2022-06-21T16:15-07:00,6.4935064935064934
2022-06-21T16:30-07:00,9.470752089136486
2022-06-21T16:45-07:00,7.659574468085107
2022-06-21T17:00-07:00,7.905138339920948
2022-06-21T17:15-07:00,4.456824512534815
2022-06-21T17:30-07:00,8.032128514056225
2022-06-21T17:45-07:00,8.744710860366709
2022-06-21T18:00-07:00,6.738544474393526
2022-06-21T18:15-07:00,8.664772727272732
2022-06-21T18:30-07:00,6.0
2022-06-21T18:45-07:00,8.920863309352514
2022-06-21T19:00-07:00,7.082152974504244
2022-06-21T19:15-07:00,10.0
2022-06-21T19:30-07:00,5.098039215686274
2022-06-21T19:45-07:00,3.7433155080213942
2022-06-21T20:00-07:00,8.049113233287853
2022-06-21T20:15-07:00,13.855421686746983
2022-06-21T20:30-07:00,11.323328785811729
2022-06-21T20:45-07:00,7.014925373134323
2022-06-21T21:00-07:00,3.3755274261603376
2022-06-21T21:15-07:00,7.078313253012043
2022-06-21T21:30-07:00,9.61262553802009
2022-06-21T21:45-07:00,4.602510460251046
2022-06-21T22:00-07:00,3.361344537815126
2022-06-21T22:15-07:00,9.787234042553191
2022-06-21T22:30-07:00,6.3559322033898304
2022-06-21T22:45-07:00,9.640287769784178
2022-06-21T23:00-07:00,7.762557077625571
2022-06-21T23:15-07:00,13.265306122448985
2022-06-21T23:30-07:00,4.101838755304098
2022-06-21T23:45-07:00,10.57023643949931
2022-06-22T00:00-07:00,8.605341246290806
2022-06-22T00:15-07:00,10.36036036036036
2022-06-22T00:30-07:00,4.197901049475266
2022-06-22T00:45-07:00,4.293628808864271
2022-06-22T01:00-07:00,3.91608391608392
2022-06-22T01:15-07:00,9.436619718309863
2022-06-22T01:30-07:00,6.647398843930641
2022-06-22T01:45-07:00,11.727416798732166
2022-06-22T02:00-07:00,6.4233576642335715
2022-06-22T02:15-07:00,2.4495677233429354
2022-06-22T02:30-07:00,2.8112449799196786
2022-06-22T02:45-07:00,7.053941908713693
2022-06-22T03:00-07:00,13.165680473372776
2022-06-22T03:15-07:00,7.11237553342816
2022-06-22T03:30-07:00,13.114754098360661
2022-06-22T03:45-07:00,1.214574898785425
2022-06-22T04:00-07:00,12.280701754385966
2022-06-22T04:15-07:00,3.949224259520455
2022-06-22T04:30-07:00,17.919075144508675
2022-06-22T04:45-07:00,8.181818181818182
2022-06-22T05:00-07:00,11.142061281337043
2022-06-22T05:15-07:00,5.579399141630901
2022-06-22T05:30-07:00,10.0
2022-06-22T05:45-07:00,5.439330543933054
2022-06-22T06:00-07:00,10.267857142857142
2022-06-22T06:15-07:00,16.544655929721813
2022-06-22T06:30-07:00,9.239940387481367
2022-06-22T06:45-07:00,9.167842031029615
2022-06-22T07:00-07:00,4.680851063829787
2022-06-22T07:15-07:00,14.347202295552371
2022-06-22T07:30-07:00,6.278026905829597
2022-06-22T07:45-07:00,15.733736762481083
2022-06-22T08:00-07:00,8.31062670299728
2022-06-22T08:15-07:00,0.6596306068601546
2022-06-22T08:30-07:00,6.437768240343348
2022-06-22T08:45-07:00,6.412005457025916
2022-06-22T09:00-07:00,8.892128279883387
2022-06-22T09:15-07:00,13.256484149855902
2022-06-22T09:30-07:00,8.444444444444445
2022-06-22T09:45-07:00,4.37756497948016
2022-06-22T10:00-07:00,7.142857142857143
2022-06-22T10:15-07:00,11.440677966101696
2022-06-22T10:30-07:00,4.293628808864271
2022-06-22T10:45-07:00,11.878453038674028
2022-06-22T11:00-07:00,10.88825214899714
2022-06-22T11:15-07:00,10.612244897959183
2022-06-22T11:30-07:00,4.413793103448271
2022-06-22T11:45-07:00,4.865556978233042
2022-06-22T12:00-07:00,8.438818565400844
2022-06-22T12:15-07:00,10.683760683760683
2022-06-22T12:30-07:00,9.20679886685552
2022-06-22T12:45-07:00,5.184174624829463
2022-06-22T13:00-07:00,5.737704918032787
2022-06-22T13:15-07:00,6.518723994452145
2022-06-22T13:30-07:00,16.005665722379597
2022-06-22T13:45-07:00,8.097165991902834
2022-06-22T14:00-07:00,7.397622192866574
2022-06-22T14:15-07:00,3.8620689655172455
2022-06-22T14:30-07:00,7.703488372093019
2022-06-22T14:45-07:00,12.087912087912093
2022-06-22T15:00-07:00,12.446958981612452
2022-06-22T15:15-07:00,16.666666666666668
2022-06-22T15:30-07:00,8.586525759577274
2022-06-22T15:45-07:00,6.024096385542169
2022-06-22T16:00-07:00,13.05518169582773
2022-06-22T16:15-07:00,5.292479108635093
2022-06-22T16:30-07:00,13.513513513513509
2022-06-22T16:45-07:00,9.459459459459465
2022-06-22T17:00-07:00,9.34959349593496
2022-06-22T17:15-07:00,7.346938775510204
2022-06-22T17:30-07:00,10.38961038961039
2022-06-22T17:45-07:00,11.857142857142852
2022-06-22T18:00-07:00,5.5478502080443866
2022-06-22T18:15-07:00,15.929203539823009
2022-06-22T18:30-07:00,16.740088105726873
2022-06-22T18:45-07:00,9.53678474114442
2022-06-22T19:00-07:00,0.9459459459459498
2022-06-22T19:15-07:00,9.795918367346939
2022-06-22T19:30-07:00,12.987012987012987
2022-06-22T19:45-07:00,10.641399416909627
2022-06-22T20:00-07:00,16.593886462882097
2022-06-22T20:15-07:00,14.507042253521131
2022-06-22T20:30-07:00,9.628610729023388
2022-06-22T20:45-07:00,4.0
2022-06-22T21:00-07:00,14.767932489451477
2022-06-22T21:15-07:00,7.299270072992695
2022-06-22T21:30-07:00,9.411764705882359
2022-06-22T21:45-07:00,16.905444126074503
2022-06-22T22:00-07:00,10.505319148936175
2022-06-22T22:15-07:00,15.22633744855967
2022-06-22T22:30-07:00,12.117177097203733
2022-06-22T22:45-07:00,9.825033647375509
2022-06-22T23:00-07:00,6.292749658002741
2022-06-22T23:15-07:00,14.450867052023126
2022-06-22T23:30-07:00,11.63859111791731
2022-06-22T23:45-07:00,9.746328437917228
2022-06-23T00:00-07:00,10.549132947976883
2022-06-23T00:15-07:00,8.583690987124463
2022-06-23T00:30-07:00,9.6728307254623
2022-06-23T00:45-07:00,4.273504273504273
2022-06-23T01:00-07:00,16.11510791366907
2022-06-23T01:15-07:00,18.08510638297872
2022-06-23T01:30-07:00,9.833585476550676
2022-06-23T01:45-07:00,11.864406779661017
2022-06-23T02:00-07:00,5.270457697642159
2022-06-23T02:15-07:00,5.063291139240507
2022-06-23T02:30-07:00,17.180616740088105
2022-06-23T02:45-07:00,9.272467902995716
2022-06-23T03:00-07:00,18.95734597156398
2022-06-23T03:15-07:00,9.806629834254139
2022-06-23T03:30-07:00,1.1034482758620652
2022-06-23T03:45-07:00,8.464849354375891
2022-06-23T04:00-07:00,12.005856515373358
2022-06-23T04:15-07:00,9.89660265878878
2022-06-23T04:30-07:00,12.556732223903172
2022-06-23T04:45-07:00,4.101838755304098
2022-06-23T05:00-07:00,2.4489795918367347
2022-06-23T05:15-07:00,5.405405405405405
2022-06-23T05:30-07:00,6.896551724137931
2022-06-23T05:45-07:00,12.098009188361415
2022-06-23T06:00-07:00,9.691629955947137
2022-06-23T06:15-07:00,12.330827067669178
2022-06-23T06:30-07:00,6.550218340611353
2022-06-23T06:45-07:00,13.100436681222707
2022-06-23T07:00-07:00,7.142857142857138
2022-06-23T07:15-07:00,14.305949008498578
2022-06-23T07:30-07:00,7.982583454281572
2022-06-23T07:45-07:00,10.822510822510823
2022-06-23T08:00-07:00,4.819277108433735
2022-06-23T08:15-07:00,4.660452729693738
2022-06-23T08:30-07:00,11.188811188811185
2022-06-23T08:45-07:00,6.808510638297872
2022-06-23T09:00-07:00,8.628005657708632
2022-06-23T09:15-07:00,11.369863013698625
2022-06-23T09:30-07:00,10.878661087866108
2022-06-23T09:45-07:00,6.308724832214761
2022-06-23T10:00-07:00,3.6144578313253013
2022-06-23T10:15-07:00,6.9736842105263115
2022-06-23T10:30-07:00,11.94630872483221
2022-06-23T10:45-07:00,9.63855421686747
2022-06-23T11:00-07:00,4.479768786127172
2022-06-23T11:15-07:00,9.836065573770492
2022-06-23T11:30-07:00,0.5369127516778561
2022-06-23T11:45-07:00,5.4913294797687815
2022-06-23T12:00-07:00,12.875536480686696
2022-06-23T12:15-07:00,7.8838174273858925
2022-06-23T12:30-07:00,7.346938775510204
2022-06-23T12:45-07:00,3.5567715458276297
2022-06-23T13:00-07:00,4.097311139564669
2022-06-23T13:15-07:00,9.956709956709958
2022-06-23T13:30-07:00,7.421875
2022-06-23T13:45-07:00,12.831858407079647
2022-06-23T14:00-07:00,14.398943196829594
2022-06-23T14:15-07:00,8.11965811965812
2022-06-23T14:30-07:00,3.8147138964577696
2022-06-23T14:45-07:00,9.163346613545817
2022-06-23T15:00-07:00,8.531468531468535
2022-06-23T15:15-07:00,14.01617250673854
2022-06-23T15:30-07:00,12.762973352033665
2022-06-23T15:45-07:00,5.525606469002691
2022-06-23T16:00-07:00,9.72602739726027
2022-06-23T16:15-07:00,4.12782956058589
2022-06-23T16:30-07:00,7.627118644067797
2022-06-23T16:45-07:00,9.090909090909095
2022-06-23T17:00-07:00,9.24608819345661
2022-06-23T17:15-07:00,8.904109589041092
2022-06-23T17:30-07:00,10.946745562130172
2022-06-23T17:45-07:00,8.448753462603882
2022-06-23T18:00-07:00,10.081743869209806
2022-06-23T18:15-07:00,10.937499999999996
2022-06-23T18:30-07:00,14.641288433382142
2022-06-23T18:45-07:00,10.683760683760683
2022-06-23T19:00-07:00,15.846153846153852
2022-06-23T19:15-07:00,11.12737920937043
2022-06-23T19:30-07:00,7.577807848443839
2022-06-23T19:45-07:00,2.0242914979757085
2022-06-23T20:00-07:00,12.613981762917927
2022-06-23T20:15-07:00,4.413793103448271
2022-06-23T20:30-07:00,11.416184971098271
2022-06-23T20:45-07:00,16.964285714285715
2022-06-23T21:00-07:00,12.022630834512027
2022-06-23T21:15-07:00,9.985096870342778
2022-06-23T21:30-07:00,7.919463087248317
2022-06-23T21:45-07:00,13.88888888888889
2022-06-23T22:00-07:00,8.277703604806405
2022-06-23T22:15-07:00,3.5971223021582777
2022-06-23T22:30-07:00,7.894736842105263
2022-06-23T22:45-07:00,16.568914956011724
2022-06-23T23:00-07:00,11.756373937677049
2022-06-23T23:15-07:00,7.947976878612722
2022-06-23T23:30-07:00,5.906040268456372
2022-06-23T23:45-07:00,12.55474452554744
2022-06-24T00:00-07:00,11.11111111111111
2022-06-24T00:15-07:00,15.14242878560719
2022-06-24T00:30-07:00,11.420612813370477
2022-06-24T00:45-07:00,13.049853372434013
2022-06-24T01:00-07:00,6.536856745479829
2022-06-24T01:15-07:00,11.290322580645157
2022-06-24T01:30-07:00,13.191489361702128
2022-06-24T01:45-07:00,16.593886462882097
2022-06-24T02:00-07:00,12.068965517241379
2022-06-24T02:15-07:00,9.847434119278775
2022-06-24T02:30-07:00,2.5198938992042477
2022-06-24T02:45-07:00,16.85552407932011
2022-06-24T03:00-07:00,12.213740458015263
2022-06-24T03:15-07:00,12.499999999999995
2022-06-24T03:30-07:00,13.302752293577981
2022-06-24T03:45-07:00,9.090909090909086
2022-06-24T04:00-07:00,4.978038067349932
2022-06-24T04:15-07:00,10.699588477366255
2022-06-24T04:30-07:00,11.585365853658542
2022-06-24T04:45-07:00,17.187499999999993
2022-06-24T05:00-07:00,10.309278350515468
2022-06-24T05:15-07:00,12.839879154078556
2022-06-24T05:30-07:00,6.509695290858722
2022-06-24T05:45-07:00,9.007633587786254
2022-06-24T06:00-07:00,9.39226519337016
2022-06-24T06:15-07:00,15.351506456241028
2022-06-24T06:30-07:00,16.21233859397417
2022-06-24T06:45-07:00,10.456553755522823
2022-06-24T07:00-07:00,6.205923836389276
2022-06-24T07:15-07:00,9.691629955947137
2022-06-24T07:30-07:00,9.550561797752804
2022-06-24T07:45-07:00,8.225108225108226
2022-06-24T08:00-07:00,10.413694721825967
2022-06-24T08:15-07:00,10.31976744186046
2022-06-24T08:30-07:00,6.694560669456067
2022-06-24T08:45-07:00,2.7496382054992803
2022-06-24T09:00-07:00,11.806543385490748
2022-06-24T09:15-07:00,7.381615598885789
2022-06-24T09:30-07:00,7.412587412587408
2022-06-24T09:45-07:00,13.031161473087813
2022-06-24T10:00-07:00,13.467048710601725
2022-06-24T10:15-07:00,9.015256588072118
2022-06-24T10:30-07:00,9.39691444600281
2022-06-24T10:45-07:00,6.9736842105263115
2022-06-24T11:00-07:00,5.078125
2022-06-24T11:15-07:00,3.8461538461538463
2022-06-24T11:30-07:00,14.902506963788296
2022-06-24T11:45-07:00,7.516778523489928
2022-06-24T12:00-07:00,8.806818181818178
2022-06-24T12:15-07:00,7.596685082872932
2022-06-24T12:30-07:00,5.439330543933054
2022-06-24T12:45-07:00,6.424581005586597
2022-06-24T13:00-07:00,6.077348066298338
2022-06-24T13:15-07:00,9.201623815967519
2022-06-24T13:30-07:00,12.608695652173912
2022-06-24T13:45-07:00,11.25
2022-06-24T14:00-07:00,13.080168776371307
2022-06-24T14:15-07:00,8.940852819807423
2022-06-24T14:30-07:00,14.090287277701783
2022-06-24T14:45-07:00,8.01576872536137
2022-06-24T15:00-07:00,2.5210084033613445
2022-06-24T15:15-07:00,9.575923392612864
2022-06-24T15:30-07:00,9.459459459459465
2022-06-24T15:45-07:00,14.500683994528048
2022-06-24T16:00-07:00,8.635097493036207
2022-06-24T16:15-07:00,12.10762331838565
2022-06-24T16:30-07:00,11.325966850828733
2022-06-24T16:45-07:00,9.517045454545459
2022-06-24T17:00-07:00,5.508474576271187
2022-06-24T17:15-07:00,16.08695652173913
2022-06-24T17:30-07:00,9.682080924855496
2022-06-24T17:45-07:00,17.21311475409836
2022-06-24T18:00-07:00,13.609467455621296
2022-06-24T18:15-07:00,14.668547249647386
2022-06-24T18:30-07:00,13.247863247863247
2022-06-24T18:45-07:00,4.264099037138931
2022-06-24T19:00-07:00,17.51152073732719
2022-06-24T19:15-07:00,13.609467455621296
2022-06-24T19:30-07:00,16.444444444444443
2022-06-24T19:45-07:00,12.735166425470338
2022-06-24T20:00-07:00,15.197568389057755
2022-06-24T20:15-07:00,3.125000000000004
2022-06-24T20:30-07:00,5.519897304236193
2022-06-24T20:45-07:00,14.179104477611935
2022-06-24T21:00-07:00,15.182481751824811
2022-06-24T21:15-07:00,13.224368499257052
2022-06-24T21:30-07:00,13.823529411764712
2022-06-24T21:45-07:00,7.792207792207792
2022-06-24T22:00-07:00,10.38961038961039
2022-06-24T22:15-07:00,8.597285067873303
2022-06-24T22:30-07:00,19.36936936936937
2022-06-24T22:45-07:00,14.115898959881124
2022-06-24T23:00-07:00,17.01807228915662
2022-06-24T23:15-07:00,5.28571428571429
2022-06-24T23:30-07:00,7.860262008733624
2022-06-24T23:45-07:00,15.014577259475224
2022-06-25T00:00-07:00,13.698630136986301
2022-06-25T00:15-07:00,14.746543778801843
2022-06-25T00:30-07:00,16.964285714285715
2022-06-25T00:45-07:00,9.130434782608695
2022-06-25T01:00-07:00,13.746223564954688
2022-06-25T01:15-07:00,16.113744075829384
2022-06-25T01:30-07:00,12.388059701492532
2022-06-25T01:45-07:00,21.04430379746836
2022-06-25T02:00-07:00,10.830860534124634
2022-06-25T02:15-07:00,11.49253731343283
2022-06-25T02:30-07:00,17.59259259259259
2022-06-25T02:45-07:00,13.957055214723932
2022-06-25T03:00-07:00,17.165354330708666
2022-06-25T03:15-07:00,15.765765765765765
2022-06-25T03:30-07:00,8.251748251748246
2022-06-25T03:45-07:00,15.288611544461775
2022-06-25T04:00-07:00,15.178571428571429
2022-06-25T04:15-07:00,11.075949367088613
2022-06-25T04:30-07:00,15.0
2022-06-25T04:45-07:00,12.269938650306743
2022-06-25T05:00-07:00,13.100436681222707
2022-06-25T05:15-07:00,17.549167927382747
2022-06-25T05:30-07:00,16.56626506024096
2022-06-25T05:45-07:00,12.500000000000005
2022-06-25T06:00-07:00,15.898959881129267
2022-06-25T06:15-07:00,11.688311688311689
2022-06-25T06:30-07:00,21.5962441314554
2022-06-25T06:45-07:00,18.989280245022975
2022-06-25T07:00-07:00,16.0
2022-06-25T07:15-07:00,9.957325746799436
2022-06-25T07:30-07:00,6.891495601173015
2022-06-25T07:45-07:00,15.350223546944864
2022-06-25T08:00-07:00,9.601181683899553
2022-06-25T08:15-07:00,13.841368584758937
2022-06-25T08:30-07:00,15.217391304347823
2022-06-25T08:45-07:00,18.34061135371179
2022-06-25T09:00-07:00,14.678899082568808
2022-06-25T09:15-07:00,20.0
2022-06-25T09:30-07:00,14.351851851851851
2022-06-25T09:45-07:00,19.29307805596465
2022-06-25T10:00-07:00,10.185185185185185
2022-06-25T10:15-07:00,14.847161572052402
2022-06-25T10:30-07:00,12.618296529968449
2022-06-25T10:45-07:00,5.082417582417587
2022-06-25T11:00-07:00,8.454810495626827
2022-06-25T11:15-07:00,8.92018779342723
2022-06-25T11:30-07:00,12.053571428571429
2022-06-25T11:45-07:00,10.995542347696874
2022-06-25T12:00-07:00,11.790393013100436
2022-06-25T12:15-07:00,17.68488745980707
2022-06-25T12:30-07:00,13.808801213960551
2022-06-25T12:45-07:00,16.536661466458664
2022-06-25T13:00-07:00,13.973799126637555
2022-06-25T13:15-07:00,15.758468335787919
2022-06-25T13:30-07:00,17.180616740088105
2022-06-25T13:45-07:00,12.611275964391696
2022-06-25T14:00-07:00,16.390977443609028
2022-06-25T14:15-07:00,12.283236994219658
2022-06-25T14:30-07:00,17.333333333333332
2022-06-25T14:45-07:00,6.676342525399134
2022-06-25T15:00-07:00,10.159651669085637
2022-06-25T15:15-07:00,12.443778110944523
2022-06-25T15:30-07:00,15.889212827988343
2022-06-25T15:45-07:00,8.444444444444445
2022-06-25T16:00-07:00,9.89660265878878
2022-06-25T16:15-07:00,13.38582677165355
2022-06-25T16:30-07:00,9.516380655226214
2022-06-25T16:45-07:00,15.132605304212174
2022-06-25T17:00-07:00,13.313161875945541
2022-06-25T17:15-07:00,18.34862385321101
2022-06-25T17:30-07:00,10.501567398119128
2022-06-25T17:45-07:00,11.078717201166185
2022-06-25T18:00-07:00,8.849557522123893
2022-06-25T18:15-07:00,9.847434119278775
2022-06-25T18:30-07:00,13.425925925925926
2022-06-25T18:45-07:00,6.629055007052181
2022-06-25T19:00-07:00,21.257485029940124
2022-06-25T19:15-07:00,15.48295454545455
2022-06-25T19:30-07:00,16.0246533127889
2022-06-25T19:45-07:00,6.451612903225802
2022-06-25T20:00-07:00,8.526011560693638
2022-06-25T20:15-07:00,15.527950310559012
2022-06-25T20:30-07:00,9.212481426448733
2022-06-25T20:45-07:00,16.949152542372875
2022-06-25T21:00-07:00,17.352941176470594
2022-06-25T21:15-07:00,13.537117903930131
2022-06-25T21:30-07:00,10.964912280701755
2022-06-25T21:45-07:00,12.233285917496438
2022-06-25T22:00-07:00,16.691505216095386
2022-06-25T22:15-07:00,11.043872919818462
2022-06-25T22:30-07:00,21.64634146341464
2022-06-25T22:45-07:00,16.32329635499208
2022-06-25T23:00-07:00,17.372881355932204
2022-06-25T23:15-07:00,11.587982832618026
2022-06-25T23:30-07:00,20.85308056872038
2022-06-25T23:45-07:00,18.731117824773417
2022-06-26T00:00-07:00,9.379727685325259
2022-06-26T00:15-07:00,18.6046511627907
2022-06-26T00:30-07:00,18.552036199095024
2022-06-26T00:45-07:00,11.55063291139241
2022-06-26T01:00-07:00,6.853146853146857
2022-06-26T01:15-07:00,14.528593508500778
2022-06-26T01:30-07:00,10.091743119266056
2022-06-26T01:45-07:00,17.117117117117118
2022-06-26T02:00-07:00,10.176991150442477
2022-06-26T02:15-07:00,6.10795454545455
2022-06-26T02:30-07:00,18.099547511312217
2022-06-26T02:45-07:00,14.285714285714286
2022-06-26T03:00-07:00,10.97922848664688
2022-06-26T03:15-07:00,14.759036144578308
2022-06-26T03:30-07:00,10.17964071856287
2022-06-26T03:45-07:00,9.624060150375945
2022-06-26T04:00-07:00,18.604651162790695
2022-06-26T04:15-07:00,17.12962962962963
2022-06-26T04:30-07:00,13.679245283018869
2022-06-26T04:45-07:00,10.043668122270743
2022-06-26T05:00-07:00,12.73458445040214
2022-06-26T05:15-07:00,18.74062968515742
2022-06-26T05:30-07:00,10.819165378670794
2022-06-26T05:45-07:00,13.746223564954688
2022-06-26T06:00-07:00,12.005856515373358
2022-06-26T06:15-07:00,10.676691729323304
2022-06-26T06:30-07:00,20.26825633383011
2022-06-26T06:45-07:00,15.562403697996913
2022-06-26T07:00-07:00,14.135338345864668
2022-06-26T07:15-07:00,11.755725190839689
2022-06-26T07:30-07:00,12.173913043478262
2022-06-26T07:45-07:00,6.917293233082712
2022-06-26T08:00-07:00,12.443778110944523
2022-06-26T08:15-07:00,21.33757961783439
2022-06-26T08:30-07:00,13.467048710601725
2022-06-26T08:45-07:00,15.689149560117297
2022-06-26T09:00-07:00,16.8141592920354
2022-06-26T09:15-07:00,17.084639498432608
2022-06-26T09:30-07:00,6.590257879656165
2022-06-26T09:45-07:00,12.960235640648015
2022-06-26T10:00-07:00,9.809663250366038
2022-06-26T10:15-07:00,13.467048710601725
2022-06-26T10:30-07:00,13.010590015128587
2022-06-26T10:45-07:00,13.88888888888889
2022-06-26T11:00-07:00,9.465648854961827
2022-06-26T11:15-07:00,11.009174311926605
2022-06-26T11:30-07:00,17.79411764705883
2022-06-26T11:45-07:00,11.806543385490748
2022-06-26T12:00-07:00,15.178571428571429
2022-06-26T12:15-07:00,19.20821114369501
2022-06-26T12:30-07:00,12.005856515373358
2022-06-26T12:45-07:00,17.410714285714285
2022-06-26T13:00-07:00,10.477657935285048
2022-06-26T13:15-07:00,20.454545454545453
2022-06-26T13:30-07:00,9.25925925925926
2022-06-26T13:45-07:00,14.264705882352947
2022-06-26T14:00-07:00,11.682242990654206
2022-06-26T14:15-07:00,15.720524017467248
2022-06-26T14:30-07:00,18.859649122807017
2022-06-26T14:45-07:00,12.142857142857148
2022-06-26T15:00-07:00,15.580736543909344
2022-06-26T15:15-07:00,7.429420505200589
2022-06-26T15:30-07:00,12.820512820512821
2022-06-26T15:45-07:00,14.705882352941181
2022-06-26T16:00-07:00,14.264705882352947
2022-06-26T16:15-07:00,10.108864696734054
2022-06-26T16:30-07:00,11.611030478955003
2022-06-26T16:45-07:00,19.349845201238388
2022-06-26T17:00-07:00,12.048192771084333
2022-06-26T17:15-07:00,17.12962962962963
2022-06-26T17:30-07:00,13.525179856115113
2022-06-26T17:45-07:00,15.0
2022-06-26T18:00-07:00,10.641399416909627
2022-06-26T18:15-07:00,16.587677725118482
2022-06-26T18:30-07:00,14.017341040462433
2022-06-26T18:45-07:00,13.08411214953271
2022-06-26T19:00-07:00,13.32357247437775
2022-06-26T19:15-07:00,10.434782608695652
2022-06-26T19:30-07:00,13.981762917933125
2022-06-26T19:45-07:00,13.746223564954688
2022-06-26T20:00-07:00,9.724238026124823
2022-06-26T20:15-07:00,5.657708628005662
2022-06-26T20:30-07:00,10.755813953488367
2022-06-26T20:45-07:00,19.452887537993917
2022-06-26T21:00-07:00,12.962962962962964
2022-06-26T21:15-07:00,20.37037037037037
2022-06-26T21:30-07:00,7.762557077625571
2022-06-26T21:45-07:00,15.527950310559012
2022-06-26T22:00-07:00,7.443820224719096
2022-06-26T22:15-07:00,6.647398843930641
2022-06-26T22:30-07:00,14.563106796116505
2022-06-26T22:45-07:00,17.611026033690663
2022-06-26T23:00-07:00,16.35514018691589
2022-06-26T23:15-07:00,9.545454545454545
2022-06-26T23:30-07:00,14.903129657228023
2022-06-26T23:45-07:00,9.129213483146062
2022-06-27T00:00-07:00,13.37931034482759
2022-06-27T00:15-07:00,9.302325581395353
2022-06-27T00:30-07:00,16.532905296950247
2022-06-27T00:45-07:00,14.666666666666666
2022-06-27T01:00-07:00,16.403785488958984
2022-06-27T01:15-07:00,10.238429172510523
2022-06-27T01:30-07:00,11.195158850226923
2022-06-27T01:45-07:00,16.203703703703702
2022-06-27T02:00-07:00,13.392857142857142
2022-06-27T02:15-07:00,16.84698608964452
2022-06-27T02:30-07:00,9.44206008583691
2022-06-27T02:45-07:00,9.970674486803514
2022-06-27T03:00-07:00,10.964912280701755
2022-06-27T03:15-07:00,9.417040358744394
2022-06-27T03:30-07:00,18.876755070202815
2022-06-27T03:45-07:00,9.29203539823009
2022-06-27T04:00-07:00,12.665684830633278
2022-06-27T04:15-07:00,15.592203898050968
2022-06-27T04:30-07:00,19.1588785046729
2022-06-27T04:45-07:00,18.6046511627907
2022-06-27T05:00-07:00,14.826021180030251
2022-06-27T05:15-07:00,15.299684542586755
2022-06-27T05:30-07:00,10.087719298245615
2022-06-27T05:45-07:00,12.576687116564422
2022-06-27T06:00-07:00,13.41991341991342
2022-06-27T06:15-07:00,16.85552407932011
2022-06-27T06:30-07:00,17.92452830188679
2022-06-27T06:45-07:00,9.6728307254623
2022-06-27T07:00-07:00,8.240223463687146
2022-06-27T07:15-07:00,13.165680473372776
2022-06-27T07:30-07:00,11.80981595092024
2022-06-27T07:45-07:00,14.586466165413539
2022-06-27T08:00-07:00,13.609467455621296
2022-06-27T08:15-07:00,13.713405238828962
2022-06-27T08:30-07:00,10.683760683760683
2022-06-27T08:45-07:00,4.0
2022-06-27T09:00-07:00,15.74468085106383
2022-06-27T09:15-07:00,10.714285714285714
2022-06-27T09:30-07:00,5.531914893617022
2022-06-27T09:45-07:00,12.445095168374822
2022-06-27T10:00-07:00,9.014084507042257
2022-06-27T10:15-07:00,8.250355618776675
2022-06-27T10:30-07:00,12.299465240641707
2022-06-27T10:45-07:00,10.88825214899714
2022-06-27T11:00-07:00,16.872427983539094
2022-06-27T11:15-07:00,9.985734664764626
2022-06-27T11:30-07:00,14.949201741654576
2022-06-27T11:45-07:00,6.302521008403361
2022-06-27T12:00-07:00,20.694645441389287
2022-06-27T12:15-07:00,13.445378151260504
2022-06-27T12:30-07:00,14.112903225806452
2022-06-27T12:45-07:00,16.14227086183311
2022-06-27T13:00-07:00,14.078947368421048
2022-06-27T13:15-07:00,19.660537482319665
2022-06-27T13:30-07:00,10.505319148936175
2022-06-27T13:45-07:00,19.82758620689655
2022-06-27T14:00-07:00,12.5
2022-06-27T14:15-07:00,20.32520325203252
2022-06-27T14:30-07:00,12.55115961800818
2022-06-27T14:45-07:00,14.40677966101695
2022-06-27T15:00-07:00,18.476727785613537
2022-06-27T15:15-07:00,15.9771754636234
2022-06-27T15:30-07:00,19.14285714285714
2022-06-27T15:45-07:00,19.313304721030043
2022-06-27T16:00-07:00,16.371681415929203
2022-06-27T16:15-07:00,12.602739726027393
2022-06-27T16:30-07:00,19.29824561403509
2022-06-27T16:45-07:00,11.527377521613827
2022-06-27T17:00-07:00,14.071856287425154
2022-06-27T17:15-07:00,10.781671159029646
2022-06-27T17:30-07:00,9.103840682788055
2022-06-27T17:45-07:00,17.22689075630252
2022-06-27T18:00-07:00,13.716814159292035
2022-06-27T18:15-07:00,17.01807228915662
2022-06-27T18:30-07:00,12.32876712328767
2022-06-27T18:45-07:00,16.0
2022-06-27T19:00-07:00,14.759036144578308
2022-06-27T19:15-07:00,18.548387096774192
2022-06-27T19:30-07:00,12.908242612752716
2022-06-27T19:45-07:00,19.097744360902258
2022-06-27T20:00-07:00,20.276497695852534
2022-06-27T20:15-07:00,15.246636771300448
2022-06-27T20:30-07:00,17.761194029850742
2022-06-27T20:45-07:00,14.01574803149606
2022-06-27T21:00-07:00,19.828815977175466
2022-06-27T21:15-07:00,15.2073732718894
2022-06-27T21:30-07:00,11.237553342816504
2022-06-27T21:45-07:00,7.11237553342816
2022-06-27T22:00-07:00,9.742120343839538
2022-06-27T22:15-07:00,16.765578635014833
2022-06-27T22:30-07:00,20.94691535150645
2022-06-27T22:45-07:00,14.86268174474959
2022-06-27T23:00-07:00,20.808383233532936
2022-06-27T23:15-07:00,16.95721077654516
2022-06-27T23:30-07:00,16.517857142857142
2022-06-27T23:45-07:00,7.633587786259537
2022-06-28T00:00-07:00,11.871508379888272
2022-06-28T00:15-07:00,14.652567975830822
2022-06-28T00:30-07:00,19.104477611940293
2022-06-28T00:45-07:00,9.417040358744394
2022-06-28T01:00-07:00,15.909090909090908
2022-06-28T01:15-07:00,15.249266862170083
2022-06-28T01:30-07:00,9.365994236311234
2022-06-28T01:45-07:00,13.716814159292035
2022-06-28T02:00-07:00,8.71369294605809
2022-06-28T02:15-07:00,15.23668639053255
2022-06-28T02:30-07:00,12.314540059347177
2022-06-28T02:45-07:00,15.673981191222577
2022-06-28T03:00-07:00,17.500000000000004
2022-06-28T03:15-07:00,16.058394160583937
2022-06-28T03:30-07:00,11.37724550898204
2022-06-28T03:45-07:00,9.606986899563319
2022-06-28T04:00-07:00,15.96244131455399
2022-06-28T04:15-07:00,18.277945619335352
2022-06-28T04:30-07:00,14.953271028037383
2022-06-28T04:45-07:00,18.83408071748879
2022-06-28T05:00-07:00,11.415525114155251
2022-06-28T05:15-07:00,14.830508474576272
2022-06-28T05:30-07:00,13.839285714285714
2022-06-28T05:45-07:00,11.11111111111111
2022-06-28T06:00-07:00,23.08724832214765
2022-06-28T06:15-07:00,14.329268292682933
2022-06-28T06:30-07:00,13.435114503816799
2022-06-28T06:45-07:00,10.481586402266284
2022-06-28T07:00-07:00,17.554858934169285
2022-06-28T07:15-07:00,16.255442670537015
2022-06-28T07:30-07:00,20.54794520547945
2022-06-28T07:45-07:00,11.878453038674028
2022-06-28T08:00-07:00,9.06389301634473
2022-06-28T08:15-07:00,17.663421418637
2022-06-28T08:30-07:00,7.327586206896552
2022-06-28T08:45-07:00,7.486631016042776
2022-06-28T09:00-07:00,13.430656934306564
2022-06-28T09:15-07:00,8.51063829787234
2022-06-28T09:30-07:00,11.640953716690039
2022-06-28T09:45-07:00,12.285714285714281
2022-06-28T10:00-07:00,9.090909090909086
2022-06-28T10:15-07:00,14.3854748603352
2022-06-28T10:30-07:00,12.153236459709374
2022-06-28T10:45-07:00,8.898305084745763
2022-06-28T11:00-07:00,15.540540540540546
2022-06-28T11:15-07:00,13.802816901408447
2022-06-28T11:30-07:00,13.568521031207602
2022-06-28T11:45-07:00,11.637931034482758
2022-06-28T12:00-07:00,10.503597122302164
2022-06-28T12:15-07:00,12.022630834512027
2022-06-28T12:30-07:00,6.2761506276150625
2022-06-28T12:45-07:00,14.657534246575338
2022-06-28T13:00-07:00,14.20454545454546
2022-06-28T13:15-07:00,11.240875912408754
2022-06-28T13:30-07:00,14.597544338335602
2022-06-28T13:45-07:00,9.44206008583691
2022-06-28T14:00-07:00,17.07317073170731
2022-06-28T14:15-07:00,12.078651685393254
2022-06-28T14:30-07:00,17.857142857142854
2022-06-28T14:45-07:00,9.208633093525185
2022-06-28T15:00-07:00,13.183730715287522
2022-06-28T15:15-07:00,8.538350217076696
2022-06-28T15:30-07:00,21.57434402332362
2022-06-28T15:45-07:00,8.066759388038948
2022-06-28T16:00-07:00,15.091678420310291
2022-06-28T16:15-07:00,12.987012987012987
2022-06-28T16:30-07:00,16.017316017316016
2022-06-28T16:45-07:00,12.017167381974248
2022-06-28T17:00-07:00,11.475409836065573
2022-06-28T17:15-07:00,12.769010043041602
2022-06-28T17:30-07:00,13.135593220338983
2022-06-28T17:45-07:00,9.6728307254623
2022-06-28T18:00-07:00,14.719271623672237
2022-06-28T18:15-07:00,22.01166180758018
2022-06-28T18:30-07:00,19.29307805596465
2022-06-28T18:45-07:00,5.084745762711864
2022-06-28T19:00-07:00,15.182481751824811
2022-06-28T19:15-07:00,7.080924855491334
2022-06-28T19:30-07:00,15.178571428571429
2022-06-28T19:45-07:00,9.090909090909086
2022-06-28T20:00-07:00,9.745127436281853
2022-06-28T20:15-07:00,16.029411764705888
2022-06-28T20:30-07:00,4.302670623145397
2022-06-28T20:45-07:00,10.878661087866108
2022-06-28T21:00-07:00,3.982300884955752
2022-06-28T21:15-07:00,15.178571428571429
2022-06-28T21:30-07:00,16.23277182235835
2022-06-28T21:45-07:00,17.215568862275454
2022-06-28T22:00-07:00,15.830721003134792
2022-06-28T22:15-07:00,15.707620528771379
2022-06-28T22:30-07:00,7.428571428571432
2022-06-28T22:45-07:00,7.496251874062963
2022-06-28T23:00-07:00,18.95043731778426
2022-06-28T23:15-07:00,10.236220472440941
2022-06-28T23:30-07:00,14.199395770392755
2022-06-28T23:45-07:00,15.419161676646713
2022-06-29T00:00-07:00,12.831858407079647
2022-06-29T00:15-07:00,10.574018126888223
2022-06-29T00:30-07:00,6.013986013986019
2022-06-29T00:45-07:00,12.087912087912082
2022-06-29T01:00-07:00,17.937219730941703
2022-06-29T01:15-07:00,16.174183514774487
2022-06-29T01:30-07:00,11.028315946348728
2022-06-29T01:45-07:00,11.842105263157896
2022-06-29T02:00-07:00,9.014084507042257
2022-06-29T02:15-07:00,15.662650602409633
2022-06-29T02:30-07:00,14.664586583463343
2022-06-29T02:45-07:00,15.41984732824427
2022-06-29T03:00-07:00,15.462427745664735
2022-06-29T03:15-07:00,6.340057636887603
2022-06-29T03:30-07:00,8.7218045112782
2022-06-29T03:45-07:00,16.35514018691589
2022-06-29T04:00-07:00,11.738484398216944
2022-06-29T04:15-07:00,16.05504587155963
2022-06-29T04:30-07:00,9.597523219814237
2022-06-29T04:45-07:00,9.900990099009906
2022-06-29T05:00-07:00,14.903129657228023
2022-06-29T05:15-07:00,12.332838038632982
2022-06-29T05:30-07:00,13.55932203389831
2022-06-29T05:45-07:00,14.414414414414415
2022-06-29T06:00-07:00,9.787234042553191
2022-06-29T06:15-07:00,7.503828483920373
2022-06-29T06:30-07:00,17.857142857142858
2022-06-29T06:45-07:00,14.871016691957507
2022-06-29T07:00-07:00,14.088820826952523
2022-06-29T07:15-07:00,13.970588235294114
2022-06-29T07:30-07:00,11.37724550898204
2022-06-29T07:45-07:00,9.352517985611506
2022-06-29T08:00-07:00,13.793103448275861
2022-06-29T08:15-07:00,8.529411764705888
2022-06-29T08:30-07:00,13.049853372434013
2022-06-29T08:45-07:00,14.601769911504425
2022-06-29T09:00-07:00,11.940298507462682
2022-06-29T09:15-07:00,3.669724770642202
2022-06-29T09:30-07:00,9.71428571428571
2022-06-29T09:45-07:00,6.993006993006988
2022-06-29T10:00-07:00,7.851239669421488
2022-06-29T10:15-07:00,9.052924791086346
2022-06-29T10:30-07:00,10.369318181818187
2022-06-29T10:45-07:00,6.451612903225811
2022-06-29T11:00-07:00,13.649025069637878
2022-06-29T11:15-07:00,4.494382022471905
2022-06-29T11:30-07:00,10.084033613445378
2022-06-29T11:45-07:00,15.683453237410077
2022-06-29T12:00-07:00,11.452513966480451
2022-06-29T12:15-07:00,12.605042016806722
2022-06-29T12:30-07:00,10.775862068965518
2022-06-29T12:45-07:00,14.224137931034482
2022-06-29T13:00-07:00,12.573964497041425
2022-06-29T13:15-07:00,14.327917282127036
2022-06-29T13:30-07:00,7.875185735512625
2022-06-29T13:45-07:00,12.76595744680851
2022-06-29T14:00-07:00,12.285714285714281
2022-06-29T14:15-07:00,6.187050359712235
2022-06-29T14:30-07:00,14.893617021276595
2022-06-29T14:45-07:00,9.365994236311234
2022-06-29T15:00-07:00,14.718019257221453
2022-06-29T15:15-07:00,11.965811965811966
2022-06-29T15:30-07:00,12.22707423580786
2022-06-29T15:45-07:00,11.864406779661017
2022-06-29T16:00-07:00,15.738161559888574
2022-06-29T16:15-07:00,15.797317436661704
2022-06-29T16:30-07:00,12.719298245614034
2022-06-29T16:45-07:00,15.841584158415847
2022-06-29T17:00-07:00,12.0
2022-06-29T17:15-07:00,13.777777777777779
2022-06-29T17:30-07:00,10.749646393210755
2022-06-29T17:45-07:00,10.548523206751055
2022-06-29T18:00-07:00,7.982583454281572
2022-06-29T18:15-07:00,11.587982832618026
2022-06-29T18:30-07:00,9.38461538461539
2022-06-29T18:45-07:00,12.992700729927002
2022-06-29T19:00-07:00,14.596273291925472
2022-06-29T19:15-07:00,10.13615733736763
2022-06-29T19:30-07:00,13.283582089552233
2022-06-29T19:45-07:00,14.751552795031051
2022-06-29T20:00-07:00,7.845934379457922
2022-06-29T20:15-07:00,12.94117647058824
2022-06-29T20:30-07:00,8.203677510608209
2022-06-29T20:45-07:00,14.809160305343516
2022-06-29T21:00-07:00,13.841368584758937
2022-06-29T21:15-07:00,15.596330275229358
2022-06-29T21:30-07:00,13.636363636363637
2022-06-29T21:45-07:00,9.212481426448733
2022-06-29T22:00-07:00,9.470752089136486
2022-06-29T22:15-07:00,6.410256410256411
2022-06-29T22:30-07:00,16.871165644171775
2022-06-29T22:45-07:00,16.363636363636363
2022-06-29T23:00-07:00,22.392638036809814
2022-06-29T23:15-07:00,17.11145996860283
2022-06-29T23:30-07:00,20.27439024390244
2022-06-29T23:45-07:00,5.042016806722689
2022-06-30T00:00-07:00,13.36405529953917
2022-06-30T00:15-07:00,20.089955022488752
2022-06-30T00:30-07:00,14.398734177215196
2022-06-30T00:45-07:00,12.442396313364055
2022-06-30T01:00-07:00,12.206572769953052
2022-06-30T01:15-07:00,6.2761506276150625
2022-06-30T01:30-07:00,14.199395770392755
2022-06-30T01:45-07:00,10.393258426966288
2022-06-30T02:00-07:00,11.961722488038278
2022-06-30T02:15-07:00,15.319148936170214
2022-06-30T02:30-07:00,14.596273291925472
2022-06-30T02:45-07:00,6.382978723404255
2022-06-30T03:00-07:00,16.822429906542055
2022-06-30T03:15-07:00,9.345794392523365
2022-06-30T03:30-07:00,17.647058823529413
2022-06-30T03:45-07:00,17.515923566878975
2022-06-30T04:00-07:00,4.17867435158501
2022-06-30T04:15-07:00,19.562043795620433
2022-06-30T04:30-07:00,15.277777777777779
2022-06-30T04:45-07:00,15.981735159817351
2022-06-30T05:00-07:00,8.928571428571429
2022-06-30T05:15-07:00,8.309455587392556
2022-06-30T05:30-07:00,8.128834355828216
2022-06-30T05:45-07:00,17.187500000000004
2022-06-30T06:00-07:00,9.766763848396506
2022-06-30T06:15-07:00,13.283582089552233
2022-06-30T06:30-07:00,13.489736070381227
2022-06-30T06:45-07:00,9.722222222222221
2022-06-30T07:00-07:00,14.222222222222221
2022-06-30T07:15-07:00,9.411764705882359
2022-06-30T07:30-07:00,18.309859154929576
2022-06-30T07:45-07:00,7.340720221606644
2022-06-30T08:00-07:00,15.105740181268887
2022-06-30T08:15-07:00,15.765765765765765
2022-06-30T08:30-07:00,13.525179856115113
2022-06-30T08:45-07:00,11.210762331838565
2022-06-30T09:00-07:00,9.840810419681615
2022-06-30T09:15-07:00,6.3559322033898304
2022-06-30T09:30-07:00,8.898305084745763
2022-06-30T09:45-07:00,9.883720930232553
2022-06-30T10:00-07:00,18.003025718608164
2022-06-30T10:15-07:00,5.154639175257727
2022-06-30T10:30-07:00,14.388489208633098
2022-06-30T10:45-07:00,6.222222222222222
2022-06-30T11:00-07:00,12.658227848101266
2022-06-30T11:15-07:00,9.84251968503937
2022-06-30T11:30-07:00,5.053191489361698
2022-06-30T11:45-07:00,11.987860394537183
2022-06-30T12:00-07:00,8.940852819807423
2022-06-30T12:15-07:00,14.17565485362095
2022-06-30T12:30-07:00,9.510489510489506
2022-06-30T12:45-07:00,17.48878923766816
2022-06-30T13:00-07:00,10.09957325746799
2022-06-30T13:15-07:00,12.608695652173912
2022-06-30T13:30-07:00,11.977715877437321
2022-06-30T13:45-07:00,17.967599410898373
2022-06-30T14:00-07:00,10.869565217391305
2022-06-30T14:15-07:00,16.52173913043478
2022-06-30T14:30-07:00,14.644351464435147
2022-06-30T14:45-07:00,11.318051575931237
2022-06-30T15:00-07:00,13.016845329249623
2022-06-30T15:15-07:00,7.854137447405326
2022-06-30T15:30-07:00,14.912280701754385
2022-06-30T15:45-07:00,12.68011527377522
2022-06-30T16:00-07:00,11.465892597968075
2022-06-30T16:15-07:00,15.163934426229508
2022-06-30T16:30-07:00,10.434782608695652
2022-06-30T16:45-07:00,14.923076923076929
2022-06-30T17:00-07:00,8.482142857142858
2022-06-30T17:15-07:00,13.392857142857142
2022-06-30T17:30-07:00,13.399153737658668
2022-06-30T17:45-07:00,9.824046920821118
2022-06-30T18:00-07:00,13.242009132420092
2022-06-30T18:15-07:00,10.999999999999995
2022-06-30T18:30-07:00,9.798270893371752
2022-06-30T18:45-07:00,9.69609261939219
2022-06-30T19:00-07:00,17.82608695652174
2022-06-30T19:15-07:00,6.1971830985915455
2022-06-30T19:30-07:00,5.349794238683128
2022-06-30T19:45-07:00,7.27002967359051
2022-06-30T20:00-07:00,10.95305832147937
2022-06-30T20:15-07:00,15.015479876160995
2022-06-30T20:30-07:00,14.52095808383234
2022-06-30T20:45-07:00,16.0246533127889
2022-06-30T21:00-07:00,14.873417721518994
2022-06-30T21:15-07:00,6.285714285714281
2022-06-30T21:30-07:00,9.065155807365443
2022-06-30T21:45-07:00,13.587786259541978
2022-06-30T22:00-07:00,12.788906009244986
2022-06-30T22:15-07:00,13.66459627329193
2022-06-30T22:30-07:00,16.56626506024096
2022-06-30T22:45-07:00,12.831858407079647
2022-06-30T23:00-07:00,3.6671368124118433
2022-06-30T23:15-07:00,11.946902654867257
2022-06-30T23:30-07:00,11.214953271028037
2022-06-30T23:45-07:00,18.127786032689446
2022-07-01T00:00-07:00,10.628742514970055
2022-07-01T00:15-07:00,13.513513513513509
2022-07-01T00:30-07:00,5.85651537335286
2022-07-01T00:45-07:00,19.452887537993917
2022-07-01T01:00-07:00,7.8341013824884795
2022-07-01T01:15-07:00,18.825301204819272
2022-07-01T01:30-07:00,12.962962962962964
2022-07-01T01:45-07:00,3.8461538461538463
2022-07-01T02:00-07:00,5.3598774885145435
2022-07-01T02:15-07:00,14.456035767511183
2022-07-01T02:30-07:00,11.80124223602485
2022-07-01T02:45-07:00,14.285714285714286
2022-07-01T03:00-07:00,14.68023255813953
2022-07-01T03:15-07:00,10.142857142857137
2022-07-01T03:30-07:00,16.941529235382305
2022-07-01T03:45-07:00,17.801857585139324
2022-07-01T04:00-07:00,19.196428571428573
2022-07-01T04:15-07:00,11.65354330708661
2022-07-01T04:30-07:00,10.503597122302164
2022-07-01T04:45-07:00,15.846153846153852
2022-07-01T05:00-07:00,11.90817790530846
2022-07-01T05:15-07:00,12.442396313364055
2022-07-01T05:30-07:00,16.01208459214502
2022-07-01T05:45-07:00,8.444444444444445
2022-07-01T06:00-07:00,14.761904761904763
2022-07-01T06:15-07:00,13.744075829383887
2022-07-01T06:30-07:00,16.490166414523454
2022-07-01T06:45-07:00,15.555555555555555
2022-07-01T07:00-07:00,10.38961038961039
2022-07-01T07:15-07:00,11.504424778761061
2022-07-01T07:30-07:00,17.56756756756757
2022-07-01T07:45-07:00,14.354066985645932
2022-07-01T08:00-07:00,13.549337260677461
2022-07-01T08:15-07:00,5.337078651685388
2022-07-01T08:30-07:00,7.671232876712324
2022-07-01T08:45-07:00,11.290322580645157
2022-07-01T09:00-07:00,8.892128279883387
2022-07-01T09:15-07:00,5.646359583952447
2022-07-01T09:30-07:00,14.035087719298245
2022-07-01T09:45-07:00,4.0389972144846755
2022-07-01T10:00-07:00,4.6062407132243735
2022-07-01T10:15-07:00,10.503597122302164
2022-07-01T10:30-07:00,10.648148148148149
2022-07-01T10:45-07:00,15.350223546944864
2022-07-01T11:00-07:00,13.596491228070175
2022-07-01T11:15-07:00,12.916666666666666
2022-07-01T11:30-07:00,7.60401721664275
2022-07-01T11:45-07:00,5.307262569832398
2022-07-01T12:00-07:00,6.808510638297872
2022-07-01T12:15-07:00,11.030478955007261
2022-07-01T12:30-07:00,8.225108225108226
2022-07-01T12:45-07:00,13.88478581979321
2022-07-01T13:00-07:00,13.642960812772138
2022-07-01T13:15-07:00,10.982658959537577
2022-07-01T13:30-07:00,6.392694063926941
2022-07-01T13:45-07:00,14.14427157001415
2022-07-01T14:00-07:00,8.320950965824661
2022-07-01T14:15-07:00,18.681318681318675
2022-07-01T14:30-07:00,5.73426573426573
2022-07-01T14:45-07:00,15.683453237410077
2022-07-01T15:00-07:00,11.596385542168669
2022-07-01T15:15-07:00,12.992700729927002
2022-07-01T15:30-07:00,10.434782608695652
2022-07-01T15:45-07:00,12.88888888888889
2022-07-01T16:00-07:00,5.128205128205129
2022-07-01T16:15-07:00,10.38961038961039
2022-07-01T16:30-07:00,7.423580786026201
2022-07-01T16:45-07:00,15.662650602409633
2022-07-01T17:00-07:00,9.090909090909095
2022-07-01T17:15-07:00,14.244186046511622
2022-07-01T17:30-07:00,11.994002998500743
2022-07-01T17:45-07:00,8.715596330275229
2022-07-01T18:00-07:00,14.733542319749223
2022-07-01T18:15-07:00,11.934156378600823
2022-07-01T18:30-07:00,9.174311926605505
2022-07-01T18:45-07:00,6.2138728323699475
2022-07-01T19:00-07:00,9.863429438543243
2022-07-01T19:15-07:00,3.0386740331491753
2022-07-01T19:30-07:00,12.727272727272727
2022-07-01T19:45-07:00,12.10762331838565
2022-07-01T20:00-07:00,13.437499999999995
2022-07-01T20:15-07:00,14.285714285714286
2022-07-01T20:30-07:00,13.848396501457723
2022-07-01T20:45-07:00,13.793103448275856
2022-07-01T21:00-07:00,11.312217194570136
2022-07-01T21:15-07:00,5.485232067510548
2022-07-01T21:30-07:00,16.129032258064516
2022-07-01T21:45-07:00,11.702127659574463
2022-07-01T22:00-07:00,14.155251141552512
2022-07-01T22:15-07:00,17.77777777777778
2022-07-01T22:30-07:00,10.78286558345643
2022-07-01T22:45-07:00,14.066852367688018
2022-07-01T23:00-07:00,13.819875776397511
2022-07-01T23:15-07:00,15.805471124620055
2022-07-01T23:30-07:00,14.018691588785046
2022-07-01T23:45-07:00,17.84037558685446
2022-07-02T00:00-07:00,9.606986899563319
2022-07-02T00:15-07:00,13.302752293577981
2022-07-02T00:30-07:00,16.691505216095386
2022-07-02T00:45-07:00,19.43127962085308
2022-07-02T01:00-07:00,9.77443609022556
2022-07-02T01:15-07:00,8.966565349544068
2022-07-02T01:30-07:00,12.931034482758621
2022-07-02T01:45-07:00,12.616822429906541
2022-07-02T02:00-07:00,13.383458646616537
2022-07-02T02:15-07:00,22.769230769230774
2022-07-02T02:30-07:00,6.332842415316646
2022-07-02T02:45-07:00,8.233532934131741
2022-07-02T03:00-07:00,11.755725190839689
2022-07-02T03:15-07:00,17.01807228915662
2022-07-02T03:30-07:00,15.974440894568696
2022-07-02T03:45-07:00,8.928571428571429
2022-07-02T04:00-07:00,11.47540983606557
2022-07-02T04:15-07:00,11.230769230769235
2022-07-02T04:30-07:00,14.092953523238386
2022-07-02T04:45-07:00,11.585365853658542
2022-07-02T05:00-07:00,13.489736070381227
2022-07-02T05:15-07:00,4.9132947976878665
2022-07-02T05:30-07:00,7.926829268292688
2022-07-02T05:45-07:00,19.104477611940293
2022-07-02T06:00-07:00,16.8769716088328
2022-07-02T06:15-07:00,17.53554502369668
2022-07-02T06:30-07:00,9.701492537313428
2022-07-02T06:45-07:00,13.963963963963964
2022-07-02T07:00-07:00,12.084592145015101
2022-07-02T07:15-07:00,14.732142857142858
2022-07-02T07:30-07:00,9.878419452887533
2022-07-02T07:45-07:00,5.405405405405401
2022-07-02T08:00-07:00,7.8402366863905275
2022-07-02T08:15-07:00,17.201166180758023
2022-07-02T08:30-07:00,8.064516129032262
2022-07-02T08:45-07:00,16.051364365971114
2022-07-02T09:00-07:00,9.282700421940929
2022-07-02T09:15-07:00,8.547008547008547
2022-07-02T09:30-07:00,17.611026033690663
2022-07-02T09:45-07:00,12.78195488721805
2022-07-02T10:00-07:00,13.129770992366407
2022-07-02T10:15-07:00,12.557427258805518
2022-07-02T10:30-07:00,9.29203539823009
2022-07-02T10:45-07:00,5.1063829787234045
2022-07-02T11:00-07:00,10.110803324099727
2022-07-02T11:15-07:00,11.079943899018238
2022-07-02T11:30-07:00,5.882352941176471
2022-07-02T11:45-07:00,10.47904191616767
2022-07-02T12:00-07:00,19.629057187017004
2022-07-02T12:15-07:00,11.465892597968075
2022-07-02T12:30-07:00,10.213414634146346
2022-07-02T12:45-07:00,15.116279069767437
2022-07-02T13:00-07:00,13.464447806354004
2022-07-02T13:15-07:00,8.4070796460177
2022-07-02T13:30-07:00,10.260336906584998
2022-07-02T13:45-07:00,10.977443609022561
2022-07-02T14:00-07:00,12.835820895522383
2022-07-02T14:15-07:00,10.714285714285714
2022-07-02T14:30-07:00,14.008941877794342
2022-07-02T14:45-07:00,9.89660265878878
2022-07-02T15:00-07:00,9.821428571428571
2022-07-02T15:15-07:00,8.810572687224669
2022-07-02T15:30-07:00,15.074626865671636
2022-07-02T15:45-07:00,13.215859030837004
2022-07-02T16:00-07:00,10.834553440702777
2022-07-02T16:15-07:00,14.285714285714286
2022-07-02T16:30-07:00,10.909090909090908
2022-07-02T16:45-07:00,15.277777777777779
2022-07-02T17:00-07:00,7.8873239436619675
2022-07-02T17:15-07:00,7.657657657657658
2022-07-02T17:30-07:00,10.091743119266056
2022-07-02T17:45-07:00,9.70464135021097
2022-07-02T18:00-07:00,7.202216066481999
2022-07-02T18:15-07:00,5.66298342541436
2022-07-02T18:30-07:00,7.429420505200589
2022-07-02T18:45-07:00,13.467048710601725
2022-07-02T19:00-07:00,11.25
2022-07-02T19:15-07:00,13.374805598755826
2022-07-02T19:30-07:00,14.61649782923299
2022-07-02T19:45-07:00,4.700854700854701
2022-07-02T20:00-07:00,7.779349363507784
2022-07-02T20:15-07:00,14.414414414414415
2022-07-02T20:30-07:00,16.8769716088328
2022-07-02T20:45-07:00,11.480362537764355
2022-07-02T21:00-07:00,9.66767371601209
2022-07-02T21:15-07:00,8.575581395348832
2022-07-02T21:30-07:00,3.6603221083455386
2022-07-02T21:45-07:00,11.669128508124082
2022-07-02T22:00-07:00,12.917933130699092
2022-07-02T22:15-07:00,16.38330757341577
2022-07-02T22:30-07:00,19.631901840490794
2022-07-02T22:45-07:00,3.9647577092511015
2022-07-02T23:00-07:00,17.15160796324656
2022-07-02T23:15-07:00,11.555555555555555
2022-07-02T23:30-07:00,16.114457831325296
2022-07-02T23:45-07:00,11.791730474732002
2022-07-03T00:00-07:00,7.350901525658802
2022-07-03T00:15-07:00,7.299270072992695
2022-07-03T00:30-07:00,6.5088757396449655
2022-07-03T00:45-07:00,16.71779141104295
2022-07-03T01:00-07:00,13.270142180094787
2022-07-03T01:15-07:00,10.995542347696874
2022-07-03T01:30-07:00,9.077598828696921
2022-07-03T01:45-07:00,14.110429447852756
2022-07-03T02:00-07:00,16.95721077654516
2022-07-03T02:15-07:00,15.92649310872894
2022-07-03T02:30-07:00,7.2727272727272725
2022-07-03T02:45-07:00,10.822510822510823
2022-07-03T03:00-07:00,13.615023474178404
2022-07-03T03:15-07:00,19.44869831546708
2022-07-03T03:30-07:00,7.142857142857143
2022-07-03T03:45-07:00,8.15450643776824
2022-07-03T04:00-07:00,15.527950310559012
2022-07-03T04:15-07:00,10.719754977029101
2022-07-03T04:30-07:00,14.349775784753364
2022-07-03T04:45-07:00,14.949201741654576
2022-07-03T05:00-07:00,6.278026905829597
2022-07-03T05:15-07:00,16.216216216216218
2022-07-03T05:30-07:00,17.304747320061253
2022-07-03T05:45-07:00,19.339622641509433
2022-07-03T06:00-07:00,6.707317073170727
2022-07-03T06:15-07:00,7.396870554765296
2022-07-03T06:30-07:00,11.52073732718894
2022-07-03T06:45-07:00,8.320950965824661
2022-07-03T07:00-07:00,4.289940828402362
2022-07-03T07:15-07:00,6.330935251798556
2022-07-03T07:30-07:00,13.855421686746983
2022-07-03T07:45-07:00,14.018691588785046
2022-07-03T08:00-07:00,11.587982832618026
2022-07-03T08:15-07:00,12.831858407079647
2022-07-03T08:30-07:00,10.851648351648356
2022-07-03T08:45-07:00,12.440191387559809
2022-07-03T09:00-07:00,11.577424023154842
2022-07-03T09:15-07:00,17.92452830188679
2022-07-03T09:30-07:00,8.538350217076696
2022-07-03T09:45-07:00,6.573426573426569
2022-07-03T10:00-07:00,12.445095168374822
2022-07-03T10:15-07:00,4.154302670623149
2022-07-03T10:30-07:00,13.40361445783132
2022-07-03T10:45-07:00,11.04477611940298
2022-07-03T11:00-07:00,7.671232876712324
2022-07-03T11:15-07:00,9.651898734177221
2022-07-03T11:30-07:00,16.08695652173913
2022-07-03T11:45-07:00,15.074626865671636
2022-07-03T12:00-07:00,15.14242878560719
2022-07-03T12:15-07:00,7.87037037037037
2022-07-03T12:30-07:00,12.921348314606737
2022-07-03T12:45-07:00,1.482479784366573
2022-07-03T13:00-07:00,11.933534743202422
2022-07-03T13:15-07:00,14.826021180030251
2022-07-03T13:30-07:00,15.683229813664592
2022-07-03T13:45-07:00,15.14242878560719
2022-07-03T14:00-07:00,14.0378548895899
2022-07-03T14:15-07:00,14.239999999999995
2022-07-03T14:30-07:00,16.543574593796166
2022-07-03T14:45-07:00,9.212481426448733
2022-07-03T15:00-07:00,9.852941176470594
2022-07-03T15:15-07:00,10.595065312046449
2022-07-03T15:30-07:00,11.603053435114509
2022-07-03T15:45-07:00,14.090909090909092
2022-07-03T16:00-07:00,12.778603268945018
2022-07-03T16:15-07:00,2.0833333333333335
2022-07-03T16:30-07:00,7.949790794979079
2022-07-03T16:45-07:00,11.965811965811966
2022-07-03T17:00-07:00,7.423580786026201
2022-07-03T17:15-07:00,15.981735159817351
2022-07-03T17:30-07:00,10.323574730354396
2022-07-03T17:45-07:00,13.92961876832844
2022-07-03T18:00-07:00,14.874815905743736
2022-07-03T18:15-07:00,9.090909090909095
2022-07-03T18:30-07:00,6.119402985074622
2022-07-03T18:45-07:00,18.573551263001484
2022-07-03T19:00-07:00,11.013215859030836
2022-07-03T19:15-07:00,18.28298887122417
2022-07-03T19:30-07:00,14.220183486238533
2022-07-03T19:45-07:00,9.45945945945946
2022-07-03T20:00-07:00,4.25531914893617
2022-07-03T20:15-07:00,13.500784929356353
2022-07-03T20:30-07:00,11.79245283018868
2022-07-03T20:45-07:00,19.14241960183767
2022-07-03T21:00-07:00,13.692307692307688
2022-07-03T21:15-07:00,9.859154929577464
2022-07-03T21:30-07:00,12.844036697247706
2022-07-03T21:45-07:00,21.840873634945396
2022-07-03T22:00-07:00,11.650485436893204
2022-07-03T22:15-07:00,15.909090909090908
2022-07-03T22:30-07:00,6.140350877192983
2022-07-03T22:45-07:00,4.857142857142861
2022-07-03T23:00-07:00,14.241486068111449
2022-07-03T23:15-07:00,14.485981308411215
2022-07-03T23:30-07:00,11.26126126126126
2022-07-03T23:45-07:00,6.1946902654867255
2022-07-04T00:00-07:00,9.66767371601209
2022-07-04T00:15-07:00,10.810810810810807
2022-07-04T00:30-07:00,12.3367198838897
2022-07-04T00:45-07:00,11.631419939577034
2022-07-04T01:00-07:00,13.688760806916422
2022-07-04T01:15-07:00,9.582689335394122
2022-07-04T01:30-07:00,16.461538461538456
2022-07-04T01:45-07:00,14.98516320474777
2022-07-04T02:00-07:00,16.459627329192553
2022-07-04T02:15-07:00,5.780346820809253
2022-07-04T02:30-07:00,16.0
2022-07-04T02:45-07:00,11.402157164869024
2022-07-04T03:00-07:00,11.52073732718894
2022-07-04T03:15-07:00,8.333333333333334
2022-07-04T03:30-07:00,6.784260515603795
2022-07-04T03:45-07:00,15.707620528771379
2022-07-04T04:00-07:00,14.940828402366858
2022-07-04T04:15-07:00,13.258785942492008
2022-07-04T04:30-07:00,12.711864406779661
2022-07-04T04:45-07:00,11.711711711711711
2022-07-04T05:00-07:00,15.88785046728972
2022-07-04T05:15-07:00,20.18348623853211
2022-07-04T05:30-07:00,10.850439882697943
2022-07-04T05:45-07:00,7.988587731811694
2022-07-04T06:00-07:00,12.444444444444445
2022-07-04T06:15-07:00,13.761467889908257
2022-07-04T06:30-07:00,14.329268292682933
2022-07-04T06:45-07:00,12.11656441717792
2022-07-04T07:00-07:00,12.0
2022-07-04T07:15-07:00,15.855572998430135
2022-07-04T07:30-07:00,13.016845329249623
2022-07-04T07:45-07:00,11.445783132530124
2022-07-04T08:00-07:00,10.914051841746243
2022-07-04T08:15-07:00,4.0
2022-07-04T08:30-07:00,6.231003039513673
2022-07-04T08:45-07:00,12.121212121212121
2022-07-04T09:00-07:00,17.187499999999993
2022-07-04T09:15-07:00,7.894736842105263
2022-07-04T09:30-07:00,19.738751814223516
2022-07-04T09:45-07:00,14.670658682634727
2022-07-04T10:00-07:00,13.076923076923082
2022-07-04T10:15-07:00,12.778603268945018
2022-07-04T10:30-07:00,5.1063829787234045
2022-07-04T10:45-07:00,15.74468085106383
2022-07-04T11:00-07:00,7.5872534142640315
2022-07-04T11:15-07:00,14.864864864864865
2022-07-04T11:30-07:00,11.063829787234043
2022-07-04T11:45-07:00,13.636363636363637
2022-07-04T12:00-07:00,4.366197183098596
2022-07-04T12:15-07:00,10.230547550432272
2022-07-04T12:30-07:00,14.084507042253522
2022-07-04T12:45-07:00,19.36936936936937
2022-07-04T13:00-07:00,11.128048780487811
2022-07-04T13:15-07:00,14.545454545454545
2022-07-04T13:30-07:00,16.641452344931917
2022-07-04T13:45-07:00,14.242878560719635
2022-07-04T14:00-07:00,10.365853658536581
2022-07-04T14:15-07:00,7.5144508670520285
2022-07-04T14:30-07:00,10.790273556230998
2022-07-04T14:45-07:00,10.670731707317078
2022-07-04T15:00-07:00,14.202049780380678
2022-07-04T15:15-07:00,7.5872534142640315
2022-07-04T15:30-07:00,14.135338345864668
2022-07-04T15:45-07:00,13.852813852813853
2022-07-04T16:00-07:00,7.837837837837842
2022-07-04T16:15-07:00,7.03592814371257
2022-07-04T16:30-07:00,17.173252279635253
2022-07-04T16:45-07:00,12.042682926829274
2022-07-04T17:00-07:00,13.501483679525228
2022-07-04T17:15-07:00,6.956521739130435
2022-07-04T17:30-07:00,18.361153262518975
2022-07-04T17:45-07:00,10.014727540500731
2022-07-04T18:00-07:00,13.973799126637555
2022-07-04T18:15-07:00,10.335195530726253
2022-07-04T18:30-07:00,9.640287769784178
2022-07-04T18:45-07:00,15.100154083204925
2022-07-04T19:00-07:00,14.329268292682933
2022-07-04T19:15-07:00,14.992272024729527
2022-07-04T19:30-07:00,15.068493150684931
2022-07-04T19:45-07:00,12.735849056603774
2022-07-04T20:00-07:00,9.943181818181824
2022-07-04T20:15-07:00,10.047846889952153
2022-07-04T20:30-07:00,22.026431718061673
2022-07-04T20:45-07:00,12.082670906200324
2022-07-04T21:00-07:00,15.41984732824427
2022-07-04T21:15-07:00,10.977443609022561
2022-07-04T21:30-07:00,11.826347305389227
2022-07-04T21:45-07:00,11.406250000000005
2022-07-04T22:00-07:00,11.933534743202422
2022-07-04T22:15-07:00,12.500000000000005
2022-07-04T22:30-07:00,8.482142857142858
2022-07-04T22:45-07:00,4.571428571428567
2022-07-04T23:00-07:00,11.497730711043877
2022-07-04T23:15-07:00,8.037094281298305
2022-07-04T23:30-07:00,5.666156202143956
2022-07-04T23:45-07:00,17.187499999999993
2022-07-05T00:00-07:00,10.964912280701755
2022-07-05T00:15-07:00,14.242878560719635
2022-07-05T00:30-07:00,14.215686274509803
2022-07-05T00:45-07:00,16.76646706586827
2022-07-05T01:00-07:00,16.403785488958984
2022-07-05T01:15-07:00,5.714285714285719
2022-07-05T01:30-07:00,17.133443163097194
2022-07-05T01:45-07:00,12.162162162162161
2022-07-05T02:00-07:00,12.828438948995359
2022-07-05T02:15-07:00,15.959004392386536
2022-07-05T02:30-07:00,4.97737556561086
2022-07-05T02:45-07:00,16.845329249617148
2022-07-05T03:00-07:00,7.975460122699391
2022-07-05T03:15-07:00,16.082802547770694
2022-07-05T03:30-07:00,10.300429184549357
2022-07-05T03:45-07:00,13.263785394932931
2022-07-05T04:00-07:00,12.272727272727273
2022-07-05T04:15-07:00,13.099041533546332
2022-07-05T04:30-07:00,17.472698907956325
2022-07-05T04:45-07:00,6.855439642324893
2022-07-05T05:00-07:00,12.608695652173912
2022-07-05T05:15-07:00,13.841368584758937
2022-07-05T05:30-07:00,18.49529780564264
2022-07-05T05:45-07:00,14.090909090909092
2022-07-05T06:00-07:00,14.970059880239527
2022-07-05T06:15-07:00,3.0434782608695654
2022-07-05T06:30-07:00,13.793103448275868
2022-07-05T06:45-07:00,9.601181683899553
2022-07-05T07:00-07:00,13.114754098360661
2022-07-05T07:15-07:00,12.162162162162161
2022-07-05T07:30-07:00,13.043478260869565
2022-07-05T07:45-07:00,15.970149253731337
2022-07-05T08:00-07:00,9.325681492109034
2022-07-05T08:15-07:00,4.845814977973569
2022-07-05T08:30-07:00,9.44206008583691
2022-07-05T08:45-07:00,6.160458452722068
2022-07-05T09:00-07:00,12.446351931330472
2022-07-05T09:15-07:00,8.309455587392556
2022-07-05T09:30-07:00,7.926829268292688
2022-07-05T09:45-07:00,1.694915254237288
2022-07-05T10:00-07:00,5.359661495063465
2022-07-05T10:15-07:00,14.490674318507885
2022-07-05T10:30-07:00,4.8979591836734695
2022-07-05T10:45-07:00,16.40513552068474
2022-07-05T11:00-07:00,6.509695290858722
2022-07-05T11:15-07:00,15.130674002751027
2022-07-05T11:30-07:00,2.0491803278688523
2022-07-05T11:45-07:00,11.323328785811729
2022-07-05T12:00-07:00,13.114754098360656
2022-07-05T12:15-07:00,6.308724832214761
2022-07-05T12:30-07:00,9.97506234413966
2022-07-05T12:45-07:00,5.617977528089888
2022-07-05T13:00-07:00,3.5805626598465397
2022-07-05T13:15-07:00,4.895104895104895
2022-07-05T13:30-07:00,8.251748251748246
2022-07-05T13:45-07:00,8.247422680412363
2022-07-05T14:00-07:00,10.354223433242511
2022-07-05T14:15-07:00,7.5396825396825395
2022-07-05T14:30-07:00,11.977715877437321
2022-07-05T14:45-07:00,14.364640883977895
2022-07-05T15:00-07:00,8.819538670284935
2022-07-05T15:15-07:00,10.982658959537577
2022-07-05T15:30-07:00,13.114754098360656
2022-07-05T15:45-07:00,12.340425531914894
2022-07-05T16:00-07:00,14.32432432432433
2022-07-05T16:15-07:00,5.4959785522788165
2022-07-05T16:30-07:00,11.637931034482758
2022-07-05T16:45-07:00,5.059920106524629
2022-07-05T17:00-07:00,8.974358974358974
2022-07-05T17:15-07:00,9.103840682788055
2022-07-05T17:30-07:00,17.391304347826082
2022-07-05T17:45-07:00,9.663865546218487
2022-07-05T18:00-07:00,6.758620689655177
2022-07-05T18:15-07:00,14.598540145985405
2022-07-05T18:30-07:00,8.733624454148472
2022-07-05T18:45-07:00,9.251101321585903
2022-07-05T19:00-07:00,3.9726027397260233
2022-07-05T19:15-07:00,10.213414634146346
2022-07-05T19:30-07:00,12.445095168374822
2022-07-05T19:45-07:00,9.624060150375945
2022-07-05T20:00-07:00,11.747851002865335
2022-07-05T20:15-07:00,14.163090128755364
2022-07-05T20:30-07:00,9.433962264150939
2022-07-05T20:45-07:00,5.529953917050691
2022-07-05T21:00-07:00,13.963963963963964
2022-07-05T21:15-07:00,10.260336906584998
2022-07-05T21:30-07:00,12.499999999999995
2022-07-05T21:45-07:00,3.6827195467422054
2022-07-05T22:00-07:00,11.857142857142852
2022-07-05T22:15-07:00,11.879699248120305
2022-07-05T22:30-07:00,11.516034985422746
2022-07-05T22:45-07:00,12.382445141065837
2022-07-05T23:00-07:00,8.920863309352514
2022-07-05T23:15-07:00,3.6127167630057846
2022-07-05T23:30-07:00,15.283842794759826
2022-07-05T23:45-07:00,16.587677725118482
2022-07-06T00:00-07:00,15.666178623718883
2022-07-06T00:15-07:00,10.909090909090908
2022-07-06T00:30-07:00,8.034433285509321
2022-07-06T00:45-07:00,10.898379970544914
2022-07-06T01:00-07:00,9.090909090909086
2022-07-06T01:15-07:00,14.115898959881124
2022-07-06T01:30-07:00,13.302752293577981
2022-07-06T01:45-07:00,3.3472803347280333
2022-07-06T02:00-07:00,8.558558558558559
2022-07-06T02:15-07:00,19.055118110236226
2022-07-06T02:30-07:00,7.737226277372258
2022-07-06T02:45-07:00,15.96244131455399
2022-07-06T03:00-07:00,6.521739130434782
2022-07-06T03:15-07:00,14.306569343065688
2022-07-06T03:30-07:00,7.012195121951224
2022-07-06T03:45-07:00,11.532846715328471
2022-07-06T04:00-07:00,17.585692995529065
2022-07-06T04:15-07:00,4.090267983074749
2022-07-06T04:30-07:00,15.492957746478874
2022-07-06T04:45-07:00,11.918604651162795
2022-07-06T05:00-07:00,19.271623672230657
2022-07-06T05:15-07:00,8.088235294117652
2022-07-06T05:30-07:00,8.381502890173415
2022-07-06T05:45-07:00,13.142857142857137
2022-07-06T06:00-07:00,10.928143712574856
2022-07-06T06:15-07:00,7.875185735512625
2022-07-06T06:30-07:00,8.75
2022-07-06T06:45-07:00,12.871287128712876
2022-07-06T07:00-07:00,8.211143695014657
2022-07-06T07:15-07:00,11.312217194570136
2022-07-06T07:30-07:00,12.71428571428571
2022-07-06T07:45-07:00,6.896551724137931
2022-07-06T08:00-07:00,7.947976878612722
2022-07-06T08:15-07:00,6.521739130434782
2022-07-06T08:30-07:00,11.452513966480451
2022-07-06T08:45-07:00,9.53678474114442
2022-07-06T09:00-07:00,8.51063829787234
2022-07-06T09:15-07:00,12.027972027972023
2022-07-06T09:30-07:00,8.936170212765957
2022-07-06T09:45-07:00,7.340720221606644
2022-07-06T10:00-07:00,11.587982832618026
2022-07-06T10:15-07:00,8.781869688385264
2022-07-06T10:30-07:00,15.637860082304528
2022-07-06T10:45-07:00,15.178571428571429
2022-07-06T11:00-07:00,15.748031496062993
2022-07-06T11:15-07:00,17.872340425531913
2022-07-06T11:30-07:00,10.88825214899714
2022-07-06T11:45-07:00,6.631299734748006
2022-07-06T12:00-07:00,6.831395348837204
2022-07-06T12:15-07:00,11.36363636363636
2022-07-06T12:30-07:00,15.652173913043478
2022-07-06T12:45-07:00,16.93430656934306
2022-07-06T13:00-07:00,16.763848396501462
2022-07-06T13:15-07:00,8.579881656804739
2022-07-06T13:30-07:00,14.045801526717552
2022-07-06T13:45-07:00,11.304347826086957
2022-07-06T14:00-07:00,6.530612244897959
2022-07-06T14:15-07:00,10.679611650485432
2022-07-06T14:30-07:00,10.601719197707732
2022-07-06T14:45-07:00,17.44868035190615
2022-07-06T15:00-07:00,7.0301291248206645
2022-07-06T15:15-07:00,13.41991341991342
2022-07-06T15:30-07:00,10.610465116279073
2022-07-06T15:45-07:00,13.857142857142861
2022-07-06T16:00-07:00,16.21233859397417
2022-07-06T16:15-07:00,12.283236994219658
2022-07-06T16:30-07:00,13.596491228070175
2022-07-06T16:45-07:00,6.4880112834978885
2022-07-06T17:00-07:00,19.38775510204082
2022-07-06T17:15-07:00,15.352112676056343
2022-07-06T17:30-07:00,7.832167832167827
2022-07-06T17:45-07:00,6.303724928366758
2022-07-06T18:00-07:00,10.0
2022-07-06T18:15-07:00,14.374999999999995
2022-07-06T18:30-07:00,10.909090909090908
2022-07-06T18:45-07:00,17.744360902255643
2022-07-06T19:00-07:00,8.805970149253726
2022-07-06T19:15-07:00,12.05882352941177
2022-07-06T19:30-07:00,7.1736011477761785
2022-07-06T19:45-07:00,7.053941908713693
2022-07-06T20:00-07:00,15.275590551181107
2022-07-06T20:15-07:00,14.992272024729527
2022-07-06T20:30-07:00,18.181818181818183
2022-07-06T20:45-07:00,14.218750000000004
2022-07-06T21:00-07:00,9.863429438543243
2022-07-06T21:15-07:00,7.381615598885789
2022-07-06T21:30-07:00,12.0
2022-07-06T21:45-07:00,14.586466165413539
2022-07-06T22:00-07:00,15.596330275229358
2022-07-06T22:15-07:00,15.451895043731783
2022-07-06T22:30-07:00,5.917159763313614
2022-07-06T22:45-07:00,25.633383010432194
2022-07-06T23:00-07:00,12.5
2022-07-06T23:15-07:00,19.242902208201887
2022-07-06T23:30-07:00,14.071856287425154
2022-07-06T23:45-07:00,10.186513629842176
2022-07-07T00:00-07:00,10.571428571428566
2022-07-07T00:15-07:00,15.246636771300448
2022-07-07T00:30-07:00,21.14467408585056
2022-07-07T00:45-07:00,9.007633587786254
2022-07-07T01:00-07:00,12.556053811659194
2022-07-07T01:15-07:00,2.3323615160349895
2022-07-07T01:30-07:00,9.049079754601221
2022-07-07T01:45-07:00,13.564668769716082
2022-07-07T02:00-07:00,11.627906976744185
2022-07-07T02:15-07:00,16.082802547770694
2022-07-07T02:30-07:00,10.775862068965518
2022-07-07T02:45-07:00,12.91866028708134
2022-07-07T03:00-07:00,13.333333333333334
2022-07-07T03:15-07:00,13.40361445783132
2022-07-07T03:30-07:00,12.068965517241375
2022-07-07T03:45-07:00,7.202216066481999
2022-07-07T04:00-07:00,16.207455429497575
2022-07-07T04:15-07:00,11.332312404287897
2022-07-07T04:30-07:00,15.433070866141728
2022-07-07T04:45-07:00,11.128048780487811
2022-07-07T05:00-07:00,10.574018126888223
2022-07-07T05:15-07:00,4.7128129602356355
2022-07-07T05:30-07:00,17.638036809815954
2022-07-07T05:45-07:00,16.335877862595414
2022-07-07T06:00-07:00,7.3134328358209
2022-07-07T06:15-07:00,12.827988338192425
2022-07-07T06:30-07:00,10.300429184549357
2022-07-07T06:45-07:00,10.502283105022832
2022-07-07T07:00-07:00,5.000000000000005
2022-07-07T07:15-07:00,21.004566210045663
2022-07-07T07:30-07:00,9.19377652050919
2022-07-07T07:45-07:00,10.087719298245615
2022-07-07T08:00-07:00,13.702623906705545
2022-07-07T08:15-07:00,11.158798283261802
2022-07-07T08:30-07:00,12.663755458515285
2022-07-07T08:45-07:00,15.11111111111111
2022-07-07T09:00-07:00,16.033755274261605
2022-07-07T09:15-07:00,11.203319502074688
2022-07-07T09:30-07:00,10.084033613445378
2022-07-07T09:45-07:00,4.484304932735426
2022-07-07T10:00-07:00,15.512465373961223
2022-07-07T10:15-07:00,9.658246656760767
2022-07-07T10:30-07:00,8.46774193548387
2022-07-07T10:45-07:00,11.788617886178862
2022-07-07T11:00-07:00,3.629032258064516
2022-07-07T11:15-07:00,15.261044176706827
2022-07-07T11:30-07:00,7.205882352941181
2022-07-07T11:45-07:00,6.640625
2022-07-07T12:00-07:00,13.559322033898304
2022-07-07T12:15-07:00,12.35370611183356
2022-07-07T12:30-07:00,12.727272727272732
2022-07-07T12:45-07:00,14.17004048582996
2022-07-07T13:00-07:00,2.985074626865676
2022-07-07T13:15-07:00,5.668016194331984
2022-07-07T13:30-07:00,6.914893617021281
2022-07-07T13:45-07:00,12.5
2022-07-07T14:00-07:00,12.531969309462923
2022-07-07T14:15-07:00,9.50413223140496
2022-07-07T14:30-07:00,5.890410958904114
2022-07-07T14:45-07:00,10.878112712975094
2022-07-07T15:00-07:00,4.807692307692304
2022-07-07T15:15-07:00,18.333333333333332
2022-07-07T15:30-07:00,15.517241379310345
2022-07-07T15:45-07:00,8.309859154929573
2022-07-07T16:00-07:00,12.998522895125559
2022-07-07T16:15-07:00,14.592274678111588
2022-07-07T16:30-07:00,12.931034482758621
2022-07-07T16:45-07:00,14.668547249647386
2022-07-07T17:00-07:00,14.388489208633098
2022-07-07T17:15-07:00,11.12737920937043
2022-07-07T17:30-07:00,11.23595505617977
2022-07-07T17:45-07:00,11.562499999999995
2022-07-07T18:00-07:00,9.090909090909092
2022-07-07T18:15-07:00,18.335901386748837
2022-07-07T18:30-07:00,8.264462809917354
2022-07-07T18:45-07:00,17.062314540059354
2022-07-07T19:00-07:00,6.545961002785511
2022-07-07T19:15-07:00,15.981735159817351
2022-07-07T19:30-07:00,11.45374449339207
2022-07-07T19:45-07:00,13.501483679525228
2022-07-07T20:00-07:00,17.937219730941703
2022-07-07T20:15-07:00,8.638360175695457
2022-07-07T20:30-07:00,8.51063829787234
2022-07-07T20:45-07:00,7.713884992987382
2022-07-07T21:00-07:00,20.632530120481924
2022-07-07T21:15-07:00,17.524115755627015
2022-07-07T21:30-07:00,12.061711079943896
2022-07-07T21:45-07:00,21.889055472263866
2022-07-07T22:00-07:00,9.565217391304348
2022-07-07T22:15-07:00,16.787264833574525
2022-07-07T22:30-07:00,14.61649782923299
2022-07-07T22:45-07:00,14.52095808383234
2022-07-07T23:00-07:00,9.447674418604645
2022-07-07T23:15-07:00,13.444108761329302
2022-07-07T23:30-07:00,9.821428571428571
2022-07-07T23:45-07:00,20.364741641337382
2022-07-08T00:00-07:00,13.793103448275856
2022-07-08T00:15-07:00,18.42105263157895
2022-07-08T00:30-07:00,16.918429003021153
2022-07-08T00:45-07:00,7.981927710843368
2022-07-08T01:00-07:00,10.480349344978166
2022-07-08T01:15-07:00,18.45688350983358
2022-07-08T01:30-07:00,11.940298507462682
2022-07-08T01:45-07:00,16.692189892802457
2022-07-08T02:00-07:00,9.295352323838076
2022-07-08T02:15-07:00,9.077598828696921
2022-07-08T02:30-07:00,16.79748822605965
2022-07-08T02:45-07:00,17.8743961352657
2022-07-08T03:00-07:00,15.277777777777779
2022-07-08T03:15-07:00,17.12962962962963
2022-07-08T03:30-07:00,8.872180451127814
2022-07-08T03:45-07:00,17.937219730941703
2022-07-08T04:00-07:00,14.456035767511183
2022-07-08T04:15-07:00,10.85972850678733
2022-07-08T04:30-07:00,11.45374449339207
2022-07-08T04:45-07:00,16.740088105726873
2022-07-08T05:00-07:00,5.882352941176471
2022-07-08T05:15-07:00,14.241486068111449
2022-07-08T05:30-07:00,15.620437956204375
2022-07-08T05:45-07:00,10.971786833855806
2022-07-08T06:00-07:00,8.286516853932579
2022-07-08T06:15-07:00,14.432989690721644
2022-07-08T06:30-07:00,13.92961876832844
2022-07-08T06:45-07:00,11.849710982658964
2022-07-08T07:00-07:00,7.423580786026201
2022-07-08T07:15-07:00,8.83152173913043
2022-07-08T07:30-07:00,13.043478260869565
2022-07-08T07:45-07:00,7.999999999999996
2022-07-08T08:00-07:00,13.452914798206278
2022-07-08T08:15-07:00,12.778603268945018
2022-07-08T08:30-07:00,9.655172413793109
2022-07-08T08:45-07:00,18.676470588235297
2022-07-08T09:00-07:00,11.158798283261802
2022-07-08T09:15-07:00,16.470588235294123
2022-07-08T09:30-07:00,13.76404494382022
2022-07-08T09:45-07:00,6.631299734748006
2022-07-08T10:00-07:00,13.868613138686126
2022-07-08T10:15-07:00,14.74452554744525
2022-07-08T10:30-07:00,17.75312066574202
2022-07-08T10:45-07:00,17.70538243626062
2022-07-08T11:00-07:00,13.592233009708734
2022-07-08T11:15-07:00,5.524861878453043
2022-07-08T11:30-07:00,9.274193548387096
2022-07-08T11:45-07:00,10.52631578947368
2022-07-08T12:00-07:00,11.983471074380166
2022-07-08T12:15-07:00,13.778409090909095
2022-07-08T12:30-07:00,7.462686567164184
2022-07-08T12:45-07:00,11.47776183644189
2022-07-08T13:00-07:00,17.75312066574202
2022-07-08T13:15-07:00,22.17391304347826
2022-07-08T13:30-07:00,6.308724832214761
2022-07-08T13:45-07:00,12.340425531914894
2022-07-08T14:00-07:00,10.377358490566033
2022-07-08T14:15-07:00,12.555391432791733
2022-07-08T14:30-07:00,14.084507042253525
2022-07-08T14:45-07:00,14.008321775312062
2022-07-08T15:00-07:00,15.514809590973197
2022-07-08T15:15-07:00,14.52991452991453
2022-07-08T15:30-07:00,9.724238026124823
2022-07-08T15:45-07:00,8.18307905686546
2022-07-08T16:00-07:00,15.616045845272211
2022-07-08T16:15-07:00,5.292479108635093
2022-07-08T16:30-07:00,8.974358974358974
2022-07-08T16:45-07:00,9.465020576131687
2022-07-08T17:00-07:00,9.370424597364574
2022-07-08T17:15-07:00,14.847161572052402
2022-07-08T17:30-07:00,13.37931034482759
2022-07-08T17:45-07:00,3.644314868804669
2022-07-08T18:00-07:00,13.716814159292035
2022-07-08T18:15-07:00,5.73065902578797
2022-07-08T18:30-07:00,8.203677510608209
2022-07-08T18:45-07:00,9.787234042553191
2022-07-08T19:00-07:00,17.629179331306986
2022-07-08T19:15-07:00,12.272727272727273
2022-07-08T19:30-07:00,16.417910447761187
2022-07-08T19:45-07:00,14.285714285714286
2022-07-08T20:00-07:00,13.670133729569088
2022-07-08T20:15-07:00,3.3576642335766382
2022-07-08T20:30-07:00,8.538350217076696
2022-07-08T20:45-07:00,19.911504424778762
2022-07-08T21:00-07:00,15.981735159817351
2022-07-08T21:15-07:00,12.202852614896983
2022-07-08T21:30-07:00,15.970149253731337
2022-07-08T21:45-07:00,15.315315315315315
2022-07-08T22:00-07:00,10.225563909774431
2022-07-08T22:15-07:00,10.849056603773585
2022-07-08T22:30-07:00,19.81707317073171
2022-07-08T22:45-07:00,9.130434782608695
2022-07-08T23:00-07:00,12.908242612752716
2022-07-08T23:15-07:00,11.237553342816504
2022-07-08T23:30-07:00,11.12737920937043
2022-07-08T23:45-07:00,7.530120481927706
2022-07-09T00:00-07:00,9.509202453987724
2022-07-09T00:15-07:00,17.699115044247787
2022-07-09T00:30-07:00,5.3097345132743365
2022-07-09T00:45-07:00,6.6371681415929205
2022-07-09T01:00-07:00,12.61538461538462
2022-07-09T01:15-07:00,14.883720930232558
2022-07-09T01:30-07:00,11.179173047473206
2022-07-09T01:45-07:00,11.320754716981131
2022-07-09T02:00-07:00,12.554112554112555
2022-07-09T02:15-07:00,17.59259259259259
2022-07-09T02:30-07:00,15.83710407239819
2022-07-09T02:45-07:00,14.68023255813953
2022-07-09T03:00-07:00,17.824773413897287
2022-07-09T03:15-07:00,7.0911722141823486
2022-07-09T03:30-07:00,15.311004784688995
2022-07-09T03:45-07:00,16.216216216216218
2022-07-09T04:00-07:00,13.824884792626728
2022-07-09T04:15-07:00,9.049773755656108
2022-07-09T04:30-07:00,16.475644699140407
2022-07-09T04:45-07:00,12.162162162162161
2022-07-09T05:00-07:00,13.960546282245822
2022-07-09T05:15-07:00,14.1304347826087
2022-07-09T05:30-07:00,8.933717579250715
2022-07-09T05:45-07:00,9.9554234769688
2022-07-09T06:00-07:00,15.942028985507246
2022-07-09T06:15-07:00,14.798206278026905
2022-07-09T06:30-07:00,18.13953488372093
2022-07-09T06:45-07:00,7.2046109510086405
2022-07-09T07:00-07:00,10.355029585798821
2022-07-09T07:15-07:00,10.81081081081081
2022-07-09T07:30-07:00,6.743185078909608
2022-07-09T07:45-07:00,20.221606648199444
2022-07-09T08:00-07:00,9.401709401709402
2022-07-09T08:15-07:00,7.111111111111111
2022-07-09T08:30-07:00,18.94273127753304
2022-07-09T08:45-07:00,11.013215859030836
2022-07-09T09:00-07:00,15.479876160990717
2022-07-09T09:15-07:00,21.5962441314554
2022-07-09T09:30-07:00,2.1739130434782608
2022-07-09T09:45-07:00,13.169984686064314
2022-07-09T10:00-07:00,12.552891396332859
2022-07-09T10:15-07:00,8.653846153846153
2022-07-09T10:30-07:00,10.502283105022832
2022-07-09T10:45-07:00,8.454810495626827
2022-07-09T11:00-07:00,11.415525114155251
2022-07-09T11:15-07:00,15.315315315315315
2022-07-09T11:30-07:00,10.204081632653066
2022-07-09T11:45-07:00,12.711864406779661
2022-07-09T12:00-07:00,14.626865671641786
2022-07-09T12:15-07:00,13.918305597579419
2022-07-09T12:30-07:00,10.194902548725633
2022-07-09T12:45-07:00,10.07194244604317
2022-07-09T13:00-07:00,10.477657935285048
2022-07-09T13:15-07:00,9.940652818991103
2022-07-09T13:30-07:00,15.950920245398768
2022-07-09T13:45-07:00,14.242878560719635
2022-07-09T14:00-07:00,15.813953488372093
2022-07-09T14:15-07:00,12.898330804248868
2022-07-09T14:30-07:00,14.741641337386023
2022-07-09T14:45-07:00,11.790393013100436
2022-07-09T15:00-07:00,15.668202764976959
2022-07-09T15:15-07:00,14.503816793893124
2022-07-09T15:30-07:00,15.959004392386536
2022-07-09T15:45-07:00,10.0
2022-07-09T16:00-07:00,9.212481426448733
2022-07-09T16:15-07:00,15.254237288135593
2022-07-09T16:30-07:00,11.37724550898204
2022-07-09T16:45-07:00,11.790393013100436
2022-07-09T17:00-07:00,9.734513274336283
2022-07-09T17:15-07:00,16.450216450216452
2022-07-09T17:30-07:00,7.256894049346875
2022-07-09T17:45-07:00,12.719298245614034
2022-07-09T18:00-07:00,15.773353751914248
2022-07-09T18:15-07:00,7.680945347119651
2022-07-09T18:30-07:00,16.84698608964452
2022-07-09T18:45-07:00,6.861313868613133
2022-07-09T19:00-07:00,12.338593974175032
2022-07-09T19:15-07:00,14.793741109530577
2022-07-09T19:30-07:00,6.295754026354324
2022-07-09T19:45-07:00,6.722689075630252
2022-07-09T20:00-07:00,5.8309037900874685
2022-07-09T20:15-07:00,16.058394160583937
2022-07-09T20:30-07:00,14.814814814814815
2022-07-09T20:45-07:00,13.684210526315795
2022-07-09T21:00-07:00,16.129032258064512
2022-07-09T21:15-07:00,7.078313253012043
2022-07-09T21:30-07:00,3.6764705882352984
2022-07-09T21:45-07:00,13.980028530670467
2022-07-09T22:00-07:00,11.45510835913312
2022-07-09T22:15-07:00,5.934718100890213
2022-07-09T22:30-07:00,20.56962025316456
2022-07-09T22:45-07:00,13.62275449101797
2022-07-09T23:00-07:00,10.81081081081081
2022-07-09T23:15-07:00,12.5
2022-07-09T23:30-07:00,17.230769230769237
2022-07-09T23:45-07:00,11.879699248120305
2022-07-10T00:00-07:00,19.364599092284415
2022-07-10T00:15-07:00,7.381615598885789
2022-07-10T00:30-07:00,4.444444444444445
2022-07-10T00:45-07:00,9.869375907111753
2022-07-10T01:00-07:00,10.849056603773585
2022-07-10T01:15-07:00,15.28189910979229
2022-07-10T01:30-07:00,10.222222222222221
2022-07-10T01:45-07:00,7.3134328358209
2022-07-10T02:00-07:00,16.540212443095605
2022-07-10T02:15-07:00,14.395099540581935
2022-07-10T02:30-07:00,11.195158850226923
2022-07-10T02:45-07:00,13.37209302325581
2022-07-10T03:00-07:00,13.353566009104709
2022-07-10T03:15-07:00,9.85915492957747
2022-07-10T03:30-07:00,13.4493670886076
2022-07-10T03:45-07:00,6.952662721893486
2022-07-10T04:00-07:00,14.437689969604858
2022-07-10T04:15-07:00,14.836795252225524
2022-07-10T04:30-07:00,10.089020771513349
2022-07-10T04:45-07:00,18.08972503617945
2022-07-10T05:00-07:00,15.558912386706954
2022-07-10T05:15-07:00,14.847161572052402
2022-07-10T05:30-07:00,16.972477064220183
2022-07-10T05:45-07:00,14.61187214611872
2022-07-10T06:00-07:00,12.3367198838897
2022-07-10T06:15-07:00,17.987804878048784
2022-07-10T06:30-07:00,16.267942583732058
2022-07-10T06:45-07:00,11.37724550898204
2022-07-10T07:00-07:00,14.877300613496937
2022-07-10T07:15-07:00,4.709141274238232
2022-07-10T07:30-07:00,5.278174037089876
2022-07-10T07:45-07:00,15.683453237410077
2022-07-10T08:00-07:00,12.788906009244986
2022-07-10T08:15-07:00,6.545961002785511
2022-07-10T08:30-07:00,17.905918057663133
2022-07-10T08:45-07:00,11.864406779661017
2022-07-10T09:00-07:00,12.01157742402315
2022-07-10T09:15-07:00,15.277777777777779
2022-07-10T09:30-07:00,15.959004392386536
2022-07-10T09:45-07:00,17.391304347826093
2022-07-10T10:00-07:00,14.347826086956522
2022-07-10T10:15-07:00,11.669128508124082
2022-07-10T10:30-07:00,16.941529235382305
2022-07-10T10:45-07:00,6.0344827586206895
2022-07-10T11:00-07:00,16.949152542372875
2022-07-10T11:15-07:00,12.835820895522383
2022-07-10T11:30-07:00,19.629057187017004
2022-07-10T11:45-07:00,16.88888888888889
2022-07-10T12:00-07:00,13.274336283185841
2022-07-10T12:15-07:00,16.465256797583088
2022-07-10T12:30-07:00,13.538461538461544
2022-07-10T12:45-07:00,11.73913043478261
2022-07-10T13:00-07:00,10.879284649776459
2022-07-10T13:15-07:00,14.06491499227203
2022-07-10T13:30-07:00,15.348837209302326
2022-07-10T13:45-07:00,9.642301710730944
2022-07-10T14:00-07:00,16.6421207658321
2022-07-10T14:15-07:00,12.557427258805518
2022-07-10T14:30-07:00,17.12962962962963
2022-07-10T14:45-07:00,17.310664605873267
2022-07-10T15:00-07:00,11.737804878048776
2022-07-10T15:15-07:00,18.75
2022-07-10T15:30-07:00,16.261398176291788
2022-07-10T15:45-07:00,15.750371471025264
2022-07-10T16:00-07:00,10.252808988764048
2022-07-10T16:15-07:00,12.79069767441861
2022-07-10T16:30-07:00,11.442006269592483
2022-07-10T16:45-07:00,18.83408071748879
2022-07-10T17:00-07:00,10.031347962382451
2022-07-10T17:15-07:00,17.987804878048784
2022-07-10T17:30-07:00,14.09691629955947
2022-07-10T17:45-07:00,18.876755070202815
2022-07-10T18:00-07:00,10.95700416088766
2022-07-10T18:15-07:00,12.037037037037036
2022-07-10T18:30-07:00,8.689248895434458
2022-07-10T18:45-07:00,14.327917282127036
2022-07-10T19:00-07:00,16.540212443095605
2022-07-10T19:15-07:00,11.230769230769235
2022-07-10T19:30-07:00,16.23277182235835
2022-07-10T19:45-07:00,7.522123893805309
2022-07-10T20:00-07:00,13.636363636363637
2022-07-10T20:15-07:00,10.294117647058828
2022-07-10T20:30-07:00,5.9854014598540095
2022-07-10T20:45-07:00,10.185185185185185
2022-07-10T21:00-07:00,9.130434782608695
2022-07-10T21:15-07:00,12.61538461538462
2022-07-10T21:30-07:00,16.143497757847534
2022-07-10T21:45-07:00,13.284671532846719
2022-07-10T22:00-07:00,4.892086330935257
2022-07-10T22:15-07:00,19.374068554396427
2022-07-10T22:30-07:00,15.981735159817351
2022-07-10T22:45-07:00,12.576687116564422
2022-07-10T23:00-07:00,9.049773755656108
2022-07-10T23:15-07:00,14.85451761102604
2022-07-10T23:30-07:00,7.613469985358717
2022-07-10T23:45-07:00,12.785388127853881
2022-07-11T00:00-07:00,16.07396870554765
2022-07-11T00:15-07:00,9.915014164305953
2022-07-11T00:30-07:00,12.10762331838565
2022-07-11T00:45-07:00,4.444444444444445
2022-07-11T01:00-07:00,9.840810419681615
2022-07-11T01:15-07:00,17.084639498432608
2022-07-11T01:30-07:00,13.567073170731703
2022-07-11T01:45-07:00,13.746223564954688
2022-07-11T02:00-07:00,14.220877458396373
2022-07-11T02:15-07:00,6.567164179104473
2022-07-11T02:30-07:00,12.916666666666666
2022-07-11T02:45-07:00,12.206572769953052
2022-07-11T03:00-07:00,13.841368584758937
2022-07-11T03:15-07:00,9.927007299270068
2022-07-11T03:30-07:00,9.077598828696921
2022-07-11T03:45-07:00,17.352941176470594
2022-07-11T04:00-07:00,14.084507042253522
2022-07-11T04:15-07:00,18.385650224215247
2022-07-11T04:30-07:00,15.28189910979229
2022-07-11T04:45-07:00,8.092485549132943
2022-07-11T05:00-07:00,9.969325153374228
2022-07-11T05:15-07:00,13.40361445783132
2022-07-11T05:30-07:00,10.714285714285714
2022-07-11T05:45-07:00,14.992272024729527
2022-07-11T06:00-07:00,11.061946902654867
2022-07-11T06:15-07:00,16.995447647951448
2022-07-11T06:30-07:00,21.43950995405819
2022-07-11T06:45-07:00,18.491124260355026
2022-07-11T07:00-07:00,17.165354330708666
2022-07-11T07:15-07:00,13.808139534883717
2022-07-11T07:30-07:00,14.921090387374457
2022-07-11T07:45-07:00,10.47904191616767
2022-07-11T08:00-07:00,9.333333333333334
2022-07-11T08:15-07:00,9.943181818181824
2022-07-11T08:30-07:00,8.000000000000005
2022-07-11T08:45-07:00,9.049079754601221
2022-07-11T09:00-07:00,14.537444933920705
2022-07-11T09:15-07:00,9.787234042553191
2022-07-11T09:30-07:00,12.073863636363642
2022-07-11T09:45-07:00,10.66282420749279
2022-07-11T10:00-07:00,4.615384615384615
2022-07-11T10:15-07:00,11.715481171548117
2022-07-11T10:30-07:00,9.943181818181824
2022-07-11T10:45-07:00,8.222811671087529
2022-07-11T11:00-07:00,15.811965811965813
2022-07-11T11:15-07:00,4.545454545454546
2022-07-11T11:30-07:00,12.033195020746888
2022-07-11T11:45-07:00,8.06045340050377
2022-07-11T12:00-07:00,6.870229007633588
2022-07-11T12:15-07:00,4.417670682730924
2022-07-11T12:30-07:00,7.722007722007722
2022-07-11T12:45-07:00,11.627906976744185
2022-07-11T13:00-07:00,0.4932182490752088
2022-07-11T13:15-07:00,11.927877947295418
2022-07-11T13:30-07:00,14.902506963788296
2022-07-11T13:45-07:00,11.559888579387183
2022-07-11T14:00-07:00,7.368421052631574
2022-07-11T14:15-07:00,13.914174252275693
2022-07-11T14:30-07:00,15.353260869565213
2022-07-11T14:45-07:00,13.96648044692738
2022-07-11T15:00-07:00,6.385869565217387
2022-07-11T15:15-07:00,16.89944134078213
2022-07-11T15:30-07:00,10.52631578947368
2022-07-11T15:45-07:00,11.461318051575928
2022-07-11T16:00-07:00,2.6518391787852815
2022-07-11T16:15-07:00,8.661417322834646
2022-07-11T16:30-07:00,10.641399416909627
2022-07-11T16:45-07:00,7.7562326869806055
2022-07-11T17:00-07:00,7.05725699067909
2022-07-11T17:15-07:00,9.95792426367461
2022-07-11T17:30-07:00,3.0249110320284647
2022-07-11T17:45-07:00,12.01157742402315
2022-07-11T18:00-07:00,7.427055702917768
2022-07-11T18:15-07:00,1.7639077340569917
2022-07-11T18:30-07:00,6.302521008403361
2022-07-11T18:45-07:00,11.756373937677049
2022-07-11T19:00-07:00,6.550218340611353
2022-07-11T19:15-07:00,5.217391304347826
2022-07-11T19:30-07:00,5.803571428571429
2022-07-11T19:45-07:00,8.15450643776824
2022-07-11T20:00-07:00,3.571428571428575
2022-07-11T20:15-07:00,7.142857142857143
2022-07-11T20:30-07:00,11.061946902654867
2022-07-11T20:45-07:00,4.034582132564846
2022-07-11T21:00-07:00,4.1606886657101825
2022-07-11T21:15-07:00,5.490549054905486
2022-07-11T21:30-07:00,7.60401721664275
2022-07-11T21:45-07:00,9.756097560975604
2022-07-11T22:00-07:00,6.866952789699571
2022-07-11T22:15-07:00,7.779349363507784
2022-07-11T22:30-07:00,3.5242290748898677
2022-07-11T22:45-07:00,6.818181818181818
2022-07-11T23:00-07:00,3.6984352773826417
2022-07-11T23:15-07:00,8.0
2022-07-11T23:30-07:00,6.410256410256411
2022-07-11T23:45-07:00,7.670043415340082
2022-07-12T00:00-07:00,1.2345679012345678
2022-07-12T00:15-07:00,5.848787446504988
2022-07-12T00:30-07:00,12.46200607902736
2022-07-12T00:45-07:00,9.051094890510944
2022-07-12T01:00-07:00,6.231003039513673
2022-07-12T01:15-07:00,6.534090909090914
2022-07-12T01:30-07:00,4.564315352697095
2022-07-12T01:45-07:00,6.182380216383312
2022-07-12T02:00-07:00,6.134094151212558
2022-07-12T02:15-07:00,8.925869894099844
2022-07-12T02:30-07:00,4.237288135593221
2022-07-12T02:45-07:00,10.156249999999995
2022-07-12T03:00-07:00,10.549132947976883
2022-07-12T03:15-07:00,4.845814977973569
2022-07-12T03:30-07:00,6.090651558073659
2022-07-12T03:45-07:00,2.797202797202793
2022-07-12T04:00-07:00,6.7398119122257105
2022-07-12T04:15-07:00,9.433962264150939
2022-07-12T04:30-07:00,2.857142857142857
2022-07-12T04:45-07:00,3.1506849315068455
2022-07-12T05:00-07:00,4.518950437317789
2022-07-12T05:15-07:00,8.39580209895052
2022-07-12T05:30-07:00,5.931034482758625
2022-07-12T05:45-07:00,3.3527696793002875
2022-07-12T06:00-07:00,4.204993429697762
2022-07-12T06:15-07:00,4.107142857142852
2022-07-12T06:30-07:00,6.586826347305385
2022-07-12T06:45-07:00,5.563282336578586
2022-07-12T07:00-07:00,0.8583690987124464
2022-07-12T07:15-07:00,3.302509907529726
2022-07-12T07:30-07:00,10.755813953488367
2022-07-12T07:45-07:00,10.274963820549923
2022-07-12T08:00-07:00,2.3255813953488413
2022-07-12T08:15-07:00,4.79274611398963
2022-07-12T08:30-07:00,9.054054054054058
2022-07-12T08:45-07:00,6.340057636887603
2022-07-12T09:00-07:00,5.047748976807644
2022-07-12T09:15-07:00,11.277173913043473
2022-07-12T09:30-07:00,4.5986622073578545
2022-07-12T09:45-07:00,3.3333333333333335
2022-07-12T10:00-07:00,4.359673024523157
2022-07-12T10:15-07:00,10.970464135021096
2022-07-12T10:30-07:00,3.485254691689004
2022-07-12T10:45-07:00,1.3351134846461987
2022-07-12T11:00-07:00,7.050359712230221
2022-07-12T11:15-07:00,6.308724832214761
2022-07-12T11:30-07:00,2.1534320323014846
2022-07-12T11:45-07:00,8.75
2022-07-12T12:00-07:00,5.548037889039238
2022-07-12T12:15-07:00,5.699481865284974
2022-07-12T12:30-07:00,3.1372549019607843
2022-07-12T12:45-07:00,5.555555555555555
2022-07-12T13:00-07:00,4.983108108108112
2022-07-12T13:15-07:00,5.686546463245488
2022-07-12T13:30-07:00,4.062909567496727
2022-07-12T13:45-07:00,13.654618473895582
2022-07-12T14:00-07:00,8.74831763122476
2022-07-12T14:15-07:00,9.495548961424337
2022-07-12T14:30-07:00,8.83152173913043
2022-07-12T14:45-07:00,5.882352941176471
2022-07-12T15:00-07:00,4.908835904628327
2022-07-12T15:15-07:00,5.644481887110357
2022-07-12T15:30-07:00,7.172995780590718
2022-07-12T15:45-07:00,9.239130434782604
2022-07-12T16:00-07:00,11.82197496522949
2022-07-12T16:15-07:00,7.6592082616179065
2022-07-12T16:30-07:00,6.942590120160218
2022-07-12T16:45-07:00,6.198347107438017
2022-07-12T17:00-07:00,12.195121951219512
2022-07-12T17:15-07:00,5.427408412483044
2022-07-12T17:30-07:00,1.7426273458445078
2022-07-12T17:45-07:00,11.655629139072852
2022-07-12T18:00-07:00,2.1709633649932196
2022-07-12T18:15-07:00,1.1034482758620652
2022-07-12T18:30-07:00,7.152682255845947
2022-07-12T18:45-07:00,6.837606837606837
2022-07-12T19:00-07:00,6.808510638297872
2022-07-12T19:15-07:00,7.012622720897611
2022-07-12T19:30-07:00,12.8935532233883
2022-07-12T19:45-07:00,9.053497942386832
2022-07-12T20:00-07:00,0.337837837837833
2022-07-12T20:15-07:00,4.033379694019468
2022-07-12T20:30-07:00,6.983655274888553
2022-07-12T20:45-07:00,6.434316353887399
2022-07-12T21:00-07:00,6.019151846785221
2022-07-12T21:15-07:00,14.771048744460861
2022-07-12T21:30-07:00,3.230337078651681
2022-07-12T21:45-07:00,4.5822102425876015
2022-07-12T22:00-07:00,16.47230320699708
2022-07-12T22:15-07:00,7.657657657657658
2022-07-12T22:30-07:00,10.502283105022832
2022-07-12T22:45-07:00,1.517241379310341
2022-07-12T23:00-07:00,3.4770514603616176
2022-07-12T23:15-07:00,13.837375178316696
2022-07-12T23:30-07:00,7.886435331230278
2022-07-12T23:45-07:00,12.280701754385966
2022-07-13T00:00-07:00,11.016949152542374
2022-07-13T00:15-07:00,6.824512534818946
2022-07-13T00:30-07:00,4.3478260869565215
2022-07-13T00:45-07:00,15.552325581395344
2022-07-13T01:00-07:00,7.8873239436619675
2022-07-13T01:15-07:00,8.538350217076696
2022-07-13T01:30-07:00,3.896103896103896
2022-07-13T01:45-07:00,12.663755458515285
2022-07-13T02:00-07:00,7.2727272727272725
2022-07-13T02:15-07:00,8.26086956521739
2022-07-13T02:30-07:00,14.078374455732952
2022-07-13T02:45-07:00,3.8461538461538463
2022-07-13T03:00-07:00,12.022630834512027
2022-07-13T03:15-07:00,1.4450867052023164
2022-07-13T03:30-07:00,12.444444444444445
2022-07-13T03:45-07:00,5.158730158730159
2022-07-13T04:00-07:00,2.949061662198395
2022-07-13T04:15-07:00,16.71597633136094
2022-07-13T04:30-07:00,7.067669172932327
2022-07-13T04:45-07:00,10.572687224669604
2022-07-13T05:00-07:00,2.857142857142857
2022-07-13T05:15-07:00,3.96753832281335
2022-07-13T05:30-07:00,7.863501483679521
2022-07-13T05:45-07:00,7.4130105900151335
2022-07-13T06:00-07:00,12.10762331838565
2022-07-13T06:15-07:00,0.26109660574412535
2022-07-13T06:30-07:00,12.205882352941172
2022-07-13T06:45-07:00,5.563689604685208
2022-07-13T07:00-07:00,13.049853372434013
2022-07-13T07:15-07:00,4.20624151967436
2022-07-13T07:30-07:00,11.11111111111111
2022-07-13T07:45-07:00,14.52991452991453
2022-07-13T08:00-07:00,5.128205128205129
2022-07-13T08:15-07:00,8.51063829787234
2022-07-13T08:30-07:00,8.379120879120883
2022-07-13T08:45-07:00,2.5595763459841177
2022-07-13T09:00-07:00,5.914718019257226
2022-07-13T09:15-07:00,4.903225806451621
2022-07-13T09:30-07:00,5.20547945205479
2022-07-13T09:45-07:00,4.68521229868228
2022-07-13T10:00-07:00,10.860366713681236
2022-07-13T10:15-07:00,6.491712707182316
2022-07-13T10:30-07:00,10.991957104557645
2022-07-13T10:45-07:00,7.818930041152264
2022-07-13T11:00-07:00,13.002680965147459
2022-07-13T11:15-07:00,5.484693877551013
2022-07-13T11:30-07:00,2.97366185216653
2022-07-13T11:45-07:00,4.8882681564245765
2022-07-13T12:00-07:00,8.735332464146028
2022-07-13T12:15-07:00,7.818930041152264
2022-07-13T12:30-07:00,4.4386422976501345
2022-07-13T12:45-07:00,9.631728045325774
2022-07-13T13:00-07:00,1.529902642559106
2022-07-13T13:15-07:00,5.393586005830909
2022-07-13T13:30-07:00,8.481532147742813
2022-07-13T13:45-07:00,3.046357615894036
2022-07-13T14:00-07:00,4.136947218259626
2022-07-13T14:15-07:00,7.969151670951166
2022-07-13T14:30-07:00,11.82197496522949
2022-07-13T14:45-07:00,6.628242074927958
2022-07-13T15:00-07:00,13.467048710601725
2022-07-13T15:15-07:00,7.152682255845947
2022-07-13T15:30-07:00,8.333333333333334
2022-07-13T15:45-07:00,4.654255319148932
2022-07-13T16:00-07:00,5.9071729957805905
2022-07-13T16:15-07:00,9.30232558139535
2022-07-13T16:30-07:00,2.048655569782323
2022-07-13T16:45-07:00,6.102635228848817
2022-07-13T17:00-07:00,6.793478260869561
2022-07-13T17:15-07:00,3.453038674033153
2022-07-13T17:30-07:00,5.1771117166212495
2022-07-13T17:45-07:00,11.780821917808215
2022-07-13T18:00-07:00,8.17518248175182
2022-07-13T18:15-07:00,3.4574468085106345
2022-07-13T18:30-07:00,6.077348066298338
2022-07-13T18:45-07:00,5.110497237569065
2022-07-13T19:00-07:00,6.0650887573964445
2022-07-13T19:15-07:00,4.196816208393628
2022-07-13T19:30-07:00,9.53678474114442
2022-07-13T19:45-07:00,10.735294117647063
2022-07-13T20:00-07:00,5.555555555555555
2022-07-13T20:15-07:00,7.412587412587408
2022-07-13T20:30-07:00,9.154929577464785
2022-07-13T20:45-07:00,10.307692307692314
2022-07-13T21:00-07:00,5.907780979827084
2022-07-13T21:15-07:00,11.12737920937043
2022-07-13T21:30-07:00,1.89959294436906
2022-07-13T21:45-07:00,8.344733242134067
2022-07-13T22:00-07:00,12.10762331838565
2022-07-13T22:15-07:00,2.3323615160349895
2022-07-13T22:30-07:00,12.34939759036145
2022-07-13T22:45-07:00,4.641350210970464
2022-07-13T23:00-07:00,8.933717579250715
2022-07-13T23:15-07:00,7.528409090909086
2022-07-13T23:30-07:00,8.695652173913043
2022-07-13T23:45-07:00,12.884333821376286
2022-07-14T00:00-07:00,4.778156996587035
2022-07-14T00:15-07:00,11.504424778761061
2022-07-14T00:30-07:00,8.853410740203199
2022-07-14T00:45-07:00,10.274963820549923
2022-07-14T01:00-07:00,5.15097690941385
2022-07-14T01:15-07:00,2.228412256267413
2022-07-14T01:30-07:00,5.9539918809201575
2022-07-14T01:45-07:00,9.142857142857148
2022-07-14T02:00-07:00,13.953488372093023
2022-07-14T02:15-07:00,14.949201741654576
2022-07-14T02:30-07:00,8.739255014326652
2022-07-14T02:45-07:00,3.2258064516129075
2022-07-14T03:00-07:00,5.555555555555555
2022-07-14T03:15-07:00,1.293103448275862
2022-07-14T03:30-07:00,1.9471488178024996
2022-07-14T03:45-07:00,5.128205128205129
2022-07-14T04:00-07:00,8.860759493670885
2022-07-14T04:15-07:00,10.029940119760484
2022-07-14T04:30-07:00,5.631067961165043
2022-07-14T04:45-07:00,8.356164383561648
2022-07-14T05:00-07:00,6.224627875507447
2022-07-14T05:15-07:00,10.935251798561156
2022-07-14T05:30-07:00,8.233532934131741
2022-07-14T05:45-07:00,10.056657223796028
2022-07-14T06:00-07:00,9.282700421940929
2022-07-14T06:15-07:00,3.7815126050420167
2022-07-14T06:30-07:00,7.321594068582014
2022-07-14T06:45-07:00,2.6206896551724177
2022-07-14T07:00-07:00,7.299270072992695
2022-07-14T07:15-07:00,5.593451568894948
2022-07-14T07:30-07:00,2.75103163686382
2022-07-14T07:45-07:00,3.389830508474576
2022-07-14T08:00-07:00,7.916666666666667
2022-07-14T08:15-07:00,6.034482758620684
2022-07-14T08:30-07:00,3.1372549019607843
2022-07-14T08:45-07:00,2.1192052980132488
2022-07-14T09:00-07:00,7.320441988950272
2022-07-14T09:15-07:00,3.877005347593579
2022-07-14T09:30-07:00,6.550218340611353
2022-07-14T09:45-07:00,6.208718626155874
2022-07-14T10:00-07:00,11.188811188811185
2022-07-14T10:15-07:00,8.729139922978185
2022-07-14T10:30-07:00,6.940509915014169
2022-07-14T10:45-07:00,3.952569169960474
2022-07-14T11:00-07:00,4.4534412955465585
2022-07-14T11:15-07:00,9.734513274336283
2022-07-14T11:30-07:00,11.25
2022-07-14T11:45-07:00,6.1469265367316295
2022-07-14T12:00-07:00,12.863070539419088
2022-07-14T12:15-07:00,11.806543385490748
2022-07-14T12:30-07:00,2.9139072847682157
2022-07-14T12:45-07:00,11.684782608695647
2022-07-14T13:00-07:00,6.340057636887603
2022-07-14T13:15-07:00,10.296191819464038
2022-07-14T13:30-07:00,15.13513513513514
2022-07-14T13:45-07:00,14.325452016689852
2022-07-14T14:00-07:00,9.130434782608695
2022-07-14T14:15-07:00,6.596701649175407
2022-07-14T14:30-07:00,17.82608695652174
2022-07-14T14:45-07:00,12.162162162162161
2022-07-14T15:00-07:00,16.155988857938713
2022-07-14T15:15-07:00,9.54356846473029
2022-07-14T15:30-07:00,13.617021276595745
2022-07-14T15:45-07:00,7.826086956521739
2022-07-14T16:00-07:00,10.629370629370634
2022-07-14T16:15-07:00,14.125874125874121
2022-07-14T16:30-07:00,5.594405594405599
2022-07-14T16:45-07:00,8.970588235294123
2022-07-14T17:00-07:00,12.499999999999995
2022-07-14T17:15-07:00,12.554112554112555
2022-07-14T17:30-07:00,13.122171945701357
2022-07-14T17:45-07:00,8.739255014326652
2022-07-14T18:00-07:00,9.71428571428571
2022-07-14T18:15-07:00,12.16617210682493
2022-07-14T18:30-07:00,18.397626112759646
2022-07-14T18:45-07:00,8.849557522123893
2022-07-14T19:00-07:00,20.845070422535215
2022-07-14T19:15-07:00,9.281437125748498
2022-07-14T19:30-07:00,10.40372670807454
2022-07-14T19:45-07:00,15.657311669128514
2022-07-14T20:00-07:00,8.104196816208388
2022-07-14T20:15-07:00,16.39610389610389
2022-07-14T20:30-07:00,17.5226586102719
2022-07-14T20:45-07:00,12.67605633802817
2022-07-14T21:00-07:00,13.029827315541596
2022-07-14T21:15-07:00,9.01162790697674
2022-07-14T21:30-07:00,5.3097345132743365
2022-07-14T21:45-07:00,5.211267605633807
2022-07-14T22:00-07:00,15.673981191222577
2022-07-14T22:15-07:00,16.0
2022-07-14T22:30-07:00,13.416536661466454
2022-07-14T22:45-07:00,12.82467532467533
2022-07-14T23:00-07:00,9.411764705882359
2022-07-14T23:15-07:00,11.047345767575317
2022-07-14T23:30-07:00,15.939849624060155
2022-07-14T23:45-07:00,16.15853658536586
2022-07-15T00:00-07:00,16.431924882629108
2022-07-15T00:15-07:00,4.142011834319531
2022-07-15T00:30-07:00,7.636887608069159
2022-07-15T00:45-07:00,9.791332263242381
2022-07-15T01:00-07:00,15.0
2022-07-15T01:15-07:00,11.160714285714286
2022-07-15T01:30-07:00,11.596385542168669
2022-07-15T01:45-07:00,8.972503617945002
2022-07-15T02:00-07:00,9.846153846153852
2022-07-15T02:15-07:00,13.513513513513514
2022-07-15T02:30-07:00,10.000000000000005
2022-07-15T02:45-07:00,15.241057542768267
2022-07-15T03:00-07:00,5.832147937411091
2022-07-15T03:15-07:00,6.550218340611353
2022-07-15T03:30-07:00,7.184750733137834
2022-07-15T03:45-07:00,16.465256797583088
2022-07-15T04:00-07:00,13.165680473372776
2022-07-15T04:15-07:00,7.647058823529417
2022-07-15T04:30-07:00,8.51063829787234
2022-07-15T04:45-07:00,10.91205211726385
2022-07-15T05:00-07:00,17.599999999999994
2022-07-15T05:15-07:00,16.14906832298136
2022-07-15T05:30-07:00,21.384615384615387
2022-07-15T05:45-07:00,8.333333333333334
2022-07-15T06:00-07:00,9.863429438543243
2022-07-15T06:15-07:00,16.818181818181817
2022-07-15T06:30-07:00,9.345794392523365
2022-07-15T06:45-07:00,16.765578635014833
2022-07-15T07:00-07:00,8.895265423242463
2022-07-15T07:15-07:00,13.650306748466253
2022-07-15T07:30-07:00,6.069802731411234
2022-07-15T07:45-07:00,15.981735159817351
2022-07-15T08:00-07:00,14.442700156985866
2022-07-15T08:15-07:00,15.846153846153852
2022-07-15T08:30-07:00,5.955678670360116
2022-07-15T08:45-07:00,11.009174311926605
2022-07-15T09:00-07:00,6.734992679355789
2022-07-15T09:15-07:00,10.169491525423728
2022-07-15T09:30-07:00,10.699588477366255
2022-07-15T09:45-07:00,11.607142857142858
2022-07-15T10:00-07:00,4.353932584269667
2022-07-15T10:15-07:00,10.608020698576963
2022-07-15T10:30-07:00,17.467248908296945
2022-07-15T10:45-07:00,13.808139534883717
2022-07-15T11:00-07:00,6.993006993006988
2022-07-15T11:15-07:00,22.971114167812928
2022-07-15T11:30-07:00,9.163346613545817
2022-07-15T11:45-07:00,9.251101321585903
2022-07-15T12:00-07:00,5.633802816901413
2022-07-15T12:15-07:00,14.225941422594142
2022-07-15T12:30-07:00,7.786885245901639
2022-07-15T12:45-07:00,11.26961483594865
2022-07-15T13:00-07:00,19.202363367799116
2022-07-15T13:15-07:00,12.668463611859842
2022-07-15T13:30-07:00,12.101063829787238
2022-07-15T13:45-07:00,11.79624664879357
2022-07-15T14:00-07:00,13.88888888888889
2022-07-15T14:15-07:00,8.000000000000005
2022-07-15T14:30-07:00,13.278008298755188
2022-07-15T14:45-07:00,8.016304347826082
2022-07-15T15:00-07:00,15.171503957783646
2022-07-15T15:15-07:00,12.483039348710987
2022-07-15T15:30-07:00,17.083333333333332
2022-07-15T15:45-07:00,11.217510259917926
2022-07-15T16:00-07:00,12.760055478502075
2022-07-15T16:15-07:00,17.655571635311137
2022-07-15T16:30-07:00,14.560439560439566
2022-07-15T16:45-07:00,13.434903047091417
2022-07-15T17:00-07:00,10.238429172510523
2022-07-15T17:15-07:00,11.826347305389227
2022-07-15T17:30-07:00,18.758620689655174
2022-07-15T17:45-07:00,10.769230769230775
2022-07-15T18:00-07:00,8.022922636103148
2022-07-15T18:15-07:00,15.14242878560719
2022-07-15T18:30-07:00,10.898379970544914
2022-07-15T18:45-07:00,1.3623978201634916
2022-07-15T19:00-07:00,9.631728045325774
2022-07-15T19:15-07:00,10.185185185185185
2022-07-15T19:30-07:00,9.325681492109034
2022-07-15T19:45-07:00,8.968609865470851
2022-07-15T20:00-07:00,10.869565217391305
2022-07-15T20:15-07:00,15.558912386706954
2022-07-15T20:30-07:00,8.689248895434458
2022-07-15T20:45-07:00,3.708987161198284
2022-07-15T21:00-07:00,5.563689604685208
2022-07-15T21:15-07:00,12.557427258805518
2022-07-15T21:30-07:00,13.819875776397511
2022-07-15T21:45-07:00,15.068493150684931
2022-07-15T22:00-07:00,14.354066985645932
2022-07-15T22:15-07:00,14.06491499227203
2022-07-15T22:30-07:00,8.8145896656535
2022-07-15T22:45-07:00,13.722627737226281
2022-07-15T23:00-07:00,20.18348623853211
2022-07-15T23:15-07:00,13.658536585365853
2022-07-15T23:30-07:00,16.491754122938524
2022-07-15T23:45-07:00,17.43264659270998
2022-07-16T00:00-07:00,5.3824362606232246
2022-07-16T00:15-07:00,12.389380530973451
2022-07-16T00:30-07:00,8.753709198813052
2022-07-16T00:45-07:00,16.818181818181817
2022-07-16T01:00-07:00,11.764705882352937
2022-07-16T01:15-07:00,20.574162679425836
2022-07-16T01:30-07:00,12.88888888888889
2022-07-16T01:45-07:00,9.012875536480687
2022-07-16T02:00-07:00,18.025078369905962
2022-07-16T02:15-07:00,14.923076923076929
2022-07-16T02:30-07:00,13.353566009104709
2022-07-16T02:45-07:00,9.45945945945946
2022-07-16T03:00-07:00,7.680945347119651
2022-07-16T03:15-07:00,10.90047393364929
2022-07-16T03:30-07:00,12.998522895125559
2022-07-16T03:45-07:00,13.66459627329193
2022-07-16T04:00-07:00,16.228070175438596
2022-07-16T04:15-07:00,3.880597014925369
2022-07-16T04:30-07:00,8.124076809453475
2022-07-16T04:45-07:00,17.10730948678071
2022-07-16T05:00-07:00,14.009661835748792
2022-07-16T05:15-07:00,17.061611374407583
2022-07-16T05:30-07:00,13.824884792626728
2022-07-16T05:45-07:00,6.743185078909608
2022-07-16T06:00-07:00,13.716814159292035
2022-07-16T06:15-07:00,17.50358680057388
2022-07-16T06:30-07:00,14.761904761904763
2022-07-16T06:45-07:00,13.207547169811326
2022-07-16T07:00-07:00,2.7649769585253456
2022-07-16T07:15-07:00,4.25531914893617
2022-07-16T07:30-07:00,6.422018348623853
2022-07-16T07:45-07:00,12.01157742402315
2022-07-16T08:00-07:00,9.365994236311234
2022-07-16T08:15-07:00,12.22707423580786
2022-07-16T08:30-07:00,9.5307917888563
2022-07-16T08:45-07:00,9.90990990990991
2022-07-16T09:00-07:00,14.329268292682933
2022-07-16T09:15-07:00,15.88785046728972
2022-07-16T09:30-07:00,18.97356143079315
2022-07-16T09:45-07:00,17.905918057663133
2022-07-16T10:00-07:00,12.386706948640489
2022-07-16T10:15-07:00,13.684210526315795
2022-07-16T10:30-07:00,12.55813953488372
2022-07-16T10:45-07:00,2.7149321266968327
2022-07-16T11:00-07:00,17.638483965014583
2022-07-16T11:15-07:00,14.622641509433961
2022-07-16T11:30-07:00,12.112676056338024
2022-07-16T11:45-07:00,17.637795275590555
2022-07-16T12:00-07:00,13.89312977099237
2022-07-16T12:15-07:00,15.32625189681335
2022-07-16T12:30-07:00,11.37724550898204
2022-07-16T12:45-07:00,9.00900900900901
2022-07-16T13:00-07:00,11.798561151079141
2022-07-16T13:15-07:00,8.853410740203199
2022-07-16T13:30-07:00,13.425925925925926
2022-07-16T13:45-07:00,13.871951219512201
2022-07-16T14:00-07:00,13.004484304932735
2022-07-16T14:15-07:00,11.195158850226923
2022-07-16T14:30-07:00,13.650306748466253
2022-07-16T14:45-07:00,14.883720930232558
2022-07-16T15:00-07:00,8.1277213352685
2022-07-16T15:15-07:00,16.871165644171775
2022-07-16T15:30-07:00,15.486725663716815
2022-07-16T15:45-07:00,7.407407407407407
2022-07-16T16:00-07:00,8.806818181818178
2022-07-16T16:15-07:00,18.07044410413477
2022-07-16T16:30-07:00,8.801213960546287
2022-07-16T16:45-07:00,15.062111801242242
2022-07-16T17:00-07:00,14.570552147239258
2022-07-16T17:15-07:00,15.727002967359056
2022-07-16T17:30-07:00,11.616954474097327
2022-07-16T17:45-07:00,7.488986784140969
2022-07-16T18:00-07:00,18.816388467374814
2022-07-16T18:15-07:00,14.736842105263154
2022-07-16T18:30-07:00,10.407239819004525
2022-07-16T18:45-07:00,14.306569343065688
2022-07-16T19:00-07:00,9.745127436281853
2022-07-16T19:15-07:00,11.981566820276498
2022-07-16T19:30-07:00,16.143497757847534
2022-07-16T19:45-07:00,7.8341013824884795
2022-07-16T20:00-07:00,6.10795454545455
2022-07-16T20:15-07:00,11.550151975683894
2022-07-16T20:30-07:00,13.190184049079749
2022-07-16T20:45-07:00,13.62940275650842
2022-07-16T21:00-07:00,13.233082706766922
2022-07-16T21:15-07:00,14.088820826952523
2022-07-16T21:30-07:00,11.872146118721462
2022-07-16T21:45-07:00,9.911242603550301
2022-07-16T22:00-07:00,12.857142857142858
2022-07-16T22:15-07:00,13.181818181818182
2022-07-16T22:30-07:00,15.2037617554859
2022-07-16T22:45-07:00,16.587677725118482
2022-07-16T23:00-07:00,12.857142857142858
2022-07-16T23:15-07:00,10.029940119760484
2022-07-16T23:30-07:00,10.232558139534884
2022-07-16T23:45-07:00,14.786585365853664
2022-07-17T00:00-07:00,12.162162162162161
2022-07-17T00:15-07:00,13.935681470137832
2022-07-17T00:30-07:00,13.609467455621296
2022-07-17T00:45-07:00,3.7900874635568473
2022-07-17T01:00-07:00,9.090909090909092
2022-07-17T01:15-07:00,10.769230769230775
2022-07-17T01:30-07:00,11.0236220472441
2022-07-17T01:45-07:00,11.713030746705705
2022-07-17T02:00-07:00,17.061611374407583
2022-07-17T02:15-07:00,9.132420091324201
2022-07-17T02:30-07:00,8.998548621190126
2022-07-17T02:45-07:00,13.215859030837004
2022-07-17T03:00-07:00,13.017751479289945
2022-07-17T03:15-07:00,17.4922600619195
2022-07-17T03:30-07:00,12.099125364431483
2022-07-17T03:45-07:00,16.23277182235835
2022-07-17T04:00-07:00,5.34682080924856
2022-07-17T04:15-07:00,13.157894736842104
2022-07-17T04:30-07:00,11.196319018404912
2022-07-17T04:45-07:00,11.819595645412136
2022-07-17T05:00-07:00,14.06491499227203
2022-07-17T05:15-07:00,10.790273556230998
2022-07-17T05:30-07:00,14.545454545454545
2022-07-17T05:45-07:00,8.370044052863436
2022-07-17T06:00-07:00,18.656716417910445
2022-07-17T06:15-07:00,8.39936608557844
2022-07-17T06:30-07:00,10.194902548725633
2022-07-17T06:45-07:00,20.276497695852534
2022-07-17T07:00-07:00,6.363636363636363
2022-07-17T07:15-07:00,12.5
2022-07-17T07:30-07:00,16.335877862595414
2022-07-17T07:45-07:00,14.398734177215196
2022-07-17T08:00-07:00,12.848297213622285
2022-07-17T08:15-07:00,10.454545454545455
2022-07-17T08:30-07:00,12.66766020864382
2022-07-17T08:45-07:00,3.314121037463973
2022-07-17T09:00-07:00,6.67613636363636
2022-07-17T09:15-07:00,9.19377652050919
2022-07-17T09:30-07:00,19.165378670788257
2022-07-17T09:45-07:00,10.55045871559633
2022-07-17T10:00-07:00,14.683153013910351
2022-07-17T10:15-07:00,16.08695652173913
2022-07-17T10:30-07:00,6.329113924050638
2022-07-17T10:45-07:00,9.174311926605505
2022-07-17T11:00-07:00,8.563535911602205
2022-07-17T11:15-07:00,12.962962962962964
2022-07-17T11:30-07:00,4.227405247813407
2022-07-17T11:45-07:00,18.01801801801802
2022-07-17T12:00-07:00,5.873925501432661
2022-07-17T12:15-07:00,9.023668639053259
2022-07-17T12:30-07:00,9.687499999999995
2022-07-17T12:45-07:00,10.939907550077036
2022-07-17T13:00-07:00,15.486725663716815
2022-07-17T13:15-07:00,15.085536547433907
2022-07-17T13:30-07:00,13.855421686746983
2022-07-17T13:45-07:00,11.63859111791731
2022-07-17T14:00-07:00,16.666666666666668
2022-07-17T14:15-07:00,12.500000000000005
2022-07-17T14:30-07:00,13.010590015128587
2022-07-17T14:45-07:00,10.294117647058828
2022-07-17T15:00-07:00,4.732824427480921
2022-07-17T15:15-07:00,13.452914798206278
2022-07-17T15:30-07:00,8.895705521472397
2022-07-17T15:45-07:00,17.329093799682042
2022-07-17T16:00-07:00,13.333333333333334
2022-07-17T16:15-07:00,14.104595879556253
2022-07-17T16:30-07:00,9.615384615384615
2022-07-17T16:45-07:00,11.585365853658542
2022-07-17T17:00-07:00,12.68656716417911
2022-07-17T17:15-07:00,15.668202764976959
2022-07-17T17:30-07:00,14.563106796116505
2022-07-17T17:45-07:00,10.622154779969657
2022-07-17T18:00-07:00,17.585692995529065
2022-07-17T18:15-07:00,11.349693251533736
2022-07-17T18:30-07:00,15.132605304212174
2022-07-17T18:45-07:00,9.210526315789474
2022-07-17T19:00-07:00,1.7241379310344827
2022-07-17T19:15-07:00,7.6923076923076925
2022-07-17T19:30-07:00,10.909090909090908
2022-07-17T19:45-07:00,14.622641509433961
2022-07-17T20:00-07:00,11.818181818181818
2022-07-17T20:15-07:00,15.137614678899082
2022-07-17T20:30-07:00,11.594202898550725
2022-07-17T20:45-07:00,11.818181818181818
2022-07-17T21:00-07:00,11.596385542168669
2022-07-17T21:15-07:00,3.0434782608695654
2022-07-17T21:30-07:00,14.155251141552512
2022-07-17T21:45-07:00,7.547169811320755
2022-07-17T22:00-07:00,13.344051446945333
2022-07-17T22:15-07:00,18.277945619335352
2022-07-17T22:30-07:00,8.792846497764526
2022-07-17T22:45-07:00,7.680945347119651
2022-07-17T23:00-07:00,12.46200607902736
2022-07-17T23:15-07:00,14.503816793893124
2022-07-17T23:30-07:00,5.965463108320246
2022-07-17T23:45-07:00,20.63732928679818
2022-07-18T00:00-07:00,14.992272024729527
2022-07-18T00:15-07:00,6.083086053412458
2022-07-18T00:30-07:00,15.488721804511284
2022-07-18T00:45-07:00,8.294930875576037
2022-07-18T01:00-07:00,19.306930693069308
2022-07-18T01:15-07:00,11.45996860282575
2022-07-18T01:30-07:00,13.13291139240506
2022-07-18T01:45-07:00,3.4387895460797835
2022-07-18T02:00-07:00,4.255319148936175
2022-07-18T02:15-07:00,10.830860534124634
2022-07-18T02:30-07:00,15.707620528771379
2022-07-18T02:45-07:00,17.411402157164865
2022-07-18T03:00-07:00,6.907378335949759
2022-07-18T03:15-07:00,20.373250388802486
2022-07-18T03:30-07:00,10.11560693641619
2022-07-18T03:45-07:00,14.803149606299218
2022-07-18T04:00-07:00,10.714285714285714
2022-07-18T04:15-07:00,14.222873900293258
2022-07-18T04:30-07:00,13.793103448275868
2022-07-18T04:45-07:00,10.52631578947369
2022-07-18T05:00-07:00,12.556053811659194
2022-07-18T05:15-07:00,5.6657223796034035
2022-07-18T05:30-07:00,16.24605678233439
2022-07-18T05:45-07:00,17.411402157164865
2022-07-18T06:00-07:00,14.391691394658759
2022-07-18T06:15-07:00,8.832807570977913
2022-07-18T06:30-07:00,11.74652241112829
2022-07-18T06:45-07:00,11.12737920937043
2022-07-18T07:00-07:00,3.4782608695652173
2022-07-18T07:15-07:00,11.764705882352942
2022-07-18T07:30-07:00,10.393258426966288
2022-07-18T07:45-07:00,12.280701754385966
2022-07-18T08:00-07:00,9.281437125748498
2022-07-18T08:15-07:00,9.787234042553191
2022-07-18T08:30-07:00,5.439330543933054
2022-07-18T08:45-07:00,4.4891640866873015
2022-07-18T09:00-07:00,8.460471567267687
2022-07-18T09:15-07:00,5.839416058394165
2022-07-18T09:30-07:00,6.824925816023744
2022-07-18T09:45-07:00,11.065573770491802
2022-07-18T10:00-07:00,10.622154779969657
2022-07-18T10:15-07:00,15.720524017467248
2022-07-18T10:30-07:00,15.074626865671636
2022-07-18T10:45-07:00,5.737704918032787
2022-07-18T11:00-07:00,11.304347826086957
2022-07-18T11:15-07:00,9.45945945945946
2022-07-18T11:30-07:00,12.598425196850394
2022-07-18T11:45-07:00,7.9320113314447545
2022-07-18T12:00-07:00,8.366533864541832
2022-07-18T12:15-07:00,12.236286919831224
2022-07-18T12:30-07:00,17.236255572065375
2022-07-18T12:45-07:00,11.829436038514437
2022-07-18T13:00-07:00,13.823529411764712
2022-07-18T13:15-07:00,9.806629834254139
2022-07-18T13:30-07:00,15.454545454545455
2022-07-18T13:45-07:00,10.176991150442477
2022-07-18T14:00-07:00,11.203319502074688
2022-07-18T14:15-07:00,6.686046511627912
2022-07-18T14:30-07:00,17.167381974248926
2022-07-18T14:45-07:00,15.091678420310291
2022-07-18T15:00-07:00,6.077348066298338
2022-07-18T15:15-07:00,12.955465587044534
2022-07-18T15:30-07:00,12.5
2022-07-18T15:45-07:00,4.721030042918455
2022-07-18T16:00-07:00,11.814345991561181
2022-07-18T16:15-07:00,13.761467889908257
2022-07-18T16:30-07:00,12.324492979719194
2022-07-18T16:45-07:00,17.87365177195685
2022-07-18T17:00-07:00,13.135593220338983
2022-07-18T17:15-07:00,2.9535864978902953
2022-07-18T17:30-07:00,14.14427157001415
2022-07-18T17:45-07:00,12.716763005780352
2022-07-18T18:00-07:00,10.619469026548673
2022-07-18T18:15-07:00,16.475644699140407
2022-07-18T18:30-07:00,15.348837209302326
2022-07-18T18:45-07:00,17.530487804878053
2022-07-18T19:00-07:00,11.093749999999995
2022-07-18T19:15-07:00,10.85972850678733
2022-07-18T19:30-07:00,10.000000000000005
2022-07-18T19:45-07:00,19.287833827893177
2022-07-18T20:00-07:00,12.730061349693246
2022-07-18T20:15-07:00,7.964601769911504
2022-07-18T20:30-07:00,8.677685950413224
2022-07-18T20:45-07:00,18.07044410413477
2022-07-18T21:00-07:00,19.808306709265178
2022-07-18T21:15-07:00,14.199395770392755
2022-07-18T21:30-07:00,16.639999999999993
2022-07-18T21:45-07:00,14.961832061068696
2022-07-18T22:00-07:00,11.45374449339207
2022-07-18T22:15-07:00,7.879656160458458
2022-07-18T22:30-07:00,11.09510086455331
2022-07-18T22:45-07:00,14.944356120826715
2022-07-18T23:00-07:00,8.482142857142858
2022-07-18T23:15-07:00,12.884333821376286
2022-07-18T23:30-07:00,10.7981220657277
2022-07-18T23:45-07:00,16.084977238239762
2022-07-19T00:00-07:00,11.791044776119406
2022-07-19T00:15-07:00,6.837606837606837
2022-07-19T00:30-07:00,15.610510046367848
2022-07-19T00:45-07:00,11.63859111791731
2022-07-19T01:00-07:00,16.79506933744222
2022-07-19T01:15-07:00,9.983633387888712
2022-07-19T01:30-07:00,9.17159763313609
2022-07-19T01:45-07:00,11.255411255411255
2022-07-19T02:00-07:00,14.52095808383234
2022-07-19T02:15-07:00,15.127388535031841
2022-07-19T02:30-07:00,16.972477064220183
2022-07-19T02:45-07:00,18.75
2022-07-19T03:00-07:00,9.767441860465116
2022-07-19T03:15-07:00,12.775330396475772
2022-07-19T03:30-07:00,15.38461538461538
2022-07-19T03:45-07:00,13.292117465224107
2022-07-19T04:00-07:00,12.735849056603774
2022-07-19T04:15-07:00,14.984227129337533
2022-07-19T04:30-07:00,14.814814814814815
2022-07-19T04:45-07:00,9.28882438316401
2022-07-19T05:00-07:00,14.97584541062802
2022-07-19T05:15-07:00,16.23277182235835
2022-07-19T05:30-07:00,16.438356164383563
2022-07-19T05:45-07:00,9.049079754601221
2022-07-19T06:00-07:00,11.179173047473206
2022-07-19T06:15-07:00,8.270676691729328
2022-07-19T06:30-07:00,5.706134094151217
2022-07-19T06:45-07:00,13.567073170731703
2022-07-19T07:00-07:00,16.244411326378543
2022-07-19T07:15-07:00,19.339622641509433
2022-07-19T07:30-07:00,14.027149321266968
2022-07-19T07:45-07:00,13.215859030837004
2022-07-19T08:00-07:00,8.733624454148472
2022-07-19T08:15-07:00,3.6127167630057846
2022-07-19T08:30-07:00,13.839285714285714
2022-07-19T08:45-07:00,13.392857142857142
2022-07-19T09:00-07:00,13.538461538461544
2022-07-19T09:15-07:00,5.616438356164379
2022-07-19T09:30-07:00,13.903743315508017
2022-07-19T09:45-07:00,12.177650429799431
2022-07-19T10:00-07:00,11.04477611940298
2022-07-19T10:15-07:00,12.879884225759763
2022-07-19T10:30-07:00,7.824933687002648
2022-07-19T10:45-07:00,12.8133704735376
2022-07-19T11:00-07:00,6.815020862308767
2022-07-19T11:15-07:00,10.649350649350641
2022-07-19T11:30-07:00,10.851648351648356
2022-07-19T11:45-07:00,17.556179775280896
2022-07-19T12:00-07:00,12.97071129707113
2022-07-19T12:15-07:00,15.677966101694915
2022-07-19T12:30-07:00,14.705882352941181
2022-07-19T12:45-07:00,10.014104372355426
2022-07-19T13:00-07:00,14.730878186968834
2022-07-19T13:15-07:00,7.96586059743954
2022-07-19T13:30-07:00,13.837375178316696
2022-07-19T13:45-07:00,10.547945205479447
2022-07-19T14:00-07:00,9.56175298804781
2022-07-19T14:15-07:00,11.36690647482015
2022-07-19T14:30-07:00,10.284167794316648
2022-07-19T14:45-07:00,17.372881355932204
2022-07-19T15:00-07:00,9.76253298153034
2022-07-19T15:15-07:00,9.495548961424337
2022-07-19T15:30-07:00,16.129032258064516
2022-07-19T15:45-07:00,14.46808510638298
2022-07-19T16:00-07:00,14.428571428571423
2022-07-19T16:15-07:00,12.449799196787149
2022-07-19T16:30-07:00,15.050651230101296
2022-07-19T16:45-07:00,8.495821727019504
2022-07-19T17:00-07:00,11.598302687411604
2022-07-19T17:15-07:00,11.864406779661017
2022-07-19T17:30-07:00,11.424332344213646
2022-07-19T17:45-07:00,12.408759124087595
2022-07-19T18:00-07:00,14.20454545454546
2022-07-19T18:15-07:00,12.177650429799431
2022-07-19T18:30-07:00,6.676342525399134
2022-07-19T18:45-07:00,10.028653295128946
2022-07-19T19:00-07:00,6.082036775106086
2022-07-19T19:15-07:00,7.749627421758574
2022-07-19T19:30-07:00,9.228441754916798
2022-07-19T19:45-07:00,17.857142857142858
2022-07-19T20:00-07:00,14.479638009049774
2022-07-19T20:15-07:00,13.66459627329193
2022-07-19T20:30-07:00,6.595092024539882
2022-07-19T20:45-07:00,6.751054852320675
2022-07-19T21:00-07:00,8.444444444444445
2022-07-19T21:15-07:00,9.06389301634473
2022-07-19T21:30-07:00,8.39580209895052
2022-07-19T21:45-07:00,14.414414414414415
2022-07-19T22:00-07:00,5.000000000000005
2022-07-19T22:15-07:00,13.302752293577981
2022-07-19T22:30-07:00,13.733905579399142
2022-07-19T22:45-07:00,5.5639097744360955
2022-07-19T23:00-07:00,6.855439642324893
2022-07-19T23:15-07:00,14.899713467048707
2022-07-19T23:30-07:00,16.19047619047619
2022-07-19T23:45-07:00,11.04477611940298
2022-07-20T00:00-07:00,13.600000000000005
2022-07-20T00:15-07:00,8.15450643776824
2022-07-20T00:30-07:00,10.480349344978166
2022-07-20T00:45-07:00,7.946026986506742
2022-07-20T01:00-07:00,13.537117903930131
2022-07-20T01:15-07:00,9.051724137931034
2022-07-20T01:30-07:00,11.818181818181818
2022-07-20T01:45-07:00,12.61538461538462
2022-07-20T02:00-07:00,10.014104372355426
2022-07-20T02:15-07:00,5.194805194805195
2022-07-20T02:30-07:00,12.992700729927002
2022-07-20T02:45-07:00,15.160349854227402
2022-07-20T03:00-07:00,14.605067064083453
2022-07-20T03:15-07:00,12.5
2022-07-20T03:30-07:00,14.17565485362095
2022-07-20T03:45-07:00,4.341926729986428
2022-07-20T04:00-07:00,8.307210031347958
2022-07-20T04:15-07:00,8.656716417910452
2022-07-20T04:30-07:00,18.437500000000004
2022-07-20T04:45-07:00,15.59766763848396
2022-07-20T05:00-07:00,13.88888888888889
2022-07-20T05:15-07:00,5.932203389830509
2022-07-20T05:30-07:00,15.488721804511284
2022-07-20T05:45-07:00,16.335877862595414
2022-07-20T06:00-07:00,12.554112554112555
2022-07-20T06:15-07:00,12.158054711246196
2022-07-20T06:30-07:00,9.090909090909092
2022-07-20T06:45-07:00,6.7919075144508625
2022-07-20T07:00-07:00,8.52017937219731
2022-07-20T07:15-07:00,11.312217194570136
2022-07-20T07:30-07:00,9.582689335394122
2022-07-20T07:45-07:00,11.840228245363763
2022-07-20T08:00-07:00,21.18003025718608
2022-07-20T08:15-07:00,9.433962264150948
2022-07-20T08:30-07:00,6.8493150684931505
2022-07-20T08:45-07:00,9.575923392612864
2022-07-20T09:00-07:00,7.423580786026201
2022-07-20T09:15-07:00,4.484304932735426
2022-07-20T09:30-07:00,13.778409090909095
2022-07-20T09:45-07:00,11.480362537764355
2022-07-20T10:00-07:00,5.256241787122212
2022-07-20T10:15-07:00,2.8688524590163933
2022-07-20T10:30-07:00,8.655126498002659
2022-07-20T10:45-07:00,10.349650349650345
2022-07-20T11:00-07:00,2.219140083217757
2022-07-20T11:15-07:00,10.719131614654007
2022-07-20T11:30-07:00,12.981455064194014
2022-07-20T11:45-07:00,9.015256588072118
2022-07-20T12:00-07:00,10.691003911342898
2022-07-20T12:15-07:00,7.874015748031496
2022-07-20T12:30-07:00,6.308724832214761
2022-07-20T12:45-07:00,7.617728531855961
2022-07-20T13:00-07:00,9.05459387483355
2022-07-20T13:15-07:00,6.640625
2022-07-20T13:30-07:00,13.46938775510204
2022-07-20T13:45-07:00,11.267605633802813
2022-07-20T14:00-07:00,8.452722063037244
2022-07-20T14:15-07:00,13.25301204819277
2022-07-20T14:30-07:00,7.1633237822349525
2022-07-20T14:45-07:00,12.256267409470755
2022-07-20T15:00-07:00,9.65417867435159
2022-07-20T15:15-07:00,11.279229711141681
2022-07-20T15:30-07:00,12.553495007132673
2022-07-20T15:45-07:00,5.955678670360116
2022-07-20T16:00-07:00,9.116409537166897
2022-07-20T16:15-07:00,9.67741935483871
2022-07-20T16:30-07:00,20.451127819548876
2022-07-20T16:45-07:00,13.262599469496024
2022-07-20T17:00-07:00,19.850746268656717
2022-07-20T17:15-07:00,14.520547945205482
2022-07-20T17:30-07:00,15.319148936170214
2022-07-20T17:45-07:00,12.283236994219658
2022-07-20T18:00-07:00,8.95953757225433
2022-07-20T18:15-07:00,12.500000000000005
2022-07-20T18:30-07:00,11.844077961019494
2022-07-20T18:45-07:00,13.237410071942442
2022-07-20T19:00-07:00,13.323983169705466
2022-07-20T19:15-07:00,9.606986899563319
2022-07-20T19:30-07:00,10.075187969924817
2022-07-20T19:45-07:00,8.655126498002659
2022-07-20T20:00-07:00,6.25
2022-07-20T20:15-07:00,9.61538461538461
2022-07-20T20:30-07:00,11.144578313253007
2022-07-20T20:45-07:00,10.407239819004525
2022-07-20T21:00-07:00,11.73020527859237
2022-07-20T21:15-07:00,8.018154311649011
2022-07-20T21:30-07:00,3.94366197183099
2022-07-20T21:45-07:00,11.016949152542374
2022-07-20T22:00-07:00,12.499999999999995
2022-07-20T22:15-07:00,13.233082706766922
2022-07-20T22:30-07:00,14.15929203539823
2022-07-20T22:45-07:00,18.181818181818183
2022-07-20T23:00-07:00,9.251101321585903
2022-07-20T23:15-07:00,3.8793103448275863
2022-07-20T23:30-07:00,9.325681492109034
2022-07-20T23:45-07:00,11.504424778761061
2022-07-21T00:00-07:00,9.411764705882359
2022-07-21T00:15-07:00,15.691868758915831
2022-07-21T00:30-07:00,14.798206278026905
2022-07-21T00:45-07:00,6.3559322033898304
2022-07-21T01:00-07:00,9.970674486803514
2022-07-21T01:15-07:00,12.88888888888889
2022-07-21T01:30-07:00,14.977973568281937
2022-07-21T01:45-07:00,14.442700156985866
2022-07-21T02:00-07:00,11.814345991561181
2022-07-21T02:15-07:00,8.05270863836018
2022-07-21T02:30-07:00,3.7037037037037037
2022-07-21T02:45-07:00,14.414414414414415
2022-07-21T03:00-07:00,12.233285917496438
2022-07-21T03:15-07:00,13.525179856115113
2022-07-21T03:30-07:00,8.675078864353317
2022-07-21T03:45-07:00,7.022471910112355
2022-07-21T04:00-07:00,6.751054852320675
2022-07-21T04:15-07:00,8.579881656804739
2022-07-21T04:30-07:00,12.663755458515285
2022-07-21T04:45-07:00,12.76595744680851
2022-07-21T05:00-07:00,10.635359116022094
2022-07-21T05:15-07:00,8.701854493580605
2022-07-21T05:30-07:00,10.601719197707732
2022-07-21T05:45-07:00,5.2631578947368425
2022-07-21T06:00-07:00,12.0
2022-07-21T06:15-07:00,8.845577211394298
2022-07-21T06:30-07:00,11.440677966101696
2022-07-21T06:45-07:00,8.695652173913043
2022-07-21T07:00-07:00,6.573426573426569
2022-07-21T07:15-07:00,18.32167832167832
2022-07-21T07:30-07:00,11.403508771929825
2022-07-21T07:45-07:00,14.20454545454546
2022-07-21T08:00-07:00,17.940717628705155
2022-07-21T08:15-07:00,7.377049180327869
2022-07-21T08:30-07:00,10.256410256410257
2022-07-21T08:45-07:00,9.090909090909092
2022-07-21T09:00-07:00,12.926136363636369
2022-07-21T09:15-07:00,12.8133704735376
2022-07-21T09:30-07:00,12.859097127222988
2022-07-21T09:45-07:00,9.198813056379818
2022-07-21T10:00-07:00,12.601626016260163
2022-07-21T10:15-07:00,2.032520325203252
2022-07-21T10:30-07:00,8.344198174706653
2022-07-21T10:45-07:00,11.331444759206795
2022-07-21T11:00-07:00,11.318051575931237
2022-07-21T11:15-07:00,15.890410958904104
2022-07-21T11:30-07:00,16.36863823933975
2022-07-21T11:45-07:00,11.58038147138965
2022-07-21T12:00-07:00,8.049113233287853
2022-07-21T12:15-07:00,9.017496635262454
2022-07-21T12:30-07:00,7.284768211920534
2022-07-21T12:45-07:00,13.41991341991342
2022-07-21T13:00-07:00,8.413793103448281
2022-07-21T13:15-07:00,15.040650406504065
2022-07-21T13:30-07:00,15.476190476190476
2022-07-21T13:45-07:00,12.017167381974248
2022-07-21T14:00-07:00,7.468879668049793
2022-07-21T14:15-07:00,7.934336525307802
2022-07-21T14:30-07:00,7.355021216407359
2022-07-21T14:45-07:00,16.42441860465116
2022-07-21T15:00-07:00,16.045845272206307
2022-07-21T15:15-07:00,14.804469273743022
2022-07-21T15:30-07:00,15.155807365439088
2022-07-21T15:45-07:00,11.206896551724139
2022-07-21T16:00-07:00,8.93118594436311
2022-07-21T16:15-07:00,12.181303116147303
2022-07-21T16:30-07:00,15.151515151515152
2022-07-21T16:45-07:00,12.121212121212121
2022-07-21T17:00-07:00,9.497964721845323
2022-07-21T17:15-07:00,13.199426111908172
2022-07-21T17:30-07:00,12.230215827338135
2022-07-21T17:45-07:00,15.38461538461538
2022-07-21T18:00-07:00,13.716814159292035
2022-07-21T18:15-07:00,11.52073732718894
2022-07-21T18:30-07:00,11.500701262272095
2022-07-21T18:45-07:00,6.437768240343348
2022-07-21T19:00-07:00,22.164276401564535
2022-07-21T19:15-07:00,2.418207681365572
2022-07-21T19:30-07:00,10.01540832049306
2022-07-21T19:45-07:00,13.609467455621296
2022-07-21T20:00-07:00,11.483253588516746
2022-07-21T20:15-07:00,11.904761904761905
2022-07-21T20:30-07:00,17.611026033690663
2022-07-21T20:45-07:00,4.225352112676056
2022-07-21T21:00-07:00,8.452722063037244
2022-07-21T21:15-07:00,12.437810945273633
2022-07-21T21:30-07:00,15.892053973013498
2022-07-21T21:45-07:00,12.839879154078556
2022-07-21T22:00-07:00,10.434782608695652
2022-07-21T22:15-07:00,15.174506828528079
2022-07-21T22:30-07:00,4.910714285714286
2022-07-21T22:45-07:00,8.755760368663594
2022-07-21T23:00-07:00,8.668730650154794
2022-07-21T23:15-07:00,12.4223602484472
2022-07-21T23:30-07:00,15.942028985507246
2022-07-21T23:45-07:00,15.1468315301391
2022-07-22T00:00-07:00,8.225108225108226
2022-07-22T00:15-07:00,7.177033492822966
2022-07-22T00:30-07:00,10.045662100456621
2022-07-22T00:45-07:00,6.756756756756757
2022-07-22T01:00-07:00,11.198738170346997
2022-07-22T01:15-07:00,17.961165048543688
2022-07-22T01:30-07:00,7.805596465390275
2022-07-22T01:45-07:00,21.10091743119266
2022-07-22T02:00-07:00,14.485981308411215
2022-07-22T02:15-07:00,14.492753623188406
2022-07-22T02:30-07:00,6.986899563318778
2022-07-22T02:45-07:00,4.680851063829787
2022-07-22T03:00-07:00,12.67605633802817
2022-07-22T03:15-07:00,11.596385542168669
2022-07-22T03:30-07:00,10.990712074303401
2022-07-22T03:45-07:00,6.842923794712281
2022-07-22T04:00-07:00,11.864406779661012
2022-07-22T04:15-07:00,13.08411214953271
2022-07-22T04:30-07:00,10.666666666666666
2022-07-22T04:45-07:00,13.36405529953917
2022-07-22T05:00-07:00,9.631728045325774
2022-07-22T05:15-07:00,15.600624024961004
2022-07-22T05:30-07:00,8.133971291866029
2022-07-22T05:45-07:00,12.848297213622285
2022-07-22T06:00-07:00,12.809917355371901
2022-07-22T06:15-07:00,8.695652173913048
2022-07-22T06:30-07:00,11.26126126126126
2022-07-22T06:45-07:00,15.28189910979229
2022-07-22T07:00-07:00,9.606986899563319
2022-07-22T07:15-07:00,7.758620689655173
2022-07-22T07:30-07:00,6.446776611694157
2022-07-22T07:45-07:00,11.516034985422746
2022-07-22T08:00-07:00,12.03007518796992
2022-07-22T08:15-07:00,9.789156626506019
2022-07-22T08:30-07:00,5.805515239477509
2022-07-22T08:45-07:00,17.54385964912281
2022-07-22T09:00-07:00,11.497730711043877
2022-07-22T09:15-07:00,14.078374455732952
2022-07-22T09:30-07:00,9.24608819345661
2022-07-22T09:45-07:00,12.552301255230125
2022-07-22T10:00-07:00,11.033519553072631
2022-07-22T10:15-07:00,10.830860534124634
2022-07-22T10:30-07:00,13.32357247437775
2022-07-22T10:45-07:00,6.926406926406926
2022-07-22T11:00-07:00,8.180535966149511
2022-07-22T11:15-07:00,10.65246338215712
2022-07-22T11:30-07:00,16.203703703703702
2022-07-22T11:45-07:00,13.946587537091993
2022-07-22T12:00-07:00,8.913649025069642
2022-07-22T12:15-07:00,15.620437956204375
2022-07-22T12:30-07:00,5.520504731861194
2022-07-22T12:45-07:00,13.322884012539191
2022-07-22T13:00-07:00,11.977715877437321
2022-07-22T13:15-07:00,11.094452773613188
2022-07-22T13:30-07:00,7.894736842105263
2022-07-22T13:45-07:00,11.544227886056966
2022-07-22T14:00-07:00,5.31468531468531
2022-07-22T14:15-07:00,3.0973451327433628
2022-07-22T14:30-07:00,8.974358974358974
2022-07-22T14:45-07:00,9.06389301634473
2022-07-22T15:00-07:00,11.977715877437321
2022-07-22T15:15-07:00,10.656934306569347
2022-07-22T15:30-07:00,11.566617862371894
2022-07-22T15:45-07:00,14.985590778097977
2022-07-22T16:00-07:00,9.45945945945946
2022-07-22T16:15-07:00,15.289256198347108
2022-07-22T16:30-07:00,10.571428571428566
2022-07-22T16:45-07:00,12.223858615611189
2022-07-22T17:00-07:00,14.26592797783934
2022-07-22T17:15-07:00,13.293051359516621
2022-07-22T17:30-07:00,7.60401721664275
2022-07-22T17:45-07:00,14.536741214057514
2022-07-22T18:00-07:00,10.218978102189785
2022-07-22T18:15-07:00,14.418604651162791
2022-07-22T18:30-07:00,6.734992679355789
2022-07-22T18:45-07:00,4.908835904628327
2022-07-22T19:00-07:00,16.08695652173913
2022-07-22T19:15-07:00,16.87306501547988
2022-07-22T19:30-07:00,9.5
2022-07-22T19:45-07:00,17.549167927382747
2022-07-22T20:00-07:00,6.31741140215716
2022-07-22T20:15-07:00,7.379518072289161
2022-07-22T20:30-07:00,10.07194244604317
2022-07-22T20:45-07:00,10.104011887072803
2022-07-22T21:00-07:00,11.81683899556868
2022-07-22T21:15-07:00,10.731707317073171
2022-07-22T21:30-07:00,8.36012861736335
2022-07-22T21:45-07:00,16.61442006269593
2022-07-22T22:00-07:00,12.844036697247706
2022-07-22T22:15-07:00,4.360902255639093
2022-07-22T22:30-07:00,18.788819875776404
2022-07-22T22:45-07:00,13.746223564954688
2022-07-22T23:00-07:00,8.219178082191782
2022-07-22T23:15-07:00,13.129770992366407
2022-07-22T23:30-07:00,13.488372093023257
2022-07-22T23:45-07:00,9.90990990990991
2022-07-23T00:00-07:00,12.700964630225085
2022-07-23T00:15-07:00,13.312693498452006
2022-07-23T00:30-07:00,14.826021180030251
2022-07-23T00:45-07:00,13.879598662207352
2022-07-23T01:00-07:00,4.273504273504273
2022-07-23T01:15-07:00,14.110429447852756
2022-07-23T01:30-07:00,10.95890410958904
2022-07-23T01:45-07:00,10.501567398119128
2022-07-23T02:00-07:00,14.99250374812594
2022-07-23T02:15-07:00,7.210031347962388
2022-07-23T02:30-07:00,13.488372093023257
2022-07-23T02:45-07:00,18.98148148148148
2022-07-23T03:00-07:00,14.69115191986645
2022-07-23T03:15-07:00,8.189655172413794
2022-07-23T03:30-07:00,4.8780487804878
2022-07-23T03:45-07:00,12.852664576802514
2022-07-23T04:00-07:00,12.88888888888889
2022-07-23T04:15-07:00,12.67605633802817
2022-07-23T04:30-07:00,6.249999999999996
2022-07-23T04:45-07:00,12.380952380952381
2022-07-23T05:00-07:00,13.692307692307688
2022-07-23T05:15-07:00,15.898251192368845
2022-07-23T05:30-07:00,19.35007385524372
2022-07-23T05:45-07:00,13.414634146341468
2022-07-23T06:00-07:00,10.91703056768559
2022-07-23T06:15-07:00,10.572687224669604
2022-07-23T06:30-07:00,15.974440894568696
2022-07-23T06:45-07:00,11.092985318107662
2022-07-23T07:00-07:00,11.872146118721462
2022-07-23T07:15-07:00,6.5088757396449655
2022-07-23T07:30-07:00,18.424962852897476
2022-07-23T07:45-07:00,15.930599369085169
2022-07-23T08:00-07:00,13.122171945701357
2022-07-23T08:15-07:00,11.901081916537862
2022-07-23T08:30-07:00,4.932735426008969
2022-07-23T08:45-07:00,19.604612850082365
2022-07-23T09:00-07:00,11.37724550898204
2022-07-23T09:15-07:00,12.61980830670927
2022-07-23T09:30-07:00,18.89655172413793
2022-07-23T09:45-07:00,10.619469026548673
2022-07-23T10:00-07:00,5.370101596516696
2022-07-23T10:15-07:00,14.637904468412938
2022-07-23T10:30-07:00,16.05504587155963
2022-07-23T10:45-07:00,7.762557077625571
2022-07-23T11:00-07:00,10.687022900763363
2022-07-23T11:15-07:00,7.759882869692529
2022-07-23T11:30-07:00,11.290322580645157
2022-07-23T11:45-07:00,7.1646341463414585
2022-07-23T12:00-07:00,11.094224924012162
2022-07-23T12:15-07:00,13.871951219512201
2022-07-23T12:30-07:00,14.774494556765157
2022-07-23T12:45-07:00,10.52631578947369
2022-07-23T13:00-07:00,15.970149253731337
2022-07-23T13:15-07:00,13.056379821958462
2022-07-23T13:30-07:00,7.4018126888217575
2022-07-23T13:45-07:00,6.942392909896598
2022-07-23T14:00-07:00,12.898330804248868
2022-07-23T14:15-07:00,9.375
2022-07-23T14:30-07:00,15.311004784688995
2022-07-23T14:45-07:00,12.946428571428571
2022-07-23T15:00-07:00,14.511041009463717
2022-07-23T15:15-07:00,12.082670906200324
2022-07-23T15:30-07:00,15.312499999999995
2022-07-23T15:45-07:00,18.003025718608164
2022-07-23T16:00-07:00,8.333333333333334
2022-07-23T16:15-07:00,14.528593508500778
2022-07-23T16:30-07:00,8.538350217076696
2022-07-23T16:45-07:00,15.930599369085169
2022-07-23T17:00-07:00,11.849710982658964
2022-07-23T17:15-07:00,13.374805598755826
2022-07-23T17:30-07:00,7.547169811320759
2022-07-23T17:45-07:00,4.604316546762585
2022-07-23T18:00-07:00,12.884333821376286
2022-07-23T18:15-07:00,8.0
2022-07-23T18:30-07:00,13.808801213960551
2022-07-23T18:45-07:00,15.797317436661704
2022-07-23T19:00-07:00,16.071428571428573
2022-07-23T19:15-07:00,9.00900900900901
2022-07-23T19:30-07:00,15.707620528771379
2022-07-23T19:45-07:00,9.495548961424337
2022-07-23T20:00-07:00,10.31390134529148
2022-07-23T20:15-07:00,11.774193548387103
2022-07-23T20:30-07:00,18.989280245022975
2022-07-23T20:45-07:00,11.711711711711711
2022-07-23T21:00-07:00,4.545454545454541
2022-07-23T21:15-07:00,13.173652694610784
2022-07-23T21:30-07:00,15.008156606851545
2022-07-23T21:45-07:00,5.917159763313614
2022-07-23T22:00-07:00,13.607594936708857
2022-07-23T22:15-07:00,15.348837209302326
2022-07-23T22:30-07:00,11.53262518968134
2022-07-23T22:45-07:00,9.756097560975615
2022-07-23T23:00-07:00,9.767441860465116
2022-07-23T23:15-07:00,9.697933227344997
2022-07-23T23:30-07:00,9.020217729393472
2022-07-23T23:45-07:00,3.6036036036036037
2022-07-24T00:00-07:00,15.695067264573991
2022-07-24T00:15-07:00,12.55961844197139
2022-07-24T00:30-07:00,6.61157024793389
2022-07-24T00:45-07:00,19.138755980861244
2022-07-24T01:00-07:00,9.251101321585903
2022-07-24T01:15-07:00,11.80981595092024
2022-07-24T01:30-07:00,12.828438948995359
2022-07-24T01:45-07:00,14.285714285714286
2022-07-24T02:00-07:00,17.61904761904762
2022-07-24T02:15-07:00,7.462686567164174
2022-07-24T02:30-07:00,19.808306709265178
2022-07-24T02:45-07:00,13.129770992366407
2022-07-24T03:00-07:00,16.79748822605965
2022-07-24T03:15-07:00,12.217194570135746
2022-07-24T03:30-07:00,12.443778110944523
2022-07-24T03:45-07:00,9.375
2022-07-24T04:00-07:00,10.720000000000004
2022-07-24T04:15-07:00,16.249999999999993
2022-07-24T04:30-07:00,16.585365853658537
2022-07-24T04:45-07:00,14.545454545454545
2022-07-24T05:00-07:00,6.1469265367316295
2022-07-24T05:15-07:00,16.901408450704224
2022-07-24T05:30-07:00,13.099041533546332
2022-07-24T05:45-07:00,7.730263157894732
2022-07-24T06:00-07:00,6.666666666666667
2022-07-24T06:15-07:00,8.296943231441048
2022-07-24T06:30-07:00,17.78846153846154
2022-07-24T06:45-07:00,13.870967741935479
2022-07-24T07:00-07:00,14.242878560719635
2022-07-24T07:15-07:00,15.488721804511284
2022-07-24T07:30-07:00,8.636363636363637
2022-07-24T07:45-07:00,13.90134529147982
2022-07-24T08:00-07:00,9.090909090909092
2022-07-24T08:15-07:00,17.603550295857982
2022-07-24T08:30-07:00,7.946026986506742
2022-07-24T08:45-07:00,8.0
2022-07-24T09:00-07:00,11.416184971098271
2022-07-24T09:15-07:00,9.47867298578199
2022-07-24T09:30-07:00,13.343108504398831
2022-07-24T09:45-07:00,10.01540832049306
2022-07-24T10:00-07:00,7.302533532041734
2022-07-24T10:15-07:00,5.795148247978441
2022-07-24T10:30-07:00,14.437689969604858
2022-07-24T10:45-07:00,6.696428571428571
2022-07-24T11:00-07:00,11.403508771929825
2022-07-24T11:15-07:00,11.030478955007261
2022-07-24T11:30-07:00,11.094452773613188
2022-07-24T11:45-07:00,14.497041420118338
2022-07-24T12:00-07:00,5.681818181818187
2022-07-24T12:15-07:00,9.756097560975615
2022-07-24T12:30-07:00,11.290322580645157
2022-07-24T12:45-07:00,11.11111111111111
2022-07-24T13:00-07:00,13.971742543171109
2022-07-24T13:15-07:00,18.277945619335352
2022-07-24T13:30-07:00,15.455950540958275
2022-07-24T13:45-07:00,14.93212669683258
2022-07-24T14:00-07:00,13.906249999999995
2022-07-24T14:15-07:00,9.691629955947137
2022-07-24T14:30-07:00,17.79141104294478
2022-07-24T14:45-07:00,12.5
2022-07-24T15:00-07:00,14.155251141552512
2022-07-24T15:15-07:00,14.949201741654576
2022-07-24T15:30-07:00,15.981012658227844
2022-07-24T15:45-07:00,15.634674922600613
2022-07-24T16:00-07:00,12.792511700468024
2022-07-24T16:15-07:00,17.215568862275454
2022-07-24T16:30-07:00,18.89400921658986
2022-07-24T16:45-07:00,16.453674121405758
2022-07-24T17:00-07:00,4.907975460122694
2022-07-24T17:15-07:00,18.44512195121952
2022-07-24T17:30-07:00,10.879284649776459
2022-07-24T17:45-07:00,5.8558558558558556
2022-07-24T18:00-07:00,12.395543175487461
2022-07-24T18:15-07:00,1.517241379310341
2022-07-24T18:30-07:00,13.713405238828962
2022-07-24T18:45-07:00,11.574074074074074
2022-07-24T19:00-07:00,14.423076923076923
2022-07-24T19:15-07:00,13.343328335832078
2022-07-24T19:30-07:00,13.023255813953488
2022-07-24T19:45-07:00,11.77347242921014
2022-07-24T20:00-07:00,17.647058823529413
2022-07-24T20:15-07:00,12.55961844197139
2022-07-24T20:30-07:00,4.405286343612334
2022-07-24T20:45-07:00,18.91891891891892
2022-07-24T21:00-07:00,9.569377990430622
2022-07-24T21:15-07:00,2.481751824817514
2022-07-24T21:30-07:00,14.606741573033714
2022-07-24T21:45-07:00,11.49253731343283
2022-07-24T22:00-07:00,14.606741573033714
2022-07-24T22:15-07:00,12.053571428571429
2022-07-24T22:30-07:00,9.722222222222221
2022-07-24T22:45-07:00,3.5971223021582777
2022-07-24T23:00-07:00,13.099041533546332
2022-07-24T23:15-07:00,12.785388127853881
2022-07-24T23:30-07:00,17.35015772870662
2022-07-24T23:45-07:00,9.545454545454545
2022-07-25T00:00-07:00,8.49056603773585
2022-07-25T00:15-07:00,17.757009345794394
2022-07-25T00:30-07:00,12.145110410094631
2022-07-25T00:45-07:00,10.549132947976883
2022-07-25T01:00-07:00,3.3823529411764666
2022-07-25T01:15-07:00,10.55045871559633
2022-07-25T01:30-07:00,16.144200626959254
2022-07-25T01:45-07:00,17.31343283582089
2022-07-25T02:00-07:00,15.457413249211351
2022-07-25T02:15-07:00,7.670043415340082
2022-07-25T02:30-07:00,14.285714285714286
2022-07-25T02:45-07:00,16.614906832298132
2022-07-25T03:00-07:00,18.627450980392158
2022-07-25T03:15-07:00,7.547169811320755
2022-07-25T03:30-07:00,9.598853868194848
2022-07-25T03:45-07:00,7.078313253012043
2022-07-25T04:00-07:00,7.19754977029096
2022-07-25T04:15-07:00,21.717171717171716
2022-07-25T04:30-07:00,16.244411326378543
2022-07-25T04:45-07:00,4.7692307692307745
2022-07-25T05:00-07:00,7.737226277372258
2022-07-25T05:15-07:00,14.809160305343516
2022-07-25T05:30-07:00,15.472312703583057
2022-07-25T05:45-07:00,12.34939759036145
2022-07-25T06:00-07:00,9.66767371601209
2022-07-25T06:15-07:00,8.789625360230552
2022-07-25T06:30-07:00,9.67741935483871
2022-07-25T06:45-07:00,8.682634730538927
2022-07-25T07:00-07:00,15.486725663716815
2022-07-25T07:15-07:00,13.814756671899534
2022-07-25T07:30-07:00,7.174231332357253
2022-07-25T07:45-07:00,13.551401869158878
2022-07-25T08:00-07:00,15.105740181268887
2022-07-25T08:15-07:00,17.68202080237741
2022-07-25T08:30-07:00,21.248142644873695
2022-07-25T08:45-07:00,1.4647137150466008
2022-07-25T09:00-07:00,6.451612903225811
2022-07-25T09:15-07:00,9.365994236311234
2022-07-25T09:30-07:00,12.60744985673353
2022-07-25T09:45-07:00,11.334289813486373
2022-07-25T10:00-07:00,11.994002998500743
2022-07-25T10:15-07:00,11.240875912408754
2022-07-25T10:30-07:00,8.73015873015873
2022-07-25T10:45-07:00,6.3559322033898304
2022-07-25T11:00-07:00,8.26086956521739
2022-07-25T11:15-07:00,18.24817518248175
2022-07-25T11:30-07:00,12.038303693570457
2022-07-25T11:45-07:00,12.116788321167878
2022-07-25T12:00-07:00,5.394736842105258
2022-07-25T12:15-07:00,15.121255349500718
2022-07-25T12:30-07:00,6.344827586206901
2022-07-25T12:45-07:00,11.864406779661017
2022-07-25T13:00-07:00,2.972972972972977
2022-07-25T13:15-07:00,18.24512534818941
2022-07-25T13:30-07:00,4.8882681564245765
2022-07-25T13:45-07:00,9.557774607703285
2022-07-25T14:00-07:00,12.890094979647214
2022-07-25T14:15-07:00,15.96516690856313
2022-07-25T14:30-07:00,13.748191027496377
2022-07-25T14:45-07:00,13.848396501457723
2022-07-25T15:00-07:00,11.618257261410788
2022-07-25T15:15-07:00,10.432190760059617
2022-07-25T15:30-07:00,9.130434782608695
2022-07-25T15:45-07:00,19.640179910044974
2022-07-25T16:00-07:00,19.48790896159317
2022-07-25T16:15-07:00,16.25
2022-07-25T16:30-07:00,16.398243045388
2022-07-25T16:45-07:00,12.391930835734865
2022-07-25T17:00-07:00,12.554112554112555
2022-07-25T17:15-07:00,10.056657223796028
2022-07-25T17:30-07:00,13.452914798206278
2022-07-25T17:45-07:00,3.6827195467422054
2022-07-25T18:00-07:00,8.57908847184987
2022-07-25T18:15-07:00,5.263157894736838
2022-07-25T18:30-07:00,7.203389830508475
2022-07-25T18:45-07:00,10.641399416909627
2022-07-25T19:00-07:00,15.517241379310345
2022-07-25T19:15-07:00,11.53262518968134
2022-07-25T19:30-07:00,15.805471124620055
2022-07-25T19:45-07:00,13.215859030837004
2022-07-25T20:00-07:00,8.3453237410072
2022-07-25T20:15-07:00,3.6764705882352984
2022-07-25T20:30-07:00,9.558823529411761
2022-07-25T20:45-07:00,13.274336283185841
2022-07-25T21:00-07:00,9.049773755656108
2022-07-25T21:15-07:00,13.181818181818182
2022-07-25T21:30-07:00,12.94117647058824
2022-07-25T21:45-07:00,15.128593040847205
2022-07-25T22:00-07:00,17.905918057663133
2022-07-25T22:15-07:00,12.023460410557188
2022-07-25T22:30-07:00,16.113744075829384
2022-07-25T22:45-07:00,11.598302687411604
2022-07-25T23:00-07:00,5.34682080924856
2022-07-25T23:15-07:00,13.66459627329193
2022-07-25T23:30-07:00,13.855421686746983
2022-07-25T23:45-07:00,13.538461538461544
2022-07-26T00:00-07:00,8.264462809917354
2022-07-26T00:15-07:00,6.926406926406926
2022-07-26T00:30-07:00,13.665594855305471
2022-07-26T00:45-07:00,9.730538922155684
2022-07-26T01:00-07:00,7.076923076923082
2022-07-26T01:15-07:00,9.61262553802009
2022-07-26T01:30-07:00,13.51351351351352
2022-07-26T01:45-07:00,12.444444444444445
2022-07-26T02:00-07:00,8.372093023255815
2022-07-26T02:15-07:00,12.516129032258057
2022-07-26T02:30-07:00,6.921944035346092
2022-07-26T02:45-07:00,11.987381703470035
2022-07-26T03:00-07:00,8.597285067873303
2022-07-26T03:15-07:00,6.12557427258806
2022-07-26T03:30-07:00,4.0000000000000036
2022-07-26T03:45-07:00,4.447632711621238
2022-07-26T04:00-07:00,12.977099236641227
2022-07-26T04:15-07:00,20.24729520865533
2022-07-26T04:30-07:00,8.736349453978155
2022-07-26T04:45-07:00,8.636363636363637
2022-07-26T05:00-07:00,1.971830985915489
2022-07-26T05:15-07:00,14.733542319749223
2022-07-26T05:30-07:00,14.751552795031051
2022-07-26T05:45-07:00,17.09531013615733
2022-07-26T06:00-07:00,5.13196480938416
2022-07-26T06:15-07:00,4.551920341394021
2022-07-26T06:30-07:00,14.150943396226415
2022-07-26T06:45-07:00,11.52073732718894
2022-07-26T07:00-07:00,10.839694656488545
2022-07-26T07:15-07:00,5.135951661631425
2022-07-26T07:30-07:00,8.283132530120486
2022-07-26T07:45-07:00,13.868613138686126
2022-07-26T08:00-07:00,12.006079027355627
2022-07-26T08:15-07:00,13.953488372093023
2022-07-26T08:30-07:00,15.59766763848396
2022-07-26T08:45-07:00,7.083333333333333
2022-07-26T09:00-07:00,10.0
2022-07-26T09:15-07:00,11.195158850226923
2022-07-26T09:30-07:00,15.555555555555555
2022-07-26T09:45-07:00,10.860366713681236
2022-07-26T10:00-07:00,11.214953271028037
2022-07-26T10:15-07:00,8.628005657708632
2022-07-26T10:30-07:00,17.613636363636367
2022-07-26T10:45-07:00,13.467048710601725
2022-07-26T11:00-07:00,5.2238805970149205
2022-07-26T11:15-07:00,12.611275964391696
2022-07-26T11:30-07:00,5.818673883626526
2022-07-26T11:45-07:00,5.278174037089876
2022-07-26T12:00-07:00,5.752212389380531
2022-07-26T12:15-07:00,13.852813852813853
2022-07-26T12:30-07:00,4.098360655737705
2022-07-26T12:45-07:00,2.5606469002695453
2022-07-26T13:00-07:00,9.489051094890506
2022-07-26T13:15-07:00,14.24541607898448
2022-07-26T13:30-07:00,5.706134094151217
2022-07-26T13:45-07:00,14.61649782923299
2022-07-26T14:00-07:00,12.716763005780352
2022-07-26T14:15-07:00,10.245901639344263
2022-07-26T14:30-07:00,13.10751104565537
2022-07-26T14:45-07:00,12.499999999999995
2022-07-26T15:00-07:00,10.939907550077036
2022-07-26T15:15-07:00,10.911602209944755
2022-07-26T15:30-07:00,7.596685082872932
2022-07-26T15:45-07:00,5.347593582887704
2022-07-26T16:00-07:00,10.61452513966481
2022-07-26T16:15-07:00,10.059171597633132
2022-07-26T16:30-07:00,9.457579972183584
2022-07-26T16:45-07:00,13.549337260677461
2022-07-26T17:00-07:00,13.629160063391437
2022-07-26T17:15-07:00,10.434782608695652
2022-07-26T17:30-07:00,7.737226277372258
2022-07-26T17:45-07:00,4.329004329004329
2022-07-26T18:00-07:00,9.734513274336283
2022-07-26T18:15-07:00,6.67613636363636
2022-07-26T18:30-07:00,0.8583690987124464
2022-07-26T18:45-07:00,13.488372093023257
2022-07-26T19:00-07:00,11.349693251533736
2022-07-26T19:15-07:00,4.672897196261682
2022-07-26T19:30-07:00,11.659192825112108
2022-07-26T19:45-07:00,12.22056631892698
2022-07-26T20:00-07:00,7.293127629733525
2022-07-26T20:15-07:00,9.927007299270068
2022-07-26T20:30-07:00,11.45510835913312
2022-07-26T20:45-07:00,16.540212443095605
2022-07-26T21:00-07:00,15.467075038284834
2022-07-26T21:15-07:00,14.553990610328638
2022-07-26T21:30-07:00,12.181303116147303
2022-07-26T21:45-07:00,9.167842031029615
2022-07-26T22:00-07:00,14.1304347826087
2022-07-26T22:15-07:00,16.91176470588236
2022-07-26T22:30-07:00,13.374805598755826
2022-07-26T22:45-07:00,4.815864022662894
2022-07-26T23:00-07:00,7.451564828614004
2022-07-26T23:15-07:00,15.313935681470143
2022-07-26T23:30-07:00,14.329268292682933
2022-07-26T23:45-07:00,13.543307086614169
2022-07-27T00:00-07:00,14.473684210526315
2022-07-27T00:15-07:00,15.701219512195127
2022-07-27T00:30-07:00,11.842105263157896
2022-07-27T00:45-07:00,13.808801213960551
2022-07-27T01:00-07:00,19.44869831546708
2022-07-27T01:15-07:00,11.46788990825688
2022-07-27T01:30-07:00,7.339449541284404
2022-07-27T01:45-07:00,13.354037267080741
2022-07-27T02:00-07:00,13.279999999999994
2022-07-27T02:15-07:00,13.728549141965685
2022-07-27T02:30-07:00,17.500000000000004
2022-07-27T02:45-07:00,9.701492537313428
2022-07-27T03:00-07:00,15.765765765765765
2022-07-27T03:15-07:00,16.48690292758089
2022-07-27T03:30-07:00,13.230769230769226
2022-07-27T03:45-07:00,17.329093799682042
2022-07-27T04:00-07:00,12.112259970457908
2022-07-27T04:15-07:00,10.526315789473685
2022-07-27T04:30-07:00,19.339622641509433
2022-07-27T04:45-07:00,13.023255813953488
2022-07-27T05:00-07:00,9.050445103857571
2022-07-27T05:15-07:00,11.297071129707113
2022-07-27T05:30-07:00,9.175738724727832
2022-07-27T05:45-07:00,17.329093799682042
2022-07-27T06:00-07:00,13.66459627329193
2022-07-27T06:15-07:00,17.824773413897287
2022-07-27T06:30-07:00,8.695652173913043
2022-07-27T06:45-07:00,10.432190760059617
2022-07-27T07:00-07:00,12.22056631892698
2022-07-27T07:15-07:00,11.585365853658542
2022-07-27T07:30-07:00,10.230547550432272
2022-07-27T07:45-07:00,7.456140350877193
2022-07-27T08:00-07:00,11.290322580645157
2022-07-27T08:15-07:00,17.733990147783253
2022-07-27T08:30-07:00,13.722627737226281
2022-07-27T08:45-07:00,15.8284023668639
2022-07-27T09:00-07:00,10.676691729323304
2022-07-27T09:15-07:00,10.666666666666666
2022-07-27T09:30-07:00,10.413694721825967
2022-07-27T09:45-07:00,5.882352941176466
2022-07-27T10:00-07:00,15.488721804511284
2022-07-27T10:15-07:00,5.616438356164379
2022-07-27T10:30-07:00,5.170239596469112
2022-07-27T10:45-07:00,6.808510638297872
2022-07-27T11:00-07:00,5.691056910569106
2022-07-27T11:15-07:00,14.437689969604858
2022-07-27T11:30-07:00,12.292817679558006
2022-07-27T11:45-07:00,10.056657223796028
2022-07-27T12:00-07:00,9.015256588072118
2022-07-27T12:15-07:00,10.142857142857137
2022-07-27T12:30-07:00,4.132231404958677
2022-07-27T12:45-07:00,5.633802816901413
2022-07-27T13:00-07:00,13.761467889908257
2022-07-27T13:15-07:00,8.15450643776824
2022-07-27T13:30-07:00,11.942446043165463
2022-07-27T13:45-07:00,12.981455064194014
2022-07-27T14:00-07:00,14.911080711354314
2022-07-27T14:15-07:00,15.214180206794687
2022-07-27T14:30-07:00,11.440677966101696
2022-07-27T14:45-07:00,10.48275862068966
2022-07-27T15:00-07:00,7.6923076923076925
2022-07-27T15:15-07:00,9.7165991902834
2022-07-27T15:30-07:00,13.458950201884258
2022-07-27T15:45-07:00,13.687150837988822
2022-07-27T16:00-07:00,9.127516778523486
2022-07-27T16:15-07:00,15.447154471544716
2022-07-27T16:30-07:00,9.97304582210242
2022-07-27T16:45-07:00,9.28882438316401
2022-07-27T17:00-07:00,14.754098360655737
2022-07-27T17:15-07:00,14.490674318507885
2022-07-27T17:30-07:00,8.844507845934375
2022-07-27T17:45-07:00,10.935251798561156
2022-07-27T18:00-07:00,9.840810419681615
2022-07-27T18:15-07:00,8.029197080291976
2022-07-27T18:30-07:00,11.842105263157896
2022-07-27T18:45-07:00,7.174231332357253
2022-07-27T19:00-07:00,10.548523206751055
2022-07-27T19:15-07:00,14.152410575427687
2022-07-27T19:30-07:00,8.308605341246286
2022-07-27T19:45-07:00,19.07692307692308
2022-07-27T20:00-07:00,10.452418096723875
2022-07-27T20:15-07:00,13.949843260188084
2022-07-27T20:30-07:00,12.611275964391696
2022-07-27T20:45-07:00,10.174418604651168
2022-07-27T21:00-07:00,9.90566037735849
2022-07-27T21:15-07:00,8.345978755690446
2022-07-27T21:30-07:00,12.286158631415246
2022-07-27T21:45-07:00,19.152276295133433
2022-07-27T22:00-07:00,7.692307692307697
2022-07-27T22:15-07:00,18.181818181818187
2022-07-27T22:30-07:00,14.857142857142852
2022-07-27T22:45-07:00,17.987804878048784
2022-07-27T23:00-07:00,6.306306306306307
2022-07-27T23:15-07:00,10.13215859030837
2022-07-27T23:30-07:00,4.289940828402362
2022-07-27T23:45-07:00,9.90566037735849
2022-07-28T00:00-07:00,11.596385542168669
2022-07-28T00:15-07:00,13.076923076923082
2022-07-28T00:30-07:00,12.389380530973451
2022-07-28T00:45-07:00,7.7272727272727275
2022-07-28T01:00-07:00,17.07317073170732
2022-07-28T01:15-07:00,12.037037037037036
2022-07-28T01:30-07:00,5.514157973174371
2022-07-28T01:45-07:00,14.329268292682933
2022-07-28T02:00-07:00,9.687499999999995
2022-07-28T02:15-07:00,11.738484398216944
2022-07-28T02:30-07:00,14.528593508500778
2022-07-28T02:45-07:00,14.372163388804836
2022-07-28T03:00-07:00,11.162790697674419
2022-07-28T03:15-07:00,12.046444121915815
2022-07-28T03:30-07:00,10.458452722063042
2022-07-28T03:45-07:00,8.461538461538467
2022-07-28T04:00-07:00,13.58381502890174
2022-07-28T04:15-07:00,13.679245283018869
2022-07-28T04:30-07:00,12.671755725190835
2022-07-28T04:45-07:00,4.551920341394021
2022-07-28T05:00-07:00,12.135922330097088
2022-07-28T05:15-07:00,12.55474452554744
2022-07-28T05:30-07:00,13.109756097560972
2022-07-28T05:45-07:00,12.816691505216092
2022-07-28T06:00-07:00,7.046476761619186
2022-07-28T06:15-07:00,9.545454545454545
2022-07-28T06:30-07:00,8.320251177394029
2022-07-28T06:45-07:00,20.85308056872038
2022-07-28T07:00-07:00,12.172573189522346
2022-07-28T07:15-07:00,5.950653120464437
2022-07-28T07:30-07:00,13.636363636363637
2022-07-28T07:45-07:00,16.371681415929203
2022-07-28T08:00-07:00,15.538461538461535
2022-07-28T08:15-07:00,17.472698907956325
2022-07-28T08:30-07:00,1.8156424581005628
2022-07-28T08:45-07:00,7.53911806543385
2022-07-28T09:00-07:00,8.15384615384615
2022-07-28T09:15-07:00,11.940298507462682
2022-07-28T09:30-07:00,7.784431137724556
2022-07-28T09:45-07:00,10.97922848664688
2022-07-28T10:00-07:00,5.1063829787234045
2022-07-28T10:15-07:00,3.6764705882352984
2022-07-28T10:30-07:00,7.790368271954678
2022-07-28T10:45-07:00,9.16905444126075
2022-07-28T11:00-07:00,14.20454545454546
2022-07-28T11:15-07:00,8.668730650154794
2022-07-28T11:30-07:00,13.180515759312318
2022-07-28T11:45-07:00,2.3255813953488333
2022-07-28T12:00-07:00,14.668547249647386
2022-07-28T12:15-07:00,16.23931623931624
2022-07-28T12:30-07:00,7.525325615050655
2022-07-28T12:45-07:00,7.848443843031127
2022-07-28T13:00-07:00,11.790393013100436
2022-07-28T13:15-07:00,7.879656160458458
2022-07-28T13:30-07:00,9.228441754916798
2022-07-28T13:45-07:00,9.917355371900827
2022-07-28T14:00-07:00,13.010590015128587
2022-07-28T14:15-07:00,12.116788321167878
2022-07-28T14:30-07:00,13.782991202346045
2022-07-28T14:45-07:00,11.225997045790256
2022-07-28T15:00-07:00,10.152990264255916
2022-07-28T15:15-07:00,15.8284023668639
2022-07-28T15:30-07:00,13.269493844049252
2022-07-28T15:45-07:00,17.293233082706774
2022-07-28T16:00-07:00,12.05882352941177
2022-07-28T16:15-07:00,6.986899563318778
2022-07-28T16:30-07:00,8.438818565400844
2022-07-28T16:45-07:00,5.950653120464437
2022-07-28T17:00-07:00,17.372881355932204
2022-07-28T17:15-07:00,12.408759124087595
2022-07-28T17:30-07:00,9.251101321585903
2022-07-28T17:45-07:00,15.751445086705207
2022-07-28T18:00-07:00,2.510460251046025
2022-07-28T18:15-07:00,7.692307692307688
2022-07-28T18:30-07:00,2.3776223776223735
2022-07-28T18:45-07:00,19.555555555555557
2022-07-28T19:00-07:00,10.641399416909627
2022-07-28T19:15-07:00,12.4223602484472
2022-07-28T19:30-07:00,12.612612612612613
2022-07-28T19:45-07:00,8.912386706948636
2022-07-28T20:00-07:00,6.269592476489033
2022-07-28T20:15-07:00,8.11965811965812
2022-07-28T20:30-07:00,4.8034934497816595
2022-07-28T20:45-07:00,11.26126126126126
2022-07-28T21:00-07:00,13.761467889908257
2022-07-28T21:15-07:00,14.437689969604858
2022-07-28T21:30-07:00,15.165876777251185
2022-07-28T21:45-07:00,8.618127786032694
2022-07-28T22:00-07:00,9.337349397590357
2022-07-28T22:15-07:00,15.085536547433907
2022-07-28T22:30-07:00,8.95295902883156
2022-07-28T22:45-07:00,15.40832049306626
2022-07-28T23:00-07:00,7.184750733137834
2022-07-28T23:15-07:00,12.848297213622285
2022-07-28T23:30-07:00,1.9316493313521588
2022-07-28T23:45-07:00,18.096723868954754
2022-07-29T00:00-07:00,8.43373493975903
2022-07-29T00:15-07:00,11.79245283018868
2022-07-29T00:30-07:00,11.144578313253007
2022-07-29T00:45-07:00,5.153203342618388
2022-07-29T01:00-07:00,8.49056603773585
2022-07-29T01:15-07:00,9.553158705701073
2022-07-29T01:30-07:00,15.520000000000005
2022-07-29T01:45-07:00,8.421052631578943
2022-07-29T02:00-07:00,9.649122807017545
2022-07-29T02:15-07:00,5.976676384839646
2022-07-29T02:30-07:00,13.587786259541978
2022-07-29T02:45-07:00,13.137557959814535
2022-07-29T03:00-07:00,10.839694656488545
2022-07-29T03:15-07:00,7.805596465390275
2022-07-29T03:30-07:00,7.982583454281572
2022-07-29T03:45-07:00,12.61980830670927
2022-07-29T04:00-07:00,18.210361067503918
2022-07-29T04:15-07:00,7.290015847860544
2022-07-29T04:30-07:00,8.67579908675799
2022-07-29T04:45-07:00,3.982300884955752
2022-07-29T05:00-07:00,12.383900928792563
2022-07-29T05:15-07:00,11.182108626198088
2022-07-29T05:30-07:00,15.892053973013498
2022-07-29T05:45-07:00,9.682080924855496
2022-07-29T06:00-07:00,9.472049689440999
2022-07-29T06:15-07:00,8.296943231441048
2022-07-29T06:30-07:00,13.935681470137832
2022-07-29T06:45-07:00,11.416184971098271
2022-07-29T07:00-07:00,9.333333333333334
2022-07-29T07:15-07:00,10.349854227405244
2022-07-29T07:30-07:00,14.09691629955947
2022-07-29T07:45-07:00,9.428129829984549
2022-07-29T08:00-07:00,12.330827067669178
2022-07-29T08:15-07:00,7.594936708860759
2022-07-29T08:30-07:00,5.777777777777778
2022-07-29T08:45-07:00,8.136094674556217
2022-07-29T09:00-07:00,16.417910447761187
2022-07-29T09:15-07:00,6.011730205278587
2022-07-29T09:30-07:00,5.646359583952447
2022-07-29T09:45-07:00,5.834464043419272
2022-07-29T10:00-07:00,9.051724137931034
2022-07-29T10:15-07:00,15.186246418338113
2022-07-29T10:30-07:00,6.906077348066294
2022-07-29T10:45-07:00,10.110803324099727
2022-07-29T11:00-07:00,17.6
2022-07-29T11:15-07:00,10.64467766116941
2022-07-29T11:30-07:00,7.3342736248237
2022-07-29T11:45-07:00,5.945945945945942
2022-07-29T12:00-07:00,1.7496635262449567
2022-07-29T12:15-07:00,6.389301634472516
2022-07-29T12:30-07:00,17.429837518463817
2022-07-29T12:45-07:00,9.467455621301779
2022-07-29T13:00-07:00,6.734992679355789
2022-07-29T13:15-07:00,12.663755458515285
2022-07-29T13:30-07:00,7.792207792207792
2022-07-29T13:45-07:00,14.681440443213301
2022-07-29T14:00-07:00,10.084033613445378
2022-07-29T14:15-07:00,10.36496350364963
2022-07-29T14:30-07:00,8.124076809453475
2022-07-29T14:45-07:00,11.061946902654867
2022-07-29T15:00-07:00,10.62992125984252
2022-07-29T15:15-07:00,10.860927152317885
2022-07-29T15:30-07:00,8.857142857142852
2022-07-29T15:45-07:00,13.256484149855902
2022-07-29T16:00-07:00,12.879884225759763
2022-07-29T16:15-07:00,5.547445255474448
2022-07-29T16:30-07:00,13.574660633484163
2022-07-29T16:45-07:00,11.976047904191612
2022-07-29T17:00-07:00,11.45996860282575
2022-07-29T17:15-07:00,14.473684210526315
2022-07-29T17:30-07:00,13.777777777777779
2022-07-29T17:45-07:00,9.687034277198208
2022-07-29T18:00-07:00,12.824207492795384
2022-07-29T18:15-07:00,3.495440729483278
2022-07-29T18:30-07:00,7.1736011477761785
2022-07-29T18:45-07:00,4.957507082152969
2022-07-29T19:00-07:00,14.718614718614718
2022-07-29T19:15-07:00,18.529862174578874
2022-07-29T19:30-07:00,7.9699248120300705
2022-07-29T19:45-07:00,11.562499999999995
2022-07-29T20:00-07:00,6.952662721893486
2022-07-29T20:15-07:00,12.91866028708134
2022-07-29T20:30-07:00,4.3143297380585555
2022-07-29T20:45-07:00,12.588401697312584
2022-07-29T21:00-07:00,15.527950310559012
2022-07-29T21:15-07:00,15.433070866141728
2022-07-29T21:30-07:00,19.902912621359224
2022-07-29T21:45-07:00,14.285714285714286
2022-07-29T22:00-07:00,12.60623229461756
2022-07-29T22:15-07:00,5.045871559633028
2022-07-29T22:30-07:00,8.358208955223876
2022-07-29T22:45-07:00,19.43127962085308
2022-07-29T23:00-07:00,7.552870090634436
2022-07-29T23:15-07:00,15.88785046728972
2022-07-29T23:30-07:00,13.274336283185841
2022-07-29T23:45-07:00,11.79245283018868
2022-07-30T00:00-07:00,13.673805601317952
2022-07-30T00:15-07:00,10.85972850678733
2022-07-30T00:30-07:00,13.179571663920918
2022-07-30T00:45-07:00,8.16023738872404
2022-07-30T01:00-07:00,14.551083591331274
2022-07-30T01:15-07:00,10.849056603773585
2022-07-30T01:30-07:00,9.95260663507109
2022-07-30T01:45-07:00,17.209302325581394
2022-07-30T02:00-07:00,9.640287769784178
2022-07-30T02:15-07:00,9.57290132547864
2022-07-30T02:30-07:00,9.174311926605505
2022-07-30T02:45-07:00,15.868263473053897
2022-07-30T03:00-07:00,14.864864864864865
2022-07-30T03:15-07:00,9.417040358744394
2022-07-30T03:30-07:00,9.379727685325259
2022-07-30T03:45-07:00,15.419161676646713
2022-07-30T04:00-07:00,8.805970149253726
2022-07-30T04:15-07:00,11.33540372670808
2022-07-30T04:30-07:00,16.589861751152075
2022-07-30T04:45-07:00,4.30906389301634
2022-07-30T05:00-07:00,17.173252279635253
2022-07-30T05:15-07:00,12.55813953488372
2022-07-30T05:30-07:00,12.613981762917927
2022-07-30T05:45-07:00,7.849293563579272
2022-07-30T06:00-07:00,6.323529411764711
2022-07-30T06:15-07:00,15.348837209302326
2022-07-30T06:30-07:00,9.25925925925926
2022-07-30T06:45-07:00,8.757961783439494
2022-07-30T07:00-07:00,20.726172465960662
2022-07-30T07:15-07:00,12.223858615611189
2022-07-30T07:30-07:00,12.5
2022-07-30T07:45-07:00,12.703101920236332
2022-07-30T08:00-07:00,19.713831478537365
2022-07-30T08:15-07:00,6.726457399103139
2022-07-30T08:30-07:00,2.73972602739726
2022-07-30T08:45-07:00,5.485232067510548
2022-07-30T09:00-07:00,19.032258064516135
2022-07-30T09:15-07:00,12.272727272727273
2022-07-30T09:30-07:00,18.731117824773417
2022-07-30T09:45-07:00,12.852664576802514
2022-07-30T10:00-07:00,3.4334763948497855
2022-07-30T10:15-07:00,10.307692307692314
2022-07-30T10:30-07:00,15.074626865671636
2022-07-30T10:45-07:00,13.145539906103286
2022-07-30T11:00-07:00,7.441860465116279
2022-07-30T11:15-07:00,16.27218934911242
2022-07-30T11:30-07:00,8.006042296072502
2022-07-30T11:45-07:00,7.5642965204235955
2022-07-30T12:00-07:00,14.327917282127036
2022-07-30T12:15-07:00,7.4766355140186915
2022-07-30T12:30-07:00,13.62940275650842
2022-07-30T12:45-07:00,10.889570552147234
2022-07-30T13:00-07:00,16.918429003021153
2022-07-30T13:15-07:00,12.957317073170737
2022-07-30T13:30-07:00,13.62275449101797
2022-07-30T13:45-07:00,16.129032258064523
2022-07-30T14:00-07:00,18.34862385321101
2022-07-30T14:15-07:00,2.881844380403454
2022-07-30T14:30-07:00,13.501483679525228
2022-07-30T14:45-07:00,15.813953488372093
2022-07-30T15:00-07:00,6.106870229007638
2022-07-30T15:15-07:00,13.88888888888889
2022-07-30T15:30-07:00,13.537117903930131
2022-07-30T15:45-07:00,9.262166405023542
2022-07-30T16:00-07:00,19.344773790951642
2022-07-30T16:15-07:00,6.11353711790393
2022-07-30T16:30-07:00,15.458937198067632
2022-07-30T16:45-07:00,12.053571428571429
2022-07-30T17:00-07:00,20.56962025316456
2022-07-30T17:15-07:00,9.777777777777779
2022-07-30T17:30-07:00,18.267716535433067
2022-07-30T17:45-07:00,15.246636771300448
2022-07-30T18:00-07:00,15.23500810372772
2022-07-30T18:15-07:00,10.648148148148149
2022-07-30T18:30-07:00,7.865168539325849
2022-07-30T18:45-07:00,8.139534883720925
2022-07-30T19:00-07:00,13.20754716981132
2022-07-30T19:15-07:00,11.682242990654206
2022-07-30T19:30-07:00,18.552036199095024
2022-07-30T19:45-07:00,10.81081081081081
2022-07-30T20:00-07:00,8.411214953271028
2022-07-30T20:15-07:00,10.822510822510823
2022-07-30T20:30-07:00,15.313935681470143
2022-07-30T20:45-07:00,5.663189269746642
2022-07-30T21:00-07:00,9.66767371601209
2022-07-30T21:15-07:00,10.735294117647063
2022-07-30T21:30-07:00,14.903846153846153
2022-07-30T21:45-07:00,16.61585365853659
2022-07-30T22:00-07:00,16.613418530351435
2022-07-30T22:15-07:00,10.78286558345643
2022-07-30T22:30-07:00,6.578947368421052
2022-07-30T22:45-07:00,10.952380952380953
2022-07-30T23:00-07:00,13.476263399693726
2022-07-30T23:15-07:00,13.22580645161291
2022-07-30T23:30-07:00,10.85972850678733
2022-07-30T23:45-07:00,17.95665634674922
2022-07-31T00:00-07:00,6.10795454545455
2022-07-31T00:15-07:00,12.785388127853881
2022-07-31T00:30-07:00,13.322884012539191
2022-07-31T00:45-07:00,9.133126934984515
2022-07-31T01:00-07:00,14.746543778801843
2022-07-31T01:15-07:00,7.87037037037037
2022-07-31T01:30-07:00,5.6521739130434785
2022-07-31T01:45-07:00,20.72072072072072
2022-07-31T02:00-07:00,15.542521994134901
2022-07-31T02:15-07:00,12.071778140293633
2022-07-31T02:30-07:00,13.991163475699553
2022-07-31T02:45-07:00,14.761904761904763
2022-07-31T03:00-07:00,4.782608695652174
2022-07-31T03:15-07:00,19.999999999999996
2022-07-31T03:30-07:00,7.623318385650224
2022-07-31T03:45-07:00,13.819875776397511
2022-07-31T04:00-07:00,12.678288431061802
2022-07-31T04:15-07:00,8.580343213728554
2022-07-31T04:30-07:00,2.722063037249288
2022-07-31T04:45-07:00,13.750000000000004
2022-07-31T05:00-07:00,11.374407582938389
2022-07-31T05:15-07:00,18.902439024390247
2022-07-31T05:30-07:00,5.752212389380531
2022-07-31T05:45-07:00,17.15686274509804
2022-07-31T06:00-07:00,9.618104667609614
2022-07-31T06:15-07:00,17.25806451612903
2022-07-31T06:30-07:00,14.615384615384611
2022-07-31T06:45-07:00,15.805471124620055
2022-07-31T07:00-07:00,9.800918836140893
2022-07-31T07:15-07:00,14.787701317715955
2022-07-31T07:30-07:00,9.807073954983927
2022-07-31T07:45-07:00,4.405286343612334
2022-07-31T08:00-07:00,15.74074074074074
2022-07-31T08:15-07:00,5.429864253393665
2022-07-31T08:30-07:00,10.267857142857142
2022-07-31T08:45-07:00,14.17565485362095
2022-07-31T09:00-07:00,18.571428571428573
2022-07-31T09:15-07:00,9.132420091324201
2022-07-31T09:30-07:00,14.414414414414415
2022-07-31T09:45-07:00,12.025316455696208
2022-07-31T10:00-07:00,11.702127659574463
2022-07-31T10:15-07:00,15.384615384615385
2022-07-31T10:30-07:00,9.13385826771654
2022-07-31T10:45-07:00,13.302752293577981
2022-07-31T11:00-07:00,7.080924855491334
2022-07-31T11:15-07:00,13.283582089552233
2022-07-31T11:30-07:00,13.043478260869565
2022-07-31T11:45-07:00,12.703101920236332
2022-07-31T12:00-07:00,15.74675324675325
2022-07-31T12:15-07:00,13.777777777777779
2022-07-31T12:30-07:00,15.457413249211351
2022-07-31T12:45-07:00,4.0
2022-07-31T13:00-07:00,13.963963963963964
2022-07-31T13:15-07:00,13.971742543171109
2022-07-31T13:30-07:00,8.306709265175725
2022-07-31T13:45-07:00,15.165876777251185
2022-07-31T14:00-07:00,18.89400921658986
2022-07-31T14:15-07:00,16.082802547770694
2022-07-31T14:30-07:00,10.819165378670794
2022-07-31T14:45-07:00,13.392857142857142
2022-07-31T15:00-07:00,9.428129829984549
2022-07-31T15:15-07:00,12.998522895125559
2022-07-31T15:30-07:00,10.55900621118012
2022-07-31T15:45-07:00,10.09957325746799
2022-07-31T16:00-07:00,14.088820826952523
2022-07-31T16:15-07:00,12.442396313364055
2022-07-31T16:30-07:00,13.748191027496377
2022-07-31T16:45-07:00,11.671924290220815
2022-07-31T17:00-07:00,11.51419558359622
2022-07-31T17:15-07:00,13.855421686746983
2022-07-31T17:30-07:00,9.379727685325259
2022-07-31T17:45-07:00,8.668730650154794
2022-07-31T18:00-07:00,12.442396313364055
2022-07-31T18:15-07:00,9.756097560975615
2022-07-31T18:30-07:00,14.21725239616613
2022-07-31T18:45-07:00,15.2073732718894
2022-07-31T19:00-07:00,11.195158850226923
2022-07-31T19:15-07:00,10.889570552147234
2022-07-31T19:30-07:00,6.715328467153289
2022-07-31T19:45-07:00,7.443820224719096
2022-07-31T20:00-07:00,18.934911242603548
2022-07-31T20:15-07:00,5.571847507331373
2022-07-31T20:30-07:00,10.952380952380953
2022-07-31T20:45-07:00,18.54103343465045
2022-07-31T21:00-07:00,8.878504672897197
2022-07-31T21:15-07:00,12.480499219968795
2022-07-31T21:30-07:00,13.62275449101797
2022-07-31T21:45-07:00,19.33438985736925
2022-07-31T22:00-07:00,2.5373134328358167
2022-07-31T22:15-07:00,21.21212121212121
2022-07-31T22:30-07:00,11.297709923664117
2022-07-31T22:45-07:00,15.309446254071666
2022-07-31T23:00-07:00,11.872146118721462
2022-07-31T23:15-07:00,12.612612612612613
2022-07-31T23:30-07:00,16.822429906542055
2022-07-31T23:45-07:00,11.390532544378694
2022-08-01T00:00-07:00,9.601181683899553
